start_pacific,end_pacific,duration_sec,video_id,url
2026-09-06 12:00:10 AM,12:00:53 AM,43,v2866701819,https://www.twitch.tv/videos/2866701819
2026-09-06 12:01:05 AM,12:01:47 AM,42,v2866702232,https://www.twitch.tv/videos/2866702232
2026-09-06 12:01:57 AM,12:02:38 AM,41,v2866702600,https://www.twitch.tv/videos/2866702600
2026-09-06 12:02:50 AM,12:03:29 AM,39,v2866702925,https://www.twitch.tv/videos/2866702925
2026-09-06 12:03:40 AM,12:04:15 AM,35,v2866703297,https://www.twitch.tv/videos/2866703297
2026-09-06 12:04:25 AM,12:04:58 AM,33,v2866703619,https://www.twitch.tv/videos/2866703619
2026-09-06 12:05:09 AM,12:05:41 AM,32,v2866703941,https://www.twitch.tv/videos/2866703941
2026-09-06 12:05:52 AM,12:06:24 AM,32,v2866704223,https://www.twitch.tv/videos/2866704223
2026-09-06 12:06:34 AM,12:07:06 AM,32,v2866704509,https://www.twitch.tv/videos/2866704509
2026-09-06 12:07:16 AM,12:07:52 AM,36,v2866704797,https://www.twitch.tv/videos/2866704797
2026-09-06 12:08:02 AM,12:08:40 AM,38,v2866705085,https://www.twitch.tv/videos/2866705085
2026-09-06 12:08:51 AM,12:09:29 AM,38,v2866705364,https://www.twitch.tv/videos/2866705364
2026-09-06 12:09:40 AM,12:10:18 AM,38,v2866705689,https://www.twitch.tv/videos/2866705689
2026-09-06 12:10:29 AM,12:11:08 AM,39,v2866705995,https://www.twitch.tv/videos/2866705995
2026-09-06 12:11:19 AM,12:11:58 AM,39,v2866706349,https://www.twitch.tv/videos/2866706349
2026-09-06 12:12:08 AM,12:12:45 AM,37,v2866706689,https://www.twitch.tv/videos/2866706689
2026-09-06 12:12:57 AM,12:13:38 AM,41,v2866706978,https://www.twitch.tv/videos/2866706978
2026-09-06 12:13:49 AM,12:14:29 AM,40,v2866707299,https://www.twitch.tv/videos/2866707299
2026-09-06 12:14:40 AM,12:15:20 AM,40,v2866707631,https://www.twitch.tv/videos/2866707631
2026-09-06 12:15:31 AM,12:16:10 AM,39,v2866707919,https://www.twitch.tv/videos/2866707919
2026-09-06 12:16:21 AM,12:17:02 AM,41,v2866708207,https://www.twitch.tv/videos/2866708207
2026-09-06 12:17:12 AM,12:17:49 AM,37,v2866708509,https://www.twitch.tv/videos/2866708509
2026-09-06 12:18:01 AM,12:18:38 AM,37,v2866708840,https://www.twitch.tv/videos/2866708840
2026-09-06 12:18:49 AM,12:19:29 AM,40,v2866709199,https://www.twitch.tv/videos/2866709199
2026-09-06 12:19:40 AM,12:20:18 AM,38,v2866709544,https://www.twitch.tv/videos/2866709544
2026-09-06 12:20:28 AM,12:21:02 AM,34,v2866709819,https://www.twitch.tv/videos/2866709819
2026-09-06 12:21:13 AM,12:21:46 AM,33,v2866710100,https://www.twitch.tv/videos/2866710100
2026-09-06 12:21:57 AM,12:22:30 AM,33,v2866710360,https://www.twitch.tv/videos/2866710360
2026-09-06 12:22:40 AM,12:23:13 AM,33,v2866710620,https://www.twitch.tv/videos/2866710620
2026-09-06 12:23:24 AM,12:24:04 AM,40,v2866710888,https://www.twitch.tv/videos/2866710888
2026-09-06 12:24:15 AM,12:24:51 AM,36,v2866711198,https://www.twitch.tv/videos/2866711198
2026-09-06 12:25:01 AM,12:25:37 AM,36,v2866711496,https://www.twitch.tv/videos/2866711496
2026-09-06 12:25:48 AM,12:26:34 AM,46,v2866711835,https://www.twitch.tv/videos/2866711835
2026-09-06 12:26:46 AM,12:27:34 AM,48,v2866712233,https://www.twitch.tv/videos/2866712233
2026-09-06 12:27:45 AM,12:28:31 AM,46,v2866712615,https://www.twitch.tv/videos/2866712615
2026-09-06 12:28:43 AM,12:29:30 AM,47,v2866712980,https://www.twitch.tv/videos/2866712980
2026-09-06 12:29:41 AM,12:30:29 AM,48,v2866713328,https://www.twitch.tv/videos/2866713328
2026-09-06 12:30:40 AM,12:31:28 AM,48,v2866713734,https://www.twitch.tv/videos/2866713734
2026-09-06 12:31:39 AM,12:32:22 AM,43,v2866714140,https://www.twitch.tv/videos/2866714140
2026-09-06 12:32:33 AM,12:33:09 AM,36,v2866714507,https://www.twitch.tv/videos/2866714507
2026-09-06 12:33:19 AM,12:33:55 AM,36,v2866714830,https://www.twitch.tv/videos/2866714830
2026-09-06 12:34:06 AM,12:34:51 AM,45,v2866715095,https://www.twitch.tv/videos/2866715095
2026-09-06 12:35:02 AM,12:35:48 AM,46,v2866715413,https://www.twitch.tv/videos/2866715413
2026-09-06 12:35:58 AM,12:36:43 AM,45,v2866715799,https://www.twitch.tv/videos/2866715799
2026-09-06 12:36:55 AM,12:37:39 AM,44,v2866716134,https://www.twitch.tv/videos/2866716134
2026-09-06 12:37:50 AM,12:38:42 AM,52,v2866716464,https://www.twitch.tv/videos/2866716464
2026-09-06 12:38:53 AM,12:39:43 AM,50,v2866716850,https://www.twitch.tv/videos/2866716850
2026-09-06 12:39:54 AM,12:40:46 AM,52,v2866717253,https://www.twitch.tv/videos/2866717253
2026-09-06 12:40:57 AM,12:41:49 AM,52,v2866717712,https://www.twitch.tv/videos/2866717712
2026-09-06 12:42:00 AM,12:42:55 AM,55,v2866718092,https://www.twitch.tv/videos/2866718092
2026-09-06 12:43:06 AM,12:44:04 AM,58,v2866718495,https://www.twitch.tv/videos/2866718495
2026-09-06 12:44:16 AM,12:45:06 AM,50,v2866718885,https://www.twitch.tv/videos/2866718885
2026-09-06 12:45:18 AM,12:46:10 AM,52,v2866719234,https://www.twitch.tv/videos/2866719234
2026-09-06 12:46:21 AM,12:47:13 AM,52,v2866719642,https://www.twitch.tv/videos/2866719642
2026-09-06 12:47:24 AM,12:48:05 AM,41,v2866720053,https://www.twitch.tv/videos/2866720053
2026-09-06 12:48:16 AM,12:48:57 AM,41,v2866720368,https://www.twitch.tv/videos/2866720368
2026-09-06 12:49:08 AM,12:49:44 AM,36,v2866720674,https://www.twitch.tv/videos/2866720674
2026-09-06 12:49:55 AM,12:50:28 AM,33,v2866720947,https://www.twitch.tv/videos/2866720947
2026-09-06 12:50:38 AM,12:51:09 AM,31,v2866721205,https://www.twitch.tv/videos/2866721205
2026-09-06 12:51:21 AM,12:51:52 AM,31,v2866721480,https://www.twitch.tv/videos/2866721480
2026-09-06 12:52:02 AM,12:52:33 AM,31,v2866721750,https://www.twitch.tv/videos/2866721750
2026-09-06 12:52:44 AM,12:53:15 AM,31,v2866722008,https://www.twitch.tv/videos/2866722008
2026-09-06 12:53:26 AM,12:54:04 AM,38,v2866722288,https://www.twitch.tv/videos/2866722288
2026-09-06 12:54:14 AM,12:54:52 AM,38,v2866722629,https://www.twitch.tv/videos/2866722629
2026-09-06 12:55:03 AM,12:55:42 AM,39,v2866722965,https://www.twitch.tv/videos/2866722965
2026-09-06 12:55:53 AM,12:56:33 AM,40,v2866723257,https://www.twitch.tv/videos/2866723257
2026-09-06 12:56:43 AM,12:57:22 AM,39,v2866723603,https://www.twitch.tv/videos/2866723603
2026-09-06 12:57:33 AM,12:58:14 AM,41,v2866723953,https://www.twitch.tv/videos/2866723953
2026-09-06 12:58:25 AM,12:59:06 AM,41,v2866724282,https://www.twitch.tv/videos/2866724282
2026-09-06 12:59:17 AM,01:00:00 AM,43,v2866724647,https://www.twitch.tv/videos/2866724647
2026-09-06 01:00:11 AM,01:00:54 AM,43,v2866725115,https://www.twitch.tv/videos/2866725115
2026-09-06 01:01:06 AM,01:01:44 AM,38,v2866725610,https://www.twitch.tv/videos/2866725610
2026-09-06 01:01:55 AM,01:02:35 AM,40,v2866725976,https://www.twitch.tv/videos/2866725976
2026-09-06 01:02:45 AM,01:03:24 AM,39,v2866726323,https://www.twitch.tv/videos/2866726323
2026-09-06 01:03:35 AM,01:04:14 AM,39,v2866726654,https://www.twitch.tv/videos/2866726654
2026-09-06 01:04:25 AM,01:05:07 AM,42,v2866726966,https://www.twitch.tv/videos/2866726966
2026-09-06 01:05:18 AM,01:05:57 AM,39,v2866727318,https://www.twitch.tv/videos/2866727318
2026-09-06 01:06:09 AM,01:06:48 AM,39,v2866727657,https://www.twitch.tv/videos/2866727657
2026-09-06 01:06:59 AM,01:07:39 AM,40,v2866728002,https://www.twitch.tv/videos/2866728002
2026-09-06 01:07:50 AM,01:08:28 AM,38,v2866728356,https://www.twitch.tv/videos/2866728356
2026-09-06 01:08:38 AM,01:09:15 AM,37,v2866728675,https://www.twitch.tv/videos/2866728675
2026-09-06 01:09:26 AM,01:10:04 AM,38,v2866728957,https://www.twitch.tv/videos/2866728957
2026-09-06 01:10:14 AM,01:10:48 AM,34,v2866729269,https://www.twitch.tv/videos/2866729269
2026-09-06 01:10:59 AM,01:11:31 AM,32,v2866729565,https://www.twitch.tv/videos/2866729565
2026-09-06 01:11:41 AM,01:12:13 AM,32,v2866729836,https://www.twitch.tv/videos/2866729836
2026-09-06 01:12:24 AM,01:13:00 AM,36,v2866730072,https://www.twitch.tv/videos/2866730072
2026-09-06 01:13:11 AM,01:13:47 AM,36,v2866730397,https://www.twitch.tv/videos/2866730397
2026-09-06 01:13:58 AM,01:14:34 AM,36,v2866730691,https://www.twitch.tv/videos/2866730691
2026-09-06 01:14:44 AM,01:15:20 AM,36,v2866731011,https://www.twitch.tv/videos/2866731011
2026-09-06 01:15:31 AM,01:16:07 AM,36,v2866731341,https://www.twitch.tv/videos/2866731341
2026-09-06 01:16:19 AM,01:16:53 AM,34,v2866731632,https://www.twitch.tv/videos/2866731632
2026-09-06 01:17:04 AM,01:17:38 AM,34,v2866731929,https://www.twitch.tv/videos/2866731929
2026-09-06 01:17:49 AM,01:18:24 AM,35,v2866732226,https://www.twitch.tv/videos/2866732226
2026-09-06 01:18:35 AM,01:19:10 AM,35,v2866732492,https://www.twitch.tv/videos/2866732492
2026-09-06 01:19:22 AM,01:19:59 AM,37,v2866732767,https://www.twitch.tv/videos/2866732767
2026-09-06 01:20:09 AM,01:20:44 AM,35,v2866733060,https://www.twitch.tv/videos/2866733060
2026-09-06 01:20:55 AM,01:21:29 AM,34,v2866733374,https://www.twitch.tv/videos/2866733374
2026-09-06 01:21:40 AM,01:22:16 AM,36,v2866733692,https://www.twitch.tv/videos/2866733692
2026-09-06 01:22:27 AM,01:23:03 AM,36,v2866734016,https://www.twitch.tv/videos/2866734016
2026-09-06 01:23:13 AM,01:23:48 AM,35,v2866734301,https://www.twitch.tv/videos/2866734301
2026-09-06 01:23:59 AM,01:24:36 AM,37,v2866734581,https://www.twitch.tv/videos/2866734581
2026-09-06 01:24:46 AM,01:25:23 AM,37,v2866734864,https://www.twitch.tv/videos/2866734864
2026-09-06 01:25:34 AM,01:26:07 AM,33,v2866735148,https://www.twitch.tv/videos/2866735148
2026-09-06 01:26:17 AM,01:26:51 AM,34,v2866735389,https://www.twitch.tv/videos/2866735389
2026-09-06 01:27:02 AM,01:27:36 AM,34,v2866735662,https://www.twitch.tv/videos/2866735662
2026-09-06 01:27:47 AM,01:28:18 AM,31,v2866735969,https://www.twitch.tv/videos/2866735969
2026-09-06 01:28:29 AM,01:29:00 AM,31,v2866736231,https://www.twitch.tv/videos/2866736231
2026-09-06 01:29:11 AM,01:29:45 AM,34,v2866736550,https://www.twitch.tv/videos/2866736550
2026-09-06 01:29:56 AM,01:30:28 AM,32,v2866736820,https://www.twitch.tv/videos/2866736820
2026-09-06 01:30:39 AM,01:31:10 AM,31,v2866737108,https://www.twitch.tv/videos/2866737108
2026-09-06 01:31:21 AM,01:31:54 AM,33,v2866737402,https://www.twitch.tv/videos/2866737402
2026-09-06 01:32:04 AM,01:32:37 AM,33,v2866737668,https://www.twitch.tv/videos/2866737668
2026-09-06 01:32:47 AM,01:33:19 AM,32,v2866737921,https://www.twitch.tv/videos/2866737921
2026-09-06 01:33:30 AM,01:34:03 AM,33,v2866738181,https://www.twitch.tv/videos/2866738181
2026-09-06 01:34:13 AM,01:34:45 AM,32,v2866738434,https://www.twitch.tv/videos/2866738434
2026-09-06 01:34:56 AM,01:35:27 AM,31,v2866738721,https://www.twitch.tv/videos/2866738721
2026-09-06 01:35:38 AM,01:36:08 AM,30,v2866739011,https://www.twitch.tv/videos/2866739011
2026-09-06 01:36:18 AM,01:36:50 AM,32,v2866739283,https://www.twitch.tv/videos/2866739283
2026-09-06 01:37:01 AM,01:37:34 AM,33,v2866739540,https://www.twitch.tv/videos/2866739540
2026-09-06 01:37:45 AM,01:38:16 AM,31,v2866739771,https://www.twitch.tv/videos/2866739771
2026-09-06 01:38:27 AM,01:38:58 AM,31,v2866740031,https://www.twitch.tv/videos/2866740031
2026-09-06 01:39:08 AM,01:39:38 AM,30,v2866740276,https://www.twitch.tv/videos/2866740276
2026-09-06 01:39:49 AM,01:40:20 AM,31,v2866740487,https://www.twitch.tv/videos/2866740487
2026-09-06 01:40:30 AM,01:41:00 AM,30,v2866740735,https://www.twitch.tv/videos/2866740735
2026-09-06 01:41:11 AM,01:41:42 AM,31,v2866740989,https://www.twitch.tv/videos/2866740989
2026-09-06 01:41:53 AM,01:42:26 AM,33,v2866741248,https://www.twitch.tv/videos/2866741248
2026-09-06 01:42:36 AM,01:43:07 AM,31,v2866741535,https://www.twitch.tv/videos/2866741535
2026-09-06 01:43:17 AM,01:43:47 AM,30,v2866741795,https://www.twitch.tv/videos/2866741795
2026-09-06 01:43:58 AM,01:44:29 AM,31,v2866742013,https://www.twitch.tv/videos/2866742013
2026-09-06 01:44:41 AM,01:45:14 AM,33,v2866742271,https://www.twitch.tv/videos/2866742271
2026-09-06 01:45:25 AM,01:46:01 AM,36,v2866742554,https://www.twitch.tv/videos/2866742554
2026-09-06 01:46:11 AM,01:46:44 AM,33,v2866742835,https://www.twitch.tv/videos/2866742835
2026-09-06 01:46:56 AM,01:47:32 AM,36,v2866743086,https://www.twitch.tv/videos/2866743086
2026-09-06 01:47:43 AM,01:48:16 AM,33,v2866743385,https://www.twitch.tv/videos/2866743385
2026-09-06 01:48:26 AM,01:49:00 AM,34,v2866743672,https://www.twitch.tv/videos/2866743672
2026-09-06 01:49:11 AM,01:49:46 AM,35,v2866743975,https://www.twitch.tv/videos/2866743975
2026-09-06 01:49:57 AM,01:50:31 AM,34,v2866744272,https://www.twitch.tv/videos/2866744272
2026-09-06 01:50:42 AM,01:51:12 AM,30,v2866744582,https://www.twitch.tv/videos/2866744582
2026-09-06 01:51:22 AM,01:51:49 AM,27,v2866744792,https://www.twitch.tv/videos/2866744792
2026-09-06 01:52:00 AM,01:52:26 AM,26,v2866745036,https://www.twitch.tv/videos/2866745036
2026-09-06 01:52:37 AM,01:53:01 AM,24,v2866745268,https://www.twitch.tv/videos/2866745268
2026-09-06 01:53:12 AM,01:53:39 AM,27,v2866745493,https://www.twitch.tv/videos/2866745493
2026-09-06 01:53:49 AM,01:54:16 AM,27,v2866745710,https://www.twitch.tv/videos/2866745710
2026-09-06 01:54:26 AM,01:54:52 AM,26,v2866745933,https://www.twitch.tv/videos/2866745933
2026-09-06 01:55:02 AM,01:55:28 AM,26,v2866746186,https://www.twitch.tv/videos/2866746186
2026-09-06 01:55:39 AM,01:56:05 AM,26,v2866746445,https://www.twitch.tv/videos/2866746445
2026-09-06 01:56:15 AM,01:56:42 AM,27,v2866746721,https://www.twitch.tv/videos/2866746721
2026-09-06 01:56:53 AM,01:57:23 AM,30,v2866747003,https://www.twitch.tv/videos/2866747003
2026-09-06 01:57:34 AM,01:58:05 AM,31,v2866747298,https://www.twitch.tv/videos/2866747298
2026-09-06 01:58:15 AM,01:58:49 AM,34,v2866747577,https://www.twitch.tv/videos/2866747577
2026-09-06 01:59:00 AM,01:59:37 AM,37,v2866747902,https://www.twitch.tv/videos/2866747902
2026-09-06 01:59:48 AM,02:00:24 AM,36,v2866748263,https://www.twitch.tv/videos/2866748263
2026-09-06 02:00:35 AM,02:01:10 AM,35,v2866748715,https://www.twitch.tv/videos/2866748715
2026-09-06 02:01:21 AM,02:01:57 AM,36,v2866749081,https://www.twitch.tv/videos/2866749081
2026-09-06 02:02:08 AM,02:02:46 AM,38,v2866749435,https://www.twitch.tv/videos/2866749435
2026-09-06 02:02:57 AM,02:03:35 AM,38,v2866749784,https://www.twitch.tv/videos/2866749784
2026-09-06 02:03:45 AM,02:04:21 AM,36,v2866750151,https://www.twitch.tv/videos/2866750151
2026-09-06 02:04:32 AM,02:05:09 AM,37,v2866750470,https://www.twitch.tv/videos/2866750470
2026-09-06 02:05:20 AM,02:05:57 AM,37,v2866750788,https://www.twitch.tv/videos/2866750788
2026-09-06 02:06:07 AM,02:06:46 AM,39,v2866751091,https://www.twitch.tv/videos/2866751091
2026-09-06 02:06:57 AM,02:07:37 AM,40,v2866751389,https://www.twitch.tv/videos/2866751389
2026-09-06 02:07:48 AM,02:08:26 AM,38,v2866751745,https://www.twitch.tv/videos/2866751745
2026-09-06 02:08:37 AM,02:09:16 AM,39,v2866752040,https://www.twitch.tv/videos/2866752040
2026-09-06 02:09:26 AM,02:10:04 AM,38,v2866752391,https://www.twitch.tv/videos/2866752391
2026-09-06 02:10:15 AM,02:10:53 AM,38,v2866752696,https://www.twitch.tv/videos/2866752696
2026-09-06 02:11:04 AM,02:11:42 AM,38,v2866753058,https://www.twitch.tv/videos/2866753058
2026-09-06 02:11:53 AM,02:12:25 AM,32,v2866753403,https://www.twitch.tv/videos/2866753403
2026-09-06 02:12:36 AM,02:13:05 AM,29,v2866753687,https://www.twitch.tv/videos/2866753687
2026-09-06 02:13:16 AM,02:13:45 AM,29,v2866753951,https://www.twitch.tv/videos/2866753951
2026-09-06 02:13:56 AM,02:14:26 AM,30,v2866754221,https://www.twitch.tv/videos/2866754221
2026-09-06 02:14:37 AM,02:15:06 AM,29,v2866754452,https://www.twitch.tv/videos/2866754452
2026-09-06 02:15:17 AM,02:15:48 AM,31,v2866754735,https://www.twitch.tv/videos/2866754735
2026-09-06 02:15:58 AM,02:16:29 AM,31,v2866755014,https://www.twitch.tv/videos/2866755014
2026-09-06 02:16:40 AM,02:17:13 AM,33,v2866755281,https://www.twitch.tv/videos/2866755281
2026-09-06 02:17:23 AM,02:17:55 AM,32,v2866755589,https://www.twitch.tv/videos/2866755589
2026-09-06 02:18:05 AM,02:18:36 AM,31,v2866755874,https://www.twitch.tv/videos/2866755874
2026-09-06 02:18:47 AM,02:19:20 AM,33,v2866756136,https://www.twitch.tv/videos/2866756136
2026-09-06 02:19:31 AM,02:20:06 AM,35,v2866756429,https://www.twitch.tv/videos/2866756429
2026-09-06 02:20:17 AM,02:20:54 AM,37,v2866756742,https://www.twitch.tv/videos/2866756742
2026-09-06 02:21:04 AM,02:21:41 AM,37,v2866757025,https://www.twitch.tv/videos/2866757025
2026-09-06 02:21:52 AM,02:22:27 AM,35,v2866757340,https://www.twitch.tv/videos/2866757340
2026-09-06 02:22:38 AM,02:23:09 AM,31,v2866757606,https://www.twitch.tv/videos/2866757606
2026-09-06 02:23:21 AM,02:23:53 AM,32,v2866757871,https://www.twitch.tv/videos/2866757871
2026-09-06 02:24:03 AM,02:24:35 AM,32,v2866758184,https://www.twitch.tv/videos/2866758184
2026-09-06 02:24:46 AM,02:25:17 AM,31,v2866758462,https://www.twitch.tv/videos/2866758462
2026-09-06 02:25:28 AM,02:25:59 AM,31,v2866758749,https://www.twitch.tv/videos/2866758749
2026-09-06 02:26:09 AM,02:26:38 AM,29,v2866759025,https://www.twitch.tv/videos/2866759025
2026-09-06 02:26:48 AM,02:27:16 AM,28,v2866759256,https://www.twitch.tv/videos/2866759256
2026-09-06 02:27:27 AM,02:27:56 AM,29,v2866759519,https://www.twitch.tv/videos/2866759519
2026-09-06 02:28:07 AM,02:28:37 AM,30,v2866759781,https://www.twitch.tv/videos/2866759781
2026-09-06 02:28:48 AM,02:29:18 AM,30,v2866759994,https://www.twitch.tv/videos/2866759994
2026-09-06 02:29:29 AM,02:29:59 AM,30,v2866760254,https://www.twitch.tv/videos/2866760254
2026-09-06 02:30:10 AM,02:30:42 AM,32,v2866760548,https://www.twitch.tv/videos/2866760548
2026-09-06 02:30:53 AM,02:31:30 AM,37,v2866760834,https://www.twitch.tv/videos/2866760834
2026-09-06 02:31:41 AM,02:32:19 AM,38,v2866761208,https://www.twitch.tv/videos/2866761208
2026-09-06 02:32:29 AM,02:33:06 AM,37,v2866761572,https://www.twitch.tv/videos/2866761572
2026-09-06 02:33:17 AM,02:33:54 AM,37,v2866761902,https://www.twitch.tv/videos/2866761902
2026-09-06 02:34:05 AM,02:34:42 AM,37,v2866762204,https://www.twitch.tv/videos/2866762204
2026-09-06 02:34:52 AM,02:35:27 AM,35,v2866762450,https://www.twitch.tv/videos/2866762450
2026-09-06 02:35:38 AM,02:36:15 AM,37,v2866762701,https://www.twitch.tv/videos/2866762701
2026-09-06 02:36:27 AM,02:37:05 AM,38,v2866763027,https://www.twitch.tv/videos/2866763027
2026-09-06 02:37:15 AM,02:37:48 AM,33,v2866763333,https://www.twitch.tv/videos/2866763333
2026-09-06 02:37:58 AM,02:38:30 AM,32,v2866763629,https://www.twitch.tv/videos/2866763629
2026-09-06 02:38:41 AM,02:39:15 AM,34,v2866763907,https://www.twitch.tv/videos/2866763907
2026-09-06 02:39:26 AM,02:40:00 AM,34,v2866764194,https://www.twitch.tv/videos/2866764194
2026-09-06 02:40:12 AM,02:40:47 AM,35,v2866764474,https://www.twitch.tv/videos/2866764474
2026-09-06 02:40:58 AM,02:41:38 AM,40,v2866764764,https://www.twitch.tv/videos/2866764764
2026-09-06 02:41:49 AM,02:42:31 AM,42,v2866765079,https://www.twitch.tv/videos/2866765079
2026-09-06 02:42:42 AM,02:43:22 AM,40,v2866765393,https://www.twitch.tv/videos/2866765393
2026-09-06 02:43:32 AM,02:44:09 AM,37,v2866765725,https://www.twitch.tv/videos/2866765725
2026-09-06 02:44:20 AM,02:44:57 AM,37,v2866766012,https://www.twitch.tv/videos/2866766012
2026-09-06 02:45:08 AM,02:45:45 AM,37,v2866766360,https://www.twitch.tv/videos/2866766360
2026-09-06 02:45:56 AM,02:46:34 AM,38,v2866766704,https://www.twitch.tv/videos/2866766704
2026-09-06 02:46:45 AM,02:47:22 AM,37,v2866767024,https://www.twitch.tv/videos/2866767024
2026-09-06 02:47:33 AM,02:48:07 AM,34,v2866767341,https://www.twitch.tv/videos/2866767341
2026-09-06 02:48:18 AM,02:48:49 AM,31,v2866767643,https://www.twitch.tv/videos/2866767643
2026-09-06 02:49:00 AM,02:49:32 AM,32,v2866767905,https://www.twitch.tv/videos/2866767905
2026-09-06 02:49:43 AM,02:50:17 AM,34,v2866768139,https://www.twitch.tv/videos/2866768139
2026-09-06 02:50:28 AM,02:51:02 AM,34,v2866768443,https://www.twitch.tv/videos/2866768443
2026-09-06 02:51:13 AM,02:51:50 AM,37,v2866768765,https://www.twitch.tv/videos/2866768765
2026-09-06 02:52:00 AM,02:52:37 AM,37,v2866769087,https://www.twitch.tv/videos/2866769087
2026-09-06 02:52:49 AM,02:53:27 AM,38,v2866769409,https://www.twitch.tv/videos/2866769409
2026-09-06 02:53:37 AM,02:54:14 AM,37,v2866769737,https://www.twitch.tv/videos/2866769737
2026-09-06 02:54:25 AM,02:55:02 AM,37,v2866770072,https://www.twitch.tv/videos/2866770072
2026-09-06 02:55:13 AM,02:55:52 AM,39,v2866770431,https://www.twitch.tv/videos/2866770431
2026-09-06 03:44:31 AM,03:44:44 AM,13,v2866791802,https://www.twitch.tv/videos/2866791802
2026-09-06 03:44:54 AM,03:45:07 AM,13,v2866791989,https://www.twitch.tv/videos/2866791989
2026-09-06 03:45:16 AM,03:45:34 AM,18,v2866792143,https://www.twitch.tv/videos/2866792143
2026-09-06 03:45:44 AM,03:46:07 AM,23,v2866792320,https://www.twitch.tv/videos/2866792320
2026-09-06 03:46:17 AM,03:46:40 AM,23,v2866792566,https://www.twitch.tv/videos/2866792566
2026-09-06 03:46:49 AM,03:47:15 AM,26,v2866792809,https://www.twitch.tv/videos/2866792809
2026-09-06 03:47:26 AM,03:47:59 AM,33,v2866793079,https://www.twitch.tv/videos/2866793079
2026-09-06 03:48:09 AM,03:48:46 AM,37,v2866793384,https://www.twitch.tv/videos/2866793384
2026-09-06 03:48:56 AM,03:49:39 AM,43,v2866793749,https://www.twitch.tv/videos/2866793749
2026-09-06 03:49:50 AM,03:50:40 AM,50,v2866794146,https://www.twitch.tv/videos/2866794146
2026-09-06 03:50:50 AM,03:51:39 AM,49,v2866794628,https://www.twitch.tv/videos/2866794628
2026-09-06 03:51:50 AM,03:52:32 AM,42,v2866795142,https://www.twitch.tv/videos/2866795142
2026-09-06 03:52:44 AM,03:53:27 AM,43,v2866795501,https://www.twitch.tv/videos/2866795501
2026-09-06 03:53:37 AM,03:54:22 AM,45,v2866795856,https://www.twitch.tv/videos/2866795856
2026-09-06 03:54:33 AM,03:55:16 AM,43,v2866796299,https://www.twitch.tv/videos/2866796299
2026-09-06 03:55:26 AM,03:56:05 AM,39,v2866796752,https://www.twitch.tv/videos/2866796752
2026-09-06 03:56:16 AM,03:56:53 AM,37,v2866797167,https://www.twitch.tv/videos/2866797167
2026-09-06 03:57:03 AM,03:57:41 AM,38,v2866797565,https://www.twitch.tv/videos/2866797565
2026-09-06 03:57:52 AM,03:58:28 AM,36,v2866797936,https://www.twitch.tv/videos/2866797936
2026-09-06 03:58:39 AM,03:59:15 AM,36,v2866798357,https://www.twitch.tv/videos/2866798357
2026-09-06 03:59:26 AM,04:00:13 AM,47,v2866798741,https://www.twitch.tv/videos/2866798741
2026-09-06 04:00:24 AM,04:01:12 AM,48,v2866799413,https://www.twitch.tv/videos/2866799413
2026-09-06 04:01:22 AM,04:02:06 AM,44,v2866800051,https://www.twitch.tv/videos/2866800051
2026-09-06 04:02:17 AM,04:03:06 AM,49,v2866800600,https://www.twitch.tv/videos/2866800600
2026-09-06 04:03:17 AM,04:04:08 AM,51,v2866801188,https://www.twitch.tv/videos/2866801188
2026-09-06 04:04:19 AM,04:05:09 AM,50,v2866801726,https://www.twitch.tv/videos/2866801726
2026-09-06 04:05:19 AM,04:06:09 AM,50,v2866802205,https://www.twitch.tv/videos/2866802205
2026-09-06 04:06:20 AM,04:06:57 AM,37,v2866802725,https://www.twitch.tv/videos/2866802725
2026-09-06 04:07:08 AM,04:07:47 AM,39,v2866803133,https://www.twitch.tv/videos/2866803133
2026-09-06 04:07:57 AM,04:08:34 AM,37,v2866803544,https://www.twitch.tv/videos/2866803544
2026-09-06 04:08:44 AM,04:09:22 AM,38,v2866803925,https://www.twitch.tv/videos/2866803925
2026-09-06 04:09:33 AM,04:10:11 AM,38,v2866804332,https://www.twitch.tv/videos/2866804332
2026-09-06 04:10:22 AM,04:11:13 AM,51,v2866804748,https://www.twitch.tv/videos/2866804748
2026-09-06 04:11:24 AM,04:12:16 AM,52,v2866805237,https://www.twitch.tv/videos/2866805237
2026-09-06 04:12:26 AM,04:13:20 AM,54,v2866805751,https://www.twitch.tv/videos/2866805751
2026-09-06 04:13:32 AM,04:14:25 AM,53,v2866806252,https://www.twitch.tv/videos/2866806252
2026-09-06 04:14:36 AM,04:15:28 AM,52,v2866806709,https://www.twitch.tv/videos/2866806709
2026-09-06 04:15:38 AM,04:16:30 AM,52,v2866807196,https://www.twitch.tv/videos/2866807196
2026-09-06 04:16:41 AM,04:17:19 AM,38,v2866807702,https://www.twitch.tv/videos/2866807702
2026-09-06 04:17:29 AM,04:18:06 AM,37,v2866808092,https://www.twitch.tv/videos/2866808092
2026-09-06 04:18:17 AM,04:18:52 AM,35,v2866808482,https://www.twitch.tv/videos/2866808482
2026-09-06 04:19:02 AM,04:19:36 AM,34,v2866808791,https://www.twitch.tv/videos/2866808791
2026-09-06 04:19:47 AM,04:20:23 AM,36,v2866809137,https://www.twitch.tv/videos/2866809137
2026-09-06 04:20:33 AM,04:21:12 AM,39,v2866809465,https://www.twitch.tv/videos/2866809465
2026-09-06 04:21:23 AM,04:22:06 AM,43,v2866809837,https://www.twitch.tv/videos/2866809837
2026-09-06 04:22:17 AM,04:23:03 AM,46,v2866810246,https://www.twitch.tv/videos/2866810246
2026-09-06 04:23:13 AM,04:23:56 AM,43,v2866810717,https://www.twitch.tv/videos/2866810717
2026-09-06 04:24:07 AM,04:24:51 AM,44,v2866811131,https://www.twitch.tv/videos/2866811131
2026-09-06 04:25:01 AM,04:25:47 AM,46,v2866811565,https://www.twitch.tv/videos/2866811565
2026-09-06 04:25:58 AM,04:26:48 AM,50,v2866812013,https://www.twitch.tv/videos/2866812013
2026-09-06 04:26:59 AM,04:27:48 AM,49,v2866812512,https://www.twitch.tv/videos/2866812512
2026-09-06 04:27:59 AM,04:28:40 AM,41,v2866812991,https://www.twitch.tv/videos/2866812991
2026-09-06 04:28:50 AM,04:29:27 AM,37,v2866813400,https://www.twitch.tv/videos/2866813400
2026-09-06 04:29:38 AM,04:30:16 AM,38,v2866813783,https://www.twitch.tv/videos/2866813783
2026-09-06 04:30:26 AM,04:31:12 AM,46,v2866814223,https://www.twitch.tv/videos/2866814223
2026-09-06 04:31:23 AM,04:32:07 AM,44,v2866814763,https://www.twitch.tv/videos/2866814763
2026-09-06 04:32:17 AM,04:33:03 AM,46,v2866815231,https://www.twitch.tv/videos/2866815231
2026-09-06 04:33:14 AM,04:34:01 AM,47,v2866815671,https://www.twitch.tv/videos/2866815671
2026-09-06 04:34:12 AM,04:35:00 AM,48,v2866816105,https://www.twitch.tv/videos/2866816105
2026-09-06 04:35:10 AM,04:35:59 AM,49,v2866816558,https://www.twitch.tv/videos/2866816558
2026-09-06 04:36:10 AM,04:37:00 AM,50,v2866817017,https://www.twitch.tv/videos/2866817017
2026-09-06 04:37:11 AM,04:37:55 AM,44,v2866817497,https://www.twitch.tv/videos/2866817497
2026-09-06 04:38:06 AM,04:38:50 AM,44,v2866817953,https://www.twitch.tv/videos/2866817953
2026-09-06 04:39:00 AM,04:39:44 AM,44,v2866818365,https://www.twitch.tv/videos/2866818365
2026-09-06 04:39:55 AM,04:40:44 AM,49,v2866818804,https://www.twitch.tv/videos/2866818804
2026-09-06 04:40:55 AM,04:41:46 AM,51,v2866819308,https://www.twitch.tv/videos/2866819308
2026-09-06 04:41:57 AM,04:42:48 AM,51,v2866819793,https://www.twitch.tv/videos/2866819793
2026-09-06 04:43:00 AM,04:44:08 AM,68,v2866820318,https://www.twitch.tv/videos/2866820318
2026-09-06 04:44:20 AM,04:45:29 AM,69,v2866820977,https://www.twitch.tv/videos/2866820977
2026-09-06 04:45:41 AM,04:46:48 AM,67,v2866821661,https://www.twitch.tv/videos/2866821661
2026-09-06 04:46:59 AM,04:47:56 AM,57,v2866822302,https://www.twitch.tv/videos/2866822302
2026-09-06 04:48:06 AM,04:49:07 AM,61,v2866822878,https://www.twitch.tv/videos/2866822878
2026-09-06 04:49:19 AM,04:50:17 AM,58,v2866823420,https://www.twitch.tv/videos/2866823420
2026-09-06 04:50:28 AM,04:51:11 AM,43,v2866824013,https://www.twitch.tv/videos/2866824013
2026-09-06 04:51:21 AM,04:52:01 AM,40,v2866824522,https://www.twitch.tv/videos/2866824522
2026-09-06 04:52:13 AM,04:52:56 AM,43,v2866824976,https://www.twitch.tv/videos/2866824976
2026-09-06 04:53:06 AM,04:53:49 AM,43,v2866825399,https://www.twitch.tv/videos/2866825399
2026-09-06 04:54:00 AM,04:54:37 AM,37,v2866825849,https://www.twitch.tv/videos/2866825849
2026-09-06 04:54:47 AM,04:55:24 AM,37,v2866826273,https://www.twitch.tv/videos/2866826273
2026-09-06 04:55:34 AM,04:56:11 AM,37,v2866826716,https://www.twitch.tv/videos/2866826716
2026-09-06 04:56:21 AM,04:56:55 AM,34,v2866827199,https://www.twitch.tv/videos/2866827199
2026-09-06 04:57:06 AM,04:57:41 AM,35,v2866827647,https://www.twitch.tv/videos/2866827647
2026-09-06 04:57:51 AM,04:58:26 AM,35,v2866828094,https://www.twitch.tv/videos/2866828094
2026-09-06 04:58:36 AM,04:59:07 AM,31,v2866828599,https://www.twitch.tv/videos/2866828599
2026-09-06 04:59:18 AM,04:59:49 AM,31,v2866829088,https://www.twitch.tv/videos/2866829088
2026-09-06 04:59:59 AM,05:00:34 AM,35,v2866829585,https://www.twitch.tv/videos/2866829585
2026-09-06 05:00:45 AM,05:01:20 AM,35,v2866830309,https://www.twitch.tv/videos/2866830309
2026-09-06 05:01:31 AM,05:02:06 AM,35,v2866830974,https://www.twitch.tv/videos/2866830974
2026-09-06 05:02:17 AM,05:02:52 AM,35,v2866831503,https://www.twitch.tv/videos/2866831503
2026-09-06 05:03:03 AM,05:03:43 AM,40,v2866832000,https://www.twitch.tv/videos/2866832000
2026-09-06 05:03:53 AM,05:04:33 AM,40,v2866832510,https://www.twitch.tv/videos/2866832510
2026-09-06 05:04:44 AM,05:05:25 AM,41,v2866833058,https://www.twitch.tv/videos/2866833058
2026-09-06 05:05:36 AM,05:06:15 AM,39,v2866833646,https://www.twitch.tv/videos/2866833646
2026-09-06 05:06:25 AM,05:07:03 AM,38,v2866834127,https://www.twitch.tv/videos/2866834127
2026-09-06 05:07:14 AM,05:07:55 AM,41,v2866834611,https://www.twitch.tv/videos/2866834611
2026-09-06 05:08:05 AM,05:08:44 AM,39,v2866835118,https://www.twitch.tv/videos/2866835118
2026-09-06 05:08:55 AM,05:09:32 AM,37,v2866835579,https://www.twitch.tv/videos/2866835579
2026-09-06 05:09:42 AM,05:10:20 AM,38,v2866835969,https://www.twitch.tv/videos/2866835969
2026-09-06 05:10:30 AM,05:11:06 AM,36,v2866836419,https://www.twitch.tv/videos/2866836419
2026-09-06 05:11:17 AM,05:11:54 AM,37,v2866836881,https://www.twitch.tv/videos/2866836881
2026-09-06 05:12:05 AM,05:12:44 AM,39,v2866837338,https://www.twitch.tv/videos/2866837338
2026-09-06 05:12:56 AM,05:13:40 AM,44,v2866837803,https://www.twitch.tv/videos/2866837803
2026-09-06 05:13:51 AM,05:14:38 AM,47,v2866838332,https://www.twitch.tv/videos/2866838332
2026-09-06 05:14:49 AM,05:15:35 AM,46,v2866838840,https://www.twitch.tv/videos/2866838840
2026-09-06 05:15:46 AM,05:16:37 AM,51,v2866839366,https://www.twitch.tv/videos/2866839366
2026-09-06 05:16:48 AM,05:17:39 AM,51,v2866839954,https://www.twitch.tv/videos/2866839954
2026-09-06 05:17:51 AM,05:18:45 AM,54,v2866840543,https://www.twitch.tv/videos/2866840543
2026-09-06 05:18:56 AM,05:19:49 AM,53,v2866841146,https://www.twitch.tv/videos/2866841146
2026-09-06 05:20:01 AM,05:20:49 AM,48,v2866841779,https://www.twitch.tv/videos/2866841779
2026-09-06 05:21:00 AM,05:21:47 AM,47,v2866842318,https://www.twitch.tv/videos/2866842318
2026-09-06 05:21:58 AM,05:22:39 AM,41,v2866842832,https://www.twitch.tv/videos/2866842832
2026-09-06 05:22:49 AM,05:23:31 AM,42,v2866843301,https://www.twitch.tv/videos/2866843301
2026-09-06 05:23:42 AM,05:24:19 AM,37,v2866843759,https://www.twitch.tv/videos/2866843759
2026-09-06 05:24:30 AM,05:25:07 AM,37,v2866844154,https://www.twitch.tv/videos/2866844154
2026-09-06 05:25:18 AM,05:26:00 AM,42,v2866844622,https://www.twitch.tv/videos/2866844622
2026-09-06 05:26:11 AM,05:26:55 AM,44,v2866845160,https://www.twitch.tv/videos/2866845160
2026-09-06 05:27:06 AM,05:27:50 AM,44,v2866845719,https://www.twitch.tv/videos/2866845719
2026-09-06 05:28:01 AM,05:28:44 AM,43,v2866846217,https://www.twitch.tv/videos/2866846217
2026-09-06 05:28:54 AM,05:29:32 AM,38,v2866846679,https://www.twitch.tv/videos/2866846679
2026-09-06 05:29:43 AM,05:30:22 AM,39,v2866847170,https://www.twitch.tv/videos/2866847170
2026-09-06 05:30:33 AM,05:31:17 AM,44,v2866847682,https://www.twitch.tv/videos/2866847682
2026-09-06 05:31:27 AM,05:32:10 AM,43,v2866848247,https://www.twitch.tv/videos/2866848247
2026-09-06 05:32:21 AM,05:33:01 AM,40,v2866848779,https://www.twitch.tv/videos/2866848779
2026-09-06 05:33:12 AM,05:33:54 AM,42,v2866849296,https://www.twitch.tv/videos/2866849296
2026-09-06 05:34:05 AM,05:34:48 AM,43,v2866849827,https://www.twitch.tv/videos/2866849827
2026-09-06 05:34:59 AM,05:35:45 AM,46,v2866850353,https://www.twitch.tv/videos/2866850353
2026-09-06 05:35:56 AM,05:36:49 AM,53,v2866850868,https://www.twitch.tv/videos/2866850868
2026-09-06 05:37:00 AM,05:37:57 AM,57,v2866851471,https://www.twitch.tv/videos/2866851471
2026-09-06 05:38:08 AM,05:39:02 AM,54,v2866852074,https://www.twitch.tv/videos/2866852074
2026-09-06 05:39:13 AM,05:40:05 AM,52,v2866852667,https://www.twitch.tv/videos/2866852667
2026-09-06 05:40:15 AM,05:41:00 AM,45,v2866853300,https://www.twitch.tv/videos/2866853300
2026-09-06 05:41:11 AM,05:41:58 AM,47,v2866853839,https://www.twitch.tv/videos/2866853839
2026-09-06 05:42:08 AM,05:42:51 AM,43,v2866854358,https://www.twitch.tv/videos/2866854358
2026-09-06 05:43:01 AM,05:43:42 AM,41,v2866854857,https://www.twitch.tv/videos/2866854857
2026-09-06 05:43:53 AM,05:44:35 AM,42,v2866855302,https://www.twitch.tv/videos/2866855302
2026-09-06 05:44:45 AM,05:45:24 AM,39,v2866855782,https://www.twitch.tv/videos/2866855782
2026-09-06 05:45:35 AM,05:46:15 AM,40,v2866856250,https://www.twitch.tv/videos/2866856250
2026-09-06 05:46:26 AM,05:47:06 AM,40,v2866856749,https://www.twitch.tv/videos/2866856749
2026-09-06 05:47:16 AM,05:47:55 AM,39,v2866857217,https://www.twitch.tv/videos/2866857217
2026-09-06 05:48:06 AM,05:48:45 AM,39,v2866857721,https://www.twitch.tv/videos/2866857721
2026-09-06 05:48:55 AM,05:49:36 AM,41,v2866858188,https://www.twitch.tv/videos/2866858188
2026-09-06 05:49:47 AM,05:50:28 AM,41,v2866858684,https://www.twitch.tv/videos/2866858684
2026-09-06 05:50:39 AM,05:51:24 AM,45,v2866859209,https://www.twitch.tv/videos/2866859209
2026-09-06 05:51:35 AM,05:52:22 AM,47,v2866859748,https://www.twitch.tv/videos/2866859748
2026-09-06 05:52:33 AM,05:53:24 AM,51,v2866860306,https://www.twitch.tv/videos/2866860306
2026-09-06 05:53:35 AM,05:54:28 AM,53,v2866860922,https://www.twitch.tv/videos/2866860922
2026-09-06 05:54:40 AM,05:55:32 AM,52,v2866861587,https://www.twitch.tv/videos/2866861587
2026-09-06 05:55:43 AM,05:56:33 AM,50,v2866862298,https://www.twitch.tv/videos/2866862298
2026-09-06 05:56:44 AM,05:57:32 AM,48,v2866862919,https://www.twitch.tv/videos/2866862919
2026-09-06 05:57:43 AM,05:58:24 AM,41,v2866863581,https://www.twitch.tv/videos/2866863581
2026-09-06 05:58:34 AM,05:59:11 AM,37,v2866864139,https://www.twitch.tv/videos/2866864139
2026-09-06 05:59:21 AM,05:59:56 AM,35,v2866864666,https://www.twitch.tv/videos/2866864666
2026-09-06 06:00:07 AM,06:00:40 AM,33,v2866865326,https://www.twitch.tv/videos/2866865326
2026-09-06 06:00:51 AM,06:01:25 AM,34,v2866866099,https://www.twitch.tv/videos/2866866099
2026-09-06 06:01:35 AM,06:02:09 AM,34,v2866866776,https://www.twitch.tv/videos/2866866776
2026-09-06 06:02:19 AM,06:02:50 AM,31,v2866867368,https://www.twitch.tv/videos/2866867368
2026-09-06 06:03:01 AM,06:03:34 AM,33,v2866867850,https://www.twitch.tv/videos/2866867850
2026-09-06 06:03:44 AM,06:04:14 AM,30,v2866868356,https://www.twitch.tv/videos/2866868356
2026-09-06 06:04:25 AM,06:04:56 AM,31,v2866868848,https://www.twitch.tv/videos/2866868848
2026-09-06 06:05:05 AM,06:05:34 AM,29,v2866869303,https://www.twitch.tv/videos/2866869303
2026-09-06 06:05:45 AM,06:06:15 AM,30,v2866869700,https://www.twitch.tv/videos/2866869700
2026-09-06 06:06:26 AM,06:06:59 AM,33,v2866870177,https://www.twitch.tv/videos/2866870177
2026-09-06 06:07:10 AM,06:07:44 AM,34,v2866870632,https://www.twitch.tv/videos/2866870632
2026-09-06 06:07:54 AM,06:08:30 AM,36,v2866871106,https://www.twitch.tv/videos/2866871106
2026-09-06 06:08:41 AM,06:09:20 AM,39,v2866871622,https://www.twitch.tv/videos/2866871622
2026-09-06 06:09:30 AM,06:10:06 AM,36,v2866872107,https://www.twitch.tv/videos/2866872107
2026-09-06 06:10:16 AM,06:10:51 AM,35,v2866872587,https://www.twitch.tv/videos/2866872587
2026-09-06 06:11:02 AM,06:11:39 AM,37,v2866873042,https://www.twitch.tv/videos/2866873042
2026-09-06 06:11:49 AM,06:12:25 AM,36,v2866873543,https://www.twitch.tv/videos/2866873543
2026-09-06 06:12:35 AM,06:13:11 AM,36,v2866873990,https://www.twitch.tv/videos/2866873990
2026-09-06 06:13:22 AM,06:13:57 AM,35,v2866874484,https://www.twitch.tv/videos/2866874484
2026-09-06 06:14:07 AM,06:14:39 AM,32,v2866874935,https://www.twitch.tv/videos/2866874935
2026-09-06 06:14:49 AM,06:15:19 AM,30,v2866875392,https://www.twitch.tv/videos/2866875392
2026-09-06 06:15:30 AM,06:16:02 AM,32,v2866875828,https://www.twitch.tv/videos/2866875828
2026-09-06 06:16:13 AM,06:16:44 AM,31,v2866876320,https://www.twitch.tv/videos/2866876320
2026-09-06 06:16:54 AM,06:17:24 AM,30,v2866876743,https://www.twitch.tv/videos/2866876743
2026-09-06 06:17:34 AM,06:18:02 AM,28,v2866877140,https://www.twitch.tv/videos/2866877140
2026-09-06 06:18:12 AM,06:18:38 AM,26,v2866877534,https://www.twitch.tv/videos/2866877534
2026-09-06 06:18:48 AM,06:19:14 AM,26,v2866877898,https://www.twitch.tv/videos/2866877898
2026-09-06 06:19:25 AM,06:19:49 AM,24,v2866878234,https://www.twitch.tv/videos/2866878234
2026-09-06 06:19:59 AM,06:20:24 AM,25,v2866878546,https://www.twitch.tv/videos/2866878546
2026-09-06 06:20:34 AM,06:20:59 AM,25,v2866878913,https://www.twitch.tv/videos/2866878913
2026-09-06 06:21:09 AM,06:21:35 AM,26,v2866879255,https://www.twitch.tv/videos/2866879255
2026-09-06 06:21:46 AM,06:22:12 AM,26,v2866879658,https://www.twitch.tv/videos/2866879658
2026-09-06 06:22:22 AM,06:22:52 AM,30,v2866880039,https://www.twitch.tv/videos/2866880039
2026-09-06 06:23:03 AM,06:23:35 AM,32,v2866880497,https://www.twitch.tv/videos/2866880497
2026-09-06 06:23:46 AM,06:24:19 AM,33,v2866880903,https://www.twitch.tv/videos/2866880903
2026-09-06 06:24:30 AM,06:25:02 AM,32,v2866881361,https://www.twitch.tv/videos/2866881361
2026-09-06 06:25:12 AM,06:25:44 AM,32,v2866881790,https://www.twitch.tv/videos/2866881790
2026-09-06 06:25:55 AM,06:26:29 AM,34,v2866882203,https://www.twitch.tv/videos/2866882203
2026-09-06 06:26:40 AM,06:27:18 AM,38,v2866882643,https://www.twitch.tv/videos/2866882643
2026-09-06 06:27:29 AM,06:28:03 AM,34,v2866883115,https://www.twitch.tv/videos/2866883115
2026-09-06 06:28:13 AM,06:28:48 AM,35,v2866883551,https://www.twitch.tv/videos/2866883551
2026-09-06 06:28:59 AM,06:29:33 AM,34,v2866884018,https://www.twitch.tv/videos/2866884018
2026-09-06 06:29:44 AM,06:30:15 AM,31,v2866884473,https://www.twitch.tv/videos/2866884473
2026-09-06 06:30:25 AM,06:30:54 AM,29,v2866884969,https://www.twitch.tv/videos/2866884969
2026-09-06 06:31:04 AM,06:31:33 AM,29,v2866885414,https://www.twitch.tv/videos/2866885414
2026-09-06 06:31:44 AM,06:32:13 AM,29,v2866885877,https://www.twitch.tv/videos/2866885877
2026-09-06 06:32:24 AM,06:32:50 AM,26,v2866886329,https://www.twitch.tv/videos/2866886329
2026-09-06 06:33:00 AM,06:33:24 AM,24,v2866886689,https://www.twitch.tv/videos/2866886689
2026-09-06 06:33:34 AM,06:33:58 AM,24,v2866887041,https://www.twitch.tv/videos/2866887041
2026-09-06 06:34:09 AM,06:34:32 AM,23,v2866887374,https://www.twitch.tv/videos/2866887374
2026-09-06 06:34:42 AM,06:35:04 AM,22,v2866887711,https://www.twitch.tv/videos/2866887711
2026-09-06 06:35:15 AM,06:35:37 AM,22,v2866888058,https://www.twitch.tv/videos/2866888058
2026-09-06 06:35:47 AM,06:36:09 AM,22,v2866888398,https://www.twitch.tv/videos/2866888398
2026-09-06 06:36:19 AM,06:36:41 AM,22,v2866888754,https://www.twitch.tv/videos/2866888754
2026-09-06 06:36:51 AM,06:37:11 AM,20,v2866889133,https://www.twitch.tv/videos/2866889133
2026-09-06 06:37:21 AM,06:37:41 AM,20,v2866889448,https://www.twitch.tv/videos/2866889448
2026-09-06 06:37:51 AM,06:38:11 AM,20,v2866889754,https://www.twitch.tv/videos/2866889754
2026-09-06 06:38:21 AM,06:38:41 AM,20,v2866890056,https://www.twitch.tv/videos/2866890056
2026-09-06 06:38:51 AM,06:39:11 AM,20,v2866890329,https://www.twitch.tv/videos/2866890329
2026-09-06 06:39:21 AM,06:39:41 AM,20,v2866890649,https://www.twitch.tv/videos/2866890649
2026-09-06 06:39:51 AM,06:40:11 AM,20,v2866890966,https://www.twitch.tv/videos/2866890966
2026-09-06 06:40:22 AM,06:40:43 AM,21,v2866891276,https://www.twitch.tv/videos/2866891276
2026-09-06 06:40:54 AM,06:41:17 AM,23,v2866891583,https://www.twitch.tv/videos/2866891583
2026-09-06 06:41:27 AM,06:41:50 AM,23,v2866891897,https://www.twitch.tv/videos/2866891897
2026-09-06 06:41:59 AM,06:42:26 AM,27,v2866892226,https://www.twitch.tv/videos/2866892226
2026-09-06 06:42:36 AM,06:43:03 AM,27,v2866892600,https://www.twitch.tv/videos/2866892600
2026-09-06 06:43:13 AM,06:43:39 AM,26,v2866893007,https://www.twitch.tv/videos/2866893007
2026-09-06 06:43:49 AM,06:44:15 AM,26,v2866893396,https://www.twitch.tv/videos/2866893396
2026-09-06 06:44:25 AM,06:44:51 AM,26,v2866893767,https://www.twitch.tv/videos/2866893767
2026-09-06 06:45:02 AM,06:45:33 AM,31,v2866894118,https://www.twitch.tv/videos/2866894118
2026-09-06 06:45:44 AM,06:46:16 AM,32,v2866894555,https://www.twitch.tv/videos/2866894555
2026-09-06 06:46:26 AM,06:46:59 AM,33,v2866894977,https://www.twitch.tv/videos/2866894977
2026-09-06 06:47:09 AM,06:47:42 AM,33,v2866895443,https://www.twitch.tv/videos/2866895443
2026-09-06 06:47:52 AM,06:48:25 AM,33,v2866895865,https://www.twitch.tv/videos/2866895865
2026-09-06 06:48:36 AM,06:49:09 AM,33,v2866896260,https://www.twitch.tv/videos/2866896260
2026-09-06 06:49:20 AM,06:49:54 AM,34,v2866896713,https://www.twitch.tv/videos/2866896713
2026-09-06 06:50:04 AM,06:50:37 AM,33,v2866897218,https://www.twitch.tv/videos/2866897218
2026-09-06 06:50:48 AM,06:51:21 AM,33,v2866897704,https://www.twitch.tv/videos/2866897704
2026-09-06 06:51:31 AM,06:52:05 AM,34,v2866898204,https://www.twitch.tv/videos/2866898204
2026-09-06 06:52:16 AM,06:52:43 AM,27,v2866898673,https://www.twitch.tv/videos/2866898673
2026-09-06 06:52:53 AM,06:53:19 AM,26,v2866899072,https://www.twitch.tv/videos/2866899072
2026-09-06 06:53:29 AM,06:53:54 AM,25,v2866899493,https://www.twitch.tv/videos/2866899493
2026-09-06 06:54:04 AM,06:54:29 AM,25,v2866899860,https://www.twitch.tv/videos/2866899860
2026-09-06 06:54:39 AM,06:55:05 AM,26,v2866900211,https://www.twitch.tv/videos/2866900211
2026-09-06 06:55:15 AM,06:55:39 AM,24,v2866900628,https://www.twitch.tv/videos/2866900628
2026-09-06 06:55:49 AM,06:56:11 AM,22,v2866900982,https://www.twitch.tv/videos/2866900982
2026-09-06 06:56:21 AM,06:56:41 AM,20,v2866901360,https://www.twitch.tv/videos/2866901360
2026-09-06 06:56:51 AM,06:57:11 AM,20,v2866901739,https://www.twitch.tv/videos/2866901739
2026-09-06 06:57:21 AM,06:57:41 AM,20,v2866902095,https://www.twitch.tv/videos/2866902095
2026-09-06 06:57:51 AM,06:58:11 AM,20,v2866902465,https://www.twitch.tv/videos/2866902465
2026-09-06 06:58:21 AM,06:58:43 AM,22,v2866902838,https://www.twitch.tv/videos/2866902838
2026-09-06 06:58:53 AM,06:59:15 AM,22,v2866903205,https://www.twitch.tv/videos/2866903205
2026-09-06 06:59:26 AM,06:59:48 AM,22,v2866903616,https://www.twitch.tv/videos/2866903616
2026-09-06 06:59:57 AM,07:00:19 AM,22,v2866904055,https://www.twitch.tv/videos/2866904055
2026-09-06 07:00:29 AM,07:00:52 AM,23,v2866904645,https://www.twitch.tv/videos/2866904645
2026-09-06 07:01:02 AM,07:01:25 AM,23,v2866905130,https://www.twitch.tv/videos/2866905130
2026-09-06 07:01:36 AM,07:01:59 AM,23,v2866905562,https://www.twitch.tv/videos/2866905562
2026-09-06 07:02:09 AM,07:02:32 AM,23,v2866905972,https://www.twitch.tv/videos/2866905972
2026-09-06 07:02:43 AM,07:03:10 AM,27,v2866906349,https://www.twitch.tv/videos/2866906349
2026-09-06 07:03:19 AM,07:03:46 AM,27,v2866906803,https://www.twitch.tv/videos/2866906803
2026-09-06 07:03:56 AM,07:04:23 AM,27,v2866907241,https://www.twitch.tv/videos/2866907241
2026-09-06 07:04:33 AM,07:05:03 AM,30,v2866907690,https://www.twitch.tv/videos/2866907690
2026-09-06 07:05:13 AM,07:05:43 AM,30,v2866908202,https://www.twitch.tv/videos/2866908202
2026-09-06 07:05:54 AM,07:06:24 AM,30,v2866908670,https://www.twitch.tv/videos/2866908670
2026-09-06 07:06:34 AM,07:07:03 AM,29,v2866909181,https://www.twitch.tv/videos/2866909181
2026-09-06 07:07:13 AM,07:07:47 AM,34,v2866909635,https://www.twitch.tv/videos/2866909635
2026-09-06 07:07:58 AM,07:08:33 AM,35,v2866910108,https://www.twitch.tv/videos/2866910108
2026-09-06 07:08:43 AM,07:09:16 AM,33,v2866910620,https://www.twitch.tv/videos/2866910620
2026-09-06 07:09:27 AM,07:10:00 AM,33,v2866911077,https://www.twitch.tv/videos/2866911077
2026-09-06 07:10:10 AM,07:10:43 AM,33,v2866911548,https://www.twitch.tv/videos/2866911548
2026-09-06 07:10:53 AM,07:11:24 AM,31,v2866912024,https://www.twitch.tv/videos/2866912024
2026-09-06 07:11:34 AM,07:12:05 AM,31,v2866912501,https://www.twitch.tv/videos/2866912501
2026-09-06 07:12:15 AM,07:12:43 AM,28,v2866912960,https://www.twitch.tv/videos/2866912960
2026-09-06 07:12:53 AM,07:13:21 AM,28,v2866913351,https://www.twitch.tv/videos/2866913351
2026-09-06 07:13:31 AM,07:13:59 AM,28,v2866913757,https://www.twitch.tv/videos/2866913757
2026-09-06 07:14:09 AM,07:14:35 AM,26,v2866914136,https://www.twitch.tv/videos/2866914136
2026-09-06 07:14:46 AM,07:15:09 AM,23,v2866914503,https://www.twitch.tv/videos/2866914503
2026-09-06 07:15:19 AM,07:15:42 AM,23,v2866914881,https://www.twitch.tv/videos/2866914881
2026-09-06 07:15:52 AM,07:16:15 AM,23,v2866915242,https://www.twitch.tv/videos/2866915242
2026-09-06 07:16:25 AM,07:16:50 AM,25,v2866915565,https://www.twitch.tv/videos/2866915565
2026-09-06 07:17:00 AM,07:17:23 AM,23,v2866915923,https://www.twitch.tv/videos/2866915923
2026-09-06 07:17:32 AM,07:17:55 AM,23,v2866916274,https://www.twitch.tv/videos/2866916274
2026-09-06 07:18:05 AM,07:18:27 AM,22,v2866916654,https://www.twitch.tv/videos/2866916654
2026-09-06 07:18:37 AM,07:18:59 AM,22,v2866916991,https://www.twitch.tv/videos/2866916991
2026-09-06 07:19:10 AM,07:19:32 AM,22,v2866917357,https://www.twitch.tv/videos/2866917357
2026-09-06 07:19:42 AM,07:20:04 AM,22,v2866917691,https://www.twitch.tv/videos/2866917691
2026-09-06 07:20:14 AM,07:20:36 AM,22,v2866918012,https://www.twitch.tv/videos/2866918012
2026-09-06 07:20:46 AM,07:21:09 AM,23,v2866918355,https://www.twitch.tv/videos/2866918355
2026-09-06 07:21:19 AM,07:21:42 AM,23,v2866918728,https://www.twitch.tv/videos/2866918728
2026-09-06 07:21:52 AM,07:22:15 AM,23,v2866919091,https://www.twitch.tv/videos/2866919091
2026-09-06 07:22:26 AM,07:22:51 AM,25,v2866919420,https://www.twitch.tv/videos/2866919420
2026-09-06 07:23:01 AM,07:23:26 AM,25,v2866919792,https://www.twitch.tv/videos/2866919792
2026-09-06 07:23:37 AM,07:24:02 AM,25,v2866920168,https://www.twitch.tv/videos/2866920168
2026-09-06 07:24:12 AM,07:24:37 AM,25,v2866920507,https://www.twitch.tv/videos/2866920507
2026-09-06 07:24:48 AM,07:25:13 AM,25,v2866920902,https://www.twitch.tv/videos/2866920902
2026-09-06 07:25:24 AM,07:25:49 AM,25,v2866921290,https://www.twitch.tv/videos/2866921290
2026-09-06 07:25:59 AM,07:26:28 AM,29,v2866921697,https://www.twitch.tv/videos/2866921697
2026-09-06 07:26:38 AM,07:27:08 AM,30,v2866922141,https://www.twitch.tv/videos/2866922141
2026-09-06 07:27:18 AM,07:27:48 AM,30,v2866922559,https://www.twitch.tv/videos/2866922559
2026-09-06 07:27:58 AM,07:28:27 AM,29,v2866922957,https://www.twitch.tv/videos/2866922957
2026-09-06 07:28:38 AM,07:29:07 AM,29,v2866923374,https://www.twitch.tv/videos/2866923374
2026-09-06 07:29:17 AM,07:29:45 AM,28,v2866923759,https://www.twitch.tv/videos/2866923759
2026-09-06 07:29:55 AM,07:30:23 AM,28,v2866924193,https://www.twitch.tv/videos/2866924193
2026-09-06 07:30:33 AM,07:31:01 AM,28,v2866924668,https://www.twitch.tv/videos/2866924668
2026-09-06 07:31:12 AM,07:31:40 AM,28,v2866925080,https://www.twitch.tv/videos/2866925080
2026-09-06 07:31:50 AM,07:32:17 AM,27,v2866925520,https://www.twitch.tv/videos/2866925520
2026-09-06 07:32:28 AM,07:32:55 AM,27,v2866925916,https://www.twitch.tv/videos/2866925916
2026-09-06 07:33:06 AM,07:33:34 AM,28,v2866926369,https://www.twitch.tv/videos/2866926369
2026-09-06 07:33:44 AM,07:34:12 AM,28,v2866926774,https://www.twitch.tv/videos/2866926774
2026-09-06 07:34:22 AM,07:34:47 AM,25,v2866927185,https://www.twitch.tv/videos/2866927185
2026-09-06 07:34:57 AM,07:35:21 AM,24,v2866927566,https://www.twitch.tv/videos/2866927566
2026-09-06 07:35:31 AM,07:35:55 AM,24,v2866927922,https://www.twitch.tv/videos/2866927922
2026-09-06 07:36:06 AM,07:36:30 AM,24,v2866928277,https://www.twitch.tv/videos/2866928277
2026-09-06 07:36:40 AM,07:37:04 AM,24,v2866928620,https://www.twitch.tv/videos/2866928620
2026-09-06 07:37:13 AM,07:37:38 AM,25,v2866928997,https://www.twitch.tv/videos/2866928997
2026-09-06 07:37:48 AM,07:38:13 AM,25,v2866929373,https://www.twitch.tv/videos/2866929373
2026-09-06 07:38:23 AM,07:38:48 AM,25,v2866929725,https://www.twitch.tv/videos/2866929725
2026-09-06 07:38:58 AM,07:39:23 AM,25,v2866930073,https://www.twitch.tv/videos/2866930073
2026-09-06 07:39:34 AM,07:40:01 AM,27,v2866930437,https://www.twitch.tv/videos/2866930437
2026-09-06 07:40:12 AM,07:40:40 AM,28,v2866930890,https://www.twitch.tv/videos/2866930890
2026-09-06 07:40:50 AM,07:41:18 AM,28,v2866931294,https://www.twitch.tv/videos/2866931294
2026-09-06 07:41:28 AM,07:41:54 AM,26,v2866931703,https://www.twitch.tv/videos/2866931703
2026-09-06 07:42:04 AM,07:42:31 AM,27,v2866932087,https://www.twitch.tv/videos/2866932087
2026-09-06 07:42:41 AM,07:43:09 AM,28,v2866932492,https://www.twitch.tv/videos/2866932492
2026-09-06 07:43:19 AM,07:43:47 AM,28,v2866932892,https://www.twitch.tv/videos/2866932892
2026-09-06 07:43:57 AM,07:44:27 AM,30,v2866933268,https://www.twitch.tv/videos/2866933268
2026-09-06 07:44:38 AM,07:45:08 AM,30,v2866933655,https://www.twitch.tv/videos/2866933655
2026-09-06 07:45:18 AM,07:45:48 AM,30,v2866934118,https://www.twitch.tv/videos/2866934118
2026-09-06 07:45:58 AM,07:46:27 AM,29,v2866934583,https://www.twitch.tv/videos/2866934583
2026-09-06 07:46:37 AM,07:47:06 AM,29,v2866935023,https://www.twitch.tv/videos/2866935023
2026-09-06 07:47:17 AM,07:47:47 AM,30,v2866935450,https://www.twitch.tv/videos/2866935450
2026-09-06 07:47:57 AM,07:48:26 AM,29,v2866935842,https://www.twitch.tv/videos/2866935842
2026-09-06 07:48:36 AM,07:49:05 AM,29,v2866936255,https://www.twitch.tv/videos/2866936255
2026-09-06 07:49:16 AM,07:49:45 AM,29,v2866936677,https://www.twitch.tv/videos/2866936677
2026-09-06 07:49:55 AM,07:50:24 AM,29,v2866937107,https://www.twitch.tv/videos/2866937107
2026-09-06 07:50:34 AM,07:51:06 AM,32,v2866937523,https://www.twitch.tv/videos/2866937523
2026-09-06 07:51:17 AM,07:51:49 AM,32,v2866937955,https://www.twitch.tv/videos/2866937955
2026-09-06 07:52:00 AM,07:52:36 AM,36,v2866938472,https://www.twitch.tv/videos/2866938472
2026-09-06 07:52:46 AM,07:53:21 AM,35,v2866938980,https://www.twitch.tv/videos/2866938980
2026-09-06 07:53:31 AM,07:54:02 AM,31,v2866939482,https://www.twitch.tv/videos/2866939482
2026-09-06 07:54:12 AM,07:54:43 AM,31,v2866939964,https://www.twitch.tv/videos/2866939964
2026-09-06 07:54:53 AM,07:55:22 AM,29,v2866940437,https://www.twitch.tv/videos/2866940437
2026-09-06 07:55:33 AM,07:56:00 AM,27,v2866940945,https://www.twitch.tv/videos/2866940945
2026-09-06 07:56:11 AM,07:56:38 AM,27,v2866941386,https://www.twitch.tv/videos/2866941386
2026-09-06 07:56:48 AM,07:57:14 AM,26,v2866941809,https://www.twitch.tv/videos/2866941809
2026-09-06 07:57:25 AM,07:57:48 AM,23,v2866942248,https://www.twitch.tv/videos/2866942248
2026-09-06 07:57:59 AM,07:58:22 AM,23,v2866942668,https://www.twitch.tv/videos/2866942668
2026-09-06 07:58:32 AM,07:58:53 AM,21,v2866943105,https://www.twitch.tv/videos/2866943105
2026-09-06 07:59:03 AM,07:59:24 AM,21,v2866943465,https://www.twitch.tv/videos/2866943465
2026-09-06 07:59:34 AM,07:59:55 AM,21,v2866943878,https://www.twitch.tv/videos/2866943878
2026-09-06 08:00:05 AM,08:00:27 AM,22,v2866944374,https://www.twitch.tv/videos/2866944374
2026-09-06 08:00:37 AM,08:01:02 AM,25,v2866944984,https://www.twitch.tv/videos/2866944984
2026-09-06 08:01:12 AM,08:01:37 AM,25,v2866945585,https://www.twitch.tv/videos/2866945585
2026-09-06 08:01:47 AM,08:02:12 AM,25,v2866946065,https://www.twitch.tv/videos/2866946065
2026-09-06 08:02:22 AM,08:02:47 AM,25,v2866946579,https://www.twitch.tv/videos/2866946579
2026-09-06 08:02:57 AM,08:03:24 AM,27,v2866947026,https://www.twitch.tv/videos/2866947026
2026-09-06 08:03:34 AM,08:04:01 AM,27,v2866947514,https://www.twitch.tv/videos/2866947514
2026-09-06 08:04:11 AM,08:04:38 AM,27,v2866947951,https://www.twitch.tv/videos/2866947951
2026-09-06 08:04:48 AM,08:05:14 AM,26,v2866948429,https://www.twitch.tv/videos/2866948429
2026-09-06 08:05:25 AM,08:05:51 AM,26,v2866948873,https://www.twitch.tv/videos/2866948873
2026-09-06 08:06:01 AM,08:06:27 AM,26,v2866949311,https://www.twitch.tv/videos/2866949311
2026-09-06 08:06:37 AM,08:07:03 AM,26,v2866949802,https://www.twitch.tv/videos/2866949802
2026-09-06 08:07:13 AM,08:07:39 AM,26,v2866950239,https://www.twitch.tv/videos/2866950239
2026-09-06 08:07:49 AM,08:08:15 AM,26,v2866950686,https://www.twitch.tv/videos/2866950686
2026-09-06 08:08:25 AM,08:08:51 AM,26,v2866951137,https://www.twitch.tv/videos/2866951137
2026-09-06 08:09:01 AM,08:09:27 AM,26,v2866951568,https://www.twitch.tv/videos/2866951568
2026-09-06 08:09:37 AM,08:10:02 AM,25,v2866951986,https://www.twitch.tv/videos/2866951986
2026-09-06 08:10:12 AM,08:10:34 AM,22,v2866952429,https://www.twitch.tv/videos/2866952429
2026-09-06 08:10:45 AM,08:11:08 AM,23,v2866952815,https://www.twitch.tv/videos/2866952815
2026-09-06 08:11:17 AM,08:11:39 AM,22,v2866953184,https://www.twitch.tv/videos/2866953184
2026-09-06 08:11:49 AM,08:12:10 AM,21,v2866953578,https://www.twitch.tv/videos/2866953578
2026-09-06 08:12:21 AM,08:12:42 AM,21,v2866953949,https://www.twitch.tv/videos/2866953949
2026-09-06 08:12:52 AM,08:13:13 AM,21,v2866954317,https://www.twitch.tv/videos/2866954317
2026-09-06 08:13:23 AM,08:13:43 AM,20,v2866954652,https://www.twitch.tv/videos/2866954652
2026-09-06 08:13:53 AM,08:14:13 AM,20,v2866954992,https://www.twitch.tv/videos/2866954992
2026-09-06 08:14:23 AM,08:14:41 AM,18,v2866955324,https://www.twitch.tv/videos/2866955324
2026-09-06 08:14:51 AM,08:15:09 AM,18,v2866955687,https://www.twitch.tv/videos/2866955687
2026-09-06 08:15:19 AM,08:15:38 AM,19,v2866956047,https://www.twitch.tv/videos/2866956047
2026-09-06 08:15:48 AM,08:16:07 AM,19,v2866956413,https://www.twitch.tv/videos/2866956413
2026-09-06 08:22:08 AM,08:22:22 AM,14,v2866960771,https://www.twitch.tv/videos/2866960771
2026-09-06 08:22:32 AM,08:22:46 AM,14,v2866961021,https://www.twitch.tv/videos/2866961021
2026-09-06 08:22:56 AM,08:23:10 AM,14,v2866961274,https://www.twitch.tv/videos/2866961274
2026-09-06 08:23:19 AM,08:23:36 AM,17,v2866961539,https://www.twitch.tv/videos/2866961539
2026-09-06 08:23:46 AM,08:24:03 AM,17,v2866961835,https://www.twitch.tv/videos/2866961835
2026-09-06 08:24:13 AM,08:24:34 AM,21,v2866962143,https://www.twitch.tv/videos/2866962143
2026-09-06 08:24:44 AM,08:25:05 AM,21,v2866962510,https://www.twitch.tv/videos/2866962510
2026-09-06 08:25:15 AM,08:25:40 AM,25,v2866962835,https://www.twitch.tv/videos/2866962835
2026-09-06 08:25:50 AM,08:26:15 AM,25,v2866963185,https://www.twitch.tv/videos/2866963185
2026-09-06 08:26:24 AM,08:26:52 AM,28,v2866963610,https://www.twitch.tv/videos/2866963610
2026-09-06 08:27:02 AM,08:27:30 AM,28,v2866964058,https://www.twitch.tv/videos/2866964058
2026-09-06 08:27:40 AM,08:28:10 AM,30,v2866964496,https://www.twitch.tv/videos/2866964496
2026-09-06 08:28:19 AM,08:28:49 AM,30,v2866964940,https://www.twitch.tv/videos/2866964940
2026-09-06 08:28:59 AM,08:29:32 AM,33,v2866965458,https://www.twitch.tv/videos/2866965458
2026-09-06 08:29:43 AM,08:30:16 AM,33,v2866965978,https://www.twitch.tv/videos/2866965978
2026-09-06 08:30:26 AM,08:30:59 AM,33,v2866966551,https://www.twitch.tv/videos/2866966551
2026-09-06 08:31:09 AM,08:31:39 AM,30,v2866967103,https://www.twitch.tv/videos/2866967103
2026-09-06 08:31:49 AM,08:32:17 AM,28,v2866967556,https://www.twitch.tv/videos/2866967556
2026-09-06 08:32:27 AM,08:32:54 AM,27,v2866968006,https://www.twitch.tv/videos/2866968006
2026-09-06 08:33:04 AM,08:33:31 AM,27,v2866968458,https://www.twitch.tv/videos/2866968458
2026-09-06 08:33:41 AM,08:34:07 AM,26,v2866968863,https://www.twitch.tv/videos/2866968863
2026-09-06 08:34:17 AM,08:34:43 AM,26,v2866969336,https://www.twitch.tv/videos/2866969336
2026-09-06 08:34:54 AM,08:35:20 AM,26,v2866969781,https://www.twitch.tv/videos/2866969781
2026-09-06 08:35:30 AM,08:35:55 AM,25,v2866970199,https://www.twitch.tv/videos/2866970199
2026-09-06 08:36:05 AM,08:36:30 AM,25,v2866970626,https://www.twitch.tv/videos/2866970626
2026-09-06 08:36:39 AM,08:37:04 AM,25,v2866971060,https://www.twitch.tv/videos/2866971060
2026-09-06 08:37:14 AM,08:37:38 AM,24,v2866971487,https://www.twitch.tv/videos/2866971487
2026-09-06 08:37:48 AM,08:38:12 AM,24,v2866971898,https://www.twitch.tv/videos/2866971898
2026-09-06 08:38:22 AM,08:38:46 AM,24,v2866972311,https://www.twitch.tv/videos/2866972311
2026-09-06 08:38:56 AM,08:39:19 AM,23,v2866972704,https://www.twitch.tv/videos/2866972704
2026-09-06 08:39:29 AM,08:39:52 AM,23,v2866973051,https://www.twitch.tv/videos/2866973051
2026-09-06 08:40:02 AM,08:40:27 AM,25,v2866973440,https://www.twitch.tv/videos/2866973440
2026-09-06 08:40:37 AM,08:41:03 AM,26,v2866973850,https://www.twitch.tv/videos/2866973850
2026-09-06 08:41:13 AM,08:41:39 AM,26,v2866974292,https://www.twitch.tv/videos/2866974292
2026-09-06 08:41:49 AM,08:42:19 AM,30,v2866974724,https://www.twitch.tv/videos/2866974724
2026-09-06 08:42:29 AM,08:42:59 AM,30,v2866975183,https://www.twitch.tv/videos/2866975183
2026-09-06 08:43:10 AM,08:43:42 AM,32,v2866975709,https://www.twitch.tv/videos/2866975709
2026-09-06 08:43:52 AM,08:44:24 AM,32,v2866976215,https://www.twitch.tv/videos/2866976215
2026-09-06 08:44:34 AM,08:45:07 AM,33,v2866976728,https://www.twitch.tv/videos/2866976728
2026-09-06 08:45:17 AM,08:45:50 AM,33,v2866977251,https://www.twitch.tv/videos/2866977251
2026-09-06 08:46:01 AM,08:46:34 AM,33,v2866977740,https://www.twitch.tv/videos/2866977740
2026-09-06 08:46:44 AM,08:47:14 AM,30,v2866978189,https://www.twitch.tv/videos/2866978189
2026-09-06 08:47:24 AM,08:47:52 AM,28,v2866978666,https://www.twitch.tv/videos/2866978666
2026-09-06 08:48:02 AM,08:48:31 AM,29,v2866979109,https://www.twitch.tv/videos/2866979109
2026-09-06 08:48:41 AM,08:49:10 AM,29,v2866979573,https://www.twitch.tv/videos/2866979573
2026-09-06 08:49:20 AM,08:49:49 AM,29,v2866980072,https://www.twitch.tv/videos/2866980072
2026-09-06 08:49:58 AM,08:50:27 AM,29,v2866980568,https://www.twitch.tv/videos/2866980568
2026-09-06 08:50:37 AM,08:51:02 AM,25,v2866981086,https://www.twitch.tv/videos/2866981086
2026-09-06 08:51:12 AM,08:51:37 AM,25,v2866981504,https://www.twitch.tv/videos/2866981504
2026-09-06 08:51:48 AM,08:52:13 AM,25,v2866981977,https://www.twitch.tv/videos/2866981977
2026-09-06 08:52:23 AM,08:52:48 AM,25,v2866982448,https://www.twitch.tv/videos/2866982448
2026-09-06 08:52:57 AM,08:53:20 AM,23,v2866982899,https://www.twitch.tv/videos/2866982899
2026-09-06 08:53:31 AM,08:53:53 AM,22,v2866983286,https://www.twitch.tv/videos/2866983286
2026-09-06 08:54:03 AM,08:54:25 AM,22,v2866983661,https://www.twitch.tv/videos/2866983661
2026-09-06 08:54:34 AM,08:54:56 AM,22,v2866984076,https://www.twitch.tv/videos/2866984076
2026-09-06 08:55:06 AM,08:55:29 AM,23,v2866984525,https://www.twitch.tv/videos/2866984525
2026-09-06 08:55:39 AM,08:56:01 AM,22,v2866985016,https://www.twitch.tv/videos/2866985016
2026-09-06 08:56:12 AM,08:56:34 AM,22,v2866985462,https://www.twitch.tv/videos/2866985462
2026-09-06 08:56:44 AM,08:57:06 AM,22,v2866985960,https://www.twitch.tv/videos/2866985960
2026-09-06 08:57:16 AM,08:57:38 AM,22,v2866986429,https://www.twitch.tv/videos/2866986429
2026-09-06 08:57:48 AM,08:58:10 AM,22,v2866986868,https://www.twitch.tv/videos/2866986868
2026-09-06 08:58:21 AM,08:58:41 AM,20,v2866987326,https://www.twitch.tv/videos/2866987326
2026-09-06 08:58:51 AM,08:59:10 AM,19,v2866987751,https://www.twitch.tv/videos/2866987751
2026-09-06 08:59:19 AM,08:59:38 AM,19,v2866988228,https://www.twitch.tv/videos/2866988228
2026-09-06 08:59:48 AM,09:00:07 AM,19,v2866988681,https://www.twitch.tv/videos/2866988681
2026-09-06 09:00:17 AM,09:00:36 AM,19,v2866989318,https://www.twitch.tv/videos/2866989318
2026-09-06 09:00:47 AM,09:01:06 AM,19,v2866989878,https://www.twitch.tv/videos/2866989878
2026-09-06 09:01:16 AM,09:01:38 AM,22,v2866990358,https://www.twitch.tv/videos/2866990358
2026-09-06 09:01:48 AM,09:02:10 AM,22,v2866990863,https://www.twitch.tv/videos/2866990863
2026-09-06 09:02:19 AM,09:02:41 AM,22,v2866991389,https://www.twitch.tv/videos/2866991389
2026-09-06 09:02:51 AM,09:03:14 AM,23,v2866991868,https://www.twitch.tv/videos/2866991868
2026-09-06 09:03:24 AM,09:03:47 AM,23,v2866992324,https://www.twitch.tv/videos/2866992324
2026-09-06 09:03:57 AM,09:04:20 AM,23,v2866992827,https://www.twitch.tv/videos/2866992827
2026-09-06 09:04:29 AM,09:04:52 AM,23,v2866993272,https://www.twitch.tv/videos/2866993272
2026-09-06 09:05:02 AM,09:05:26 AM,24,v2866993705,https://www.twitch.tv/videos/2866993705
2026-09-06 09:05:36 AM,09:06:00 AM,24,v2866994184,https://www.twitch.tv/videos/2866994184
2026-09-06 09:06:11 AM,09:06:36 AM,25,v2866994673,https://www.twitch.tv/videos/2866994673
2026-09-06 09:06:46 AM,09:07:11 AM,25,v2866995162,https://www.twitch.tv/videos/2866995162
2026-09-06 09:07:21 AM,09:07:45 AM,24,v2866995625,https://www.twitch.tv/videos/2866995625
2026-09-06 09:07:56 AM,09:08:20 AM,24,v2866996052,https://www.twitch.tv/videos/2866996052
2026-09-06 09:08:30 AM,09:08:54 AM,24,v2866996477,https://www.twitch.tv/videos/2866996477
2026-09-06 09:09:04 AM,09:09:28 AM,24,v2866996937,https://www.twitch.tv/videos/2866996937
2026-09-06 09:09:39 AM,09:10:04 AM,25,v2866997357,https://www.twitch.tv/videos/2866997357
2026-09-06 09:10:14 AM,09:10:39 AM,25,v2866997823,https://www.twitch.tv/videos/2866997823
2026-09-06 09:10:49 AM,09:11:14 AM,25,v2866998287,https://www.twitch.tv/videos/2866998287
2026-09-06 09:11:24 AM,09:11:49 AM,25,v2866998727,https://www.twitch.tv/videos/2866998727
2026-09-06 09:11:59 AM,09:12:24 AM,25,v2866999188,https://www.twitch.tv/videos/2866999188
2026-09-06 09:12:35 AM,09:13:01 AM,26,v2866999622,https://www.twitch.tv/videos/2866999622
2026-09-06 09:13:10 AM,09:13:36 AM,26,v2867000062,https://www.twitch.tv/videos/2867000062
2026-09-06 09:13:46 AM,09:14:14 AM,28,v2867000540,https://www.twitch.tv/videos/2867000540
2026-09-06 09:14:25 AM,09:14:53 AM,28,v2867001013,https://www.twitch.tv/videos/2867001013
2026-09-06 09:15:03 AM,09:15:31 AM,28,v2867001496,https://www.twitch.tv/videos/2867001496
2026-09-06 09:15:41 AM,09:16:09 AM,28,v2867001954,https://www.twitch.tv/videos/2867001954
2026-09-06 09:16:20 AM,09:16:48 AM,28,v2867002446,https://www.twitch.tv/videos/2867002446
2026-09-06 09:16:59 AM,09:17:30 AM,31,v2867002943,https://www.twitch.tv/videos/2867002943
2026-09-06 09:17:40 AM,09:18:10 AM,30,v2867003464,https://www.twitch.tv/videos/2867003464
2026-09-06 09:18:20 AM,09:18:50 AM,30,v2867003969,https://www.twitch.tv/videos/2867003969
2026-09-06 09:19:00 AM,09:19:28 AM,28,v2867004434,https://www.twitch.tv/videos/2867004434
2026-09-06 09:19:38 AM,09:20:06 AM,28,v2867004905,https://www.twitch.tv/videos/2867004905
2026-09-06 09:20:16 AM,09:20:44 AM,28,v2867005391,https://www.twitch.tv/videos/2867005391
2026-09-06 09:20:54 AM,09:21:23 AM,29,v2867005839,https://www.twitch.tv/videos/2867005839
2026-09-06 09:21:33 AM,09:22:01 AM,28,v2867006301,https://www.twitch.tv/videos/2867006301
2026-09-06 09:22:10 AM,09:22:38 AM,28,v2867006792,https://www.twitch.tv/videos/2867006792
2026-09-06 09:22:48 AM,09:23:10 AM,22,v2867007262,https://www.twitch.tv/videos/2867007262
2026-09-06 09:23:21 AM,09:23:43 AM,22,v2867007648,https://www.twitch.tv/videos/2867007648
2026-09-06 09:23:52 AM,09:24:14 AM,22,v2867008047,https://www.twitch.tv/videos/2867008047
2026-09-06 09:24:25 AM,09:24:47 AM,22,v2867008444,https://www.twitch.tv/videos/2867008444
2026-09-06 09:24:57 AM,09:25:19 AM,22,v2867008836,https://www.twitch.tv/videos/2867008836
2026-09-06 09:25:30 AM,09:25:52 AM,22,v2867009246,https://www.twitch.tv/videos/2867009246
2026-09-06 09:26:02 AM,09:26:23 AM,21,v2867009627,https://www.twitch.tv/videos/2867009627
2026-09-06 09:26:32 AM,09:26:53 AM,21,v2867010014,https://www.twitch.tv/videos/2867010014
2026-09-06 09:27:03 AM,09:27:24 AM,21,v2867010408,https://www.twitch.tv/videos/2867010408
2026-09-06 09:27:35 AM,09:27:55 AM,20,v2867010797,https://www.twitch.tv/videos/2867010797
2026-09-06 09:28:05 AM,09:28:25 AM,20,v2867011174,https://www.twitch.tv/videos/2867011174
2026-09-06 09:28:35 AM,09:28:54 AM,19,v2867011542,https://www.twitch.tv/videos/2867011542
2026-09-06 09:29:04 AM,09:29:22 AM,18,v2867011924,https://www.twitch.tv/videos/2867011924
2026-09-06 09:29:31 AM,09:29:49 AM,18,v2867012250,https://www.twitch.tv/videos/2867012250
2026-09-06 09:29:59 AM,09:30:18 AM,19,v2867012631,https://www.twitch.tv/videos/2867012631
2026-09-06 09:30:28 AM,09:30:46 AM,18,v2867013053,https://www.twitch.tv/videos/2867013053
2026-09-06 09:30:56 AM,09:31:14 AM,18,v2867013463,https://www.twitch.tv/videos/2867013463
2026-09-06 09:31:24 AM,09:31:41 AM,17,v2867013863,https://www.twitch.tv/videos/2867013863
2026-09-06 09:31:51 AM,09:32:07 AM,16,v2867014247,https://www.twitch.tv/videos/2867014247
2026-09-06 09:32:17 AM,09:32:33 AM,16,v2867014576,https://www.twitch.tv/videos/2867014576
2026-09-06 09:32:42 AM,09:32:58 AM,16,v2867014890,https://www.twitch.tv/videos/2867014890
2026-09-06 09:33:08 AM,09:33:26 AM,18,v2867015235,https://www.twitch.tv/videos/2867015235
2026-09-06 09:33:36 AM,09:33:54 AM,18,v2867015593,https://www.twitch.tv/videos/2867015593
2026-09-06 09:34:03 AM,09:34:21 AM,18,v2867015924,https://www.twitch.tv/videos/2867015924
2026-09-06 09:34:31 AM,09:34:49 AM,18,v2867016294,https://www.twitch.tv/videos/2867016294
2026-09-06 09:34:59 AM,09:35:17 AM,18,v2867016641,https://www.twitch.tv/videos/2867016641
2026-09-06 09:35:27 AM,09:35:46 AM,19,v2867016985,https://www.twitch.tv/videos/2867016985
2026-09-06 09:35:57 AM,09:36:16 AM,19,v2867017341,https://www.twitch.tv/videos/2867017341
2026-09-06 09:36:26 AM,09:36:47 AM,21,v2867017710,https://www.twitch.tv/videos/2867017710
2026-09-06 09:36:57 AM,09:37:18 AM,21,v2867018091,https://www.twitch.tv/videos/2867018091
2026-09-06 09:37:27 AM,09:37:48 AM,21,v2867018484,https://www.twitch.tv/videos/2867018484
2026-09-06 09:37:58 AM,09:38:18 AM,20,v2867018876,https://www.twitch.tv/videos/2867018876
2026-09-06 09:38:28 AM,09:38:48 AM,20,v2867019267,https://www.twitch.tv/videos/2867019267
2026-09-06 09:38:58 AM,09:39:18 AM,20,v2867019655,https://www.twitch.tv/videos/2867019655
2026-09-06 09:39:28 AM,09:39:48 AM,20,v2867020049,https://www.twitch.tv/videos/2867020049
2026-09-06 09:39:59 AM,09:40:20 AM,21,v2867020424,https://www.twitch.tv/videos/2867020424
2026-09-06 09:40:30 AM,09:40:51 AM,21,v2867020799,https://www.twitch.tv/videos/2867020799
2026-09-06 09:41:01 AM,09:41:22 AM,21,v2867021196,https://www.twitch.tv/videos/2867021196
2026-09-06 09:41:32 AM,09:41:54 AM,22,v2867021629,https://www.twitch.tv/videos/2867021629
2026-09-06 09:42:04 AM,09:42:26 AM,22,v2867022028,https://www.twitch.tv/videos/2867022028
2026-09-06 09:42:37 AM,09:43:01 AM,24,v2867022432,https://www.twitch.tv/videos/2867022432
2026-09-06 09:43:10 AM,09:43:34 AM,24,v2867022880,https://www.twitch.tv/videos/2867022880
2026-09-06 09:43:44 AM,09:44:10 AM,26,v2867023273,https://www.twitch.tv/videos/2867023273
2026-09-06 09:44:20 AM,09:44:44 AM,24,v2867023709,https://www.twitch.tv/videos/2867023709
2026-09-06 09:44:54 AM,09:45:18 AM,24,v2867024148,https://www.twitch.tv/videos/2867024148
2026-09-06 09:45:29 AM,09:45:53 AM,24,v2867024594,https://www.twitch.tv/videos/2867024594
2026-09-06 09:46:03 AM,09:46:26 AM,23,v2867025073,https://www.twitch.tv/videos/2867025073
2026-09-06 09:46:36 AM,09:47:00 AM,24,v2867025521,https://www.twitch.tv/videos/2867025521
2026-09-06 09:47:10 AM,09:47:35 AM,25,v2867025973,https://www.twitch.tv/videos/2867025973
2026-09-06 09:47:45 AM,09:48:10 AM,25,v2867026422,https://www.twitch.tv/videos/2867026422
2026-09-06 09:48:20 AM,09:48:46 AM,26,v2867026876,https://www.twitch.tv/videos/2867026876
2026-09-06 09:48:56 AM,09:49:22 AM,26,v2867027343,https://www.twitch.tv/videos/2867027343
2026-09-06 09:49:32 AM,09:50:01 AM,29,v2867027759,https://www.twitch.tv/videos/2867027759
2026-09-06 09:50:11 AM,09:50:38 AM,27,v2867028265,https://www.twitch.tv/videos/2867028265
2026-09-06 09:50:48 AM,09:51:15 AM,27,v2867028752,https://www.twitch.tv/videos/2867028752
2026-09-06 09:51:26 AM,09:51:53 AM,27,v2867029298,https://www.twitch.tv/videos/2867029298
2026-09-06 09:52:03 AM,09:52:31 AM,28,v2867029855,https://www.twitch.tv/videos/2867029855
2026-09-06 09:52:40 AM,09:53:06 AM,26,v2867030372,https://www.twitch.tv/videos/2867030372
2026-09-06 09:53:17 AM,09:53:43 AM,26,v2867030859,https://www.twitch.tv/videos/2867030859
2026-09-06 09:53:53 AM,09:54:21 AM,28,v2867031323,https://www.twitch.tv/videos/2867031323
2026-09-06 09:54:31 AM,09:54:59 AM,28,v2867031855,https://www.twitch.tv/videos/2867031855
2026-09-06 09:55:10 AM,09:55:39 AM,29,v2867032417,https://www.twitch.tv/videos/2867032417
2026-09-06 09:55:49 AM,09:56:19 AM,30,v2867033038,https://www.twitch.tv/videos/2867033038
2026-09-06 09:56:29 AM,09:56:59 AM,30,v2867033641,https://www.twitch.tv/videos/2867033641
2026-09-06 09:57:10 AM,09:57:40 AM,30,v2867034205,https://www.twitch.tv/videos/2867034205
2026-09-06 09:57:49 AM,09:58:15 AM,26,v2867034778,https://www.twitch.tv/videos/2867034778
2026-09-06 09:58:25 AM,09:58:51 AM,26,v2867035316,https://www.twitch.tv/videos/2867035316
2026-09-06 09:59:01 AM,09:59:29 AM,28,v2867035874,https://www.twitch.tv/videos/2867035874
2026-09-06 09:59:39 AM,10:00:06 AM,27,v2867036556,https://www.twitch.tv/videos/2867036556
2026-09-06 10:00:16 AM,10:00:43 AM,27,v2867037442,https://www.twitch.tv/videos/2867037442
2026-09-06 10:00:53 AM,10:01:20 AM,27,v2867038223,https://www.twitch.tv/videos/2867038223
2026-09-06 10:01:30 AM,10:01:57 AM,27,v2867038945,https://www.twitch.tv/videos/2867038945
2026-09-06 10:02:07 AM,10:02:34 AM,27,v2867039610,https://www.twitch.tv/videos/2867039610
2026-09-06 10:02:45 AM,10:03:16 AM,31,v2867040230,https://www.twitch.tv/videos/2867040230
2026-09-06 10:03:26 AM,10:03:56 AM,30,v2867040911,https://www.twitch.tv/videos/2867040911
2026-09-06 10:04:06 AM,10:04:36 AM,30,v2867041527,https://www.twitch.tv/videos/2867041527
2026-09-06 10:04:46 AM,10:05:14 AM,28,v2867042111,https://www.twitch.tv/videos/2867042111
2026-09-06 10:05:24 AM,10:05:52 AM,28,v2867042653,https://www.twitch.tv/videos/2867042653
2026-09-06 10:06:03 AM,10:06:32 AM,29,v2867043222,https://www.twitch.tv/videos/2867043222
2026-09-06 10:06:41 AM,10:07:10 AM,29,v2867043835,https://www.twitch.tv/videos/2867043835
2026-09-06 10:07:20 AM,10:07:49 AM,29,v2867044444,https://www.twitch.tv/videos/2867044444
2026-09-06 10:07:59 AM,10:08:30 AM,31,v2867044948,https://www.twitch.tv/videos/2867044948
2026-09-06 10:08:40 AM,10:09:11 AM,31,v2867045492,https://www.twitch.tv/videos/2867045492
2026-09-06 10:09:20 AM,10:09:50 AM,30,v2867046041,https://www.twitch.tv/videos/2867046041
2026-09-06 10:10:01 AM,10:10:30 AM,29,v2867046591,https://www.twitch.tv/videos/2867046591
2026-09-06 10:10:39 AM,10:11:06 AM,27,v2867047118,https://www.twitch.tv/videos/2867047118
2026-09-06 10:11:16 AM,10:11:41 AM,25,v2867047643,https://www.twitch.tv/videos/2867047643
2026-09-06 10:11:52 AM,10:12:17 AM,25,v2867048155,https://www.twitch.tv/videos/2867048155
2026-09-06 10:12:27 AM,10:12:51 AM,24,v2867048664,https://www.twitch.tv/videos/2867048664
2026-09-06 10:13:01 AM,10:13:25 AM,24,v2867049186,https://www.twitch.tv/videos/2867049186
2026-09-06 10:13:35 AM,10:13:59 AM,24,v2867049629,https://www.twitch.tv/videos/2867049629
2026-09-06 10:14:09 AM,10:14:33 AM,24,v2867050125,https://www.twitch.tv/videos/2867050125
2026-09-06 10:14:42 AM,10:15:06 AM,24,v2867050585,https://www.twitch.tv/videos/2867050585
2026-09-06 10:15:16 AM,10:15:42 AM,26,v2867051075,https://www.twitch.tv/videos/2867051075
2026-09-06 10:15:52 AM,10:16:18 AM,26,v2867051579,https://www.twitch.tv/videos/2867051579
2026-09-06 10:16:28 AM,10:16:52 AM,24,v2867052060,https://www.twitch.tv/videos/2867052060
2026-09-06 10:17:02 AM,10:17:26 AM,24,v2867052525,https://www.twitch.tv/videos/2867052525
2026-09-06 10:17:37 AM,10:18:01 AM,24,v2867052986,https://www.twitch.tv/videos/2867052986
2026-09-06 10:18:11 AM,10:18:34 AM,23,v2867053415,https://www.twitch.tv/videos/2867053415
2026-09-06 10:18:44 AM,10:19:07 AM,23,v2867053835,https://www.twitch.tv/videos/2867053835
2026-09-06 10:19:17 AM,10:19:40 AM,23,v2867054318,https://www.twitch.tv/videos/2867054318
2026-09-06 10:19:51 AM,10:20:16 AM,25,v2867054758,https://www.twitch.tv/videos/2867054758
2026-09-06 10:20:26 AM,10:20:51 AM,25,v2867055240,https://www.twitch.tv/videos/2867055240
2026-09-06 10:21:01 AM,10:21:26 AM,25,v2867055701,https://www.twitch.tv/videos/2867055701
2026-09-06 10:21:37 AM,10:22:02 AM,25,v2867056169,https://www.twitch.tv/videos/2867056169
2026-09-06 10:22:12 AM,10:22:41 AM,29,v2867056628,https://www.twitch.tv/videos/2867056628
2026-09-06 10:22:51 AM,10:23:20 AM,29,v2867057119,https://www.twitch.tv/videos/2867057119
2026-09-06 10:23:30 AM,10:24:01 AM,31,v2867057623,https://www.twitch.tv/videos/2867057623
2026-09-06 10:24:11 AM,10:24:37 AM,26,v2867058136,https://www.twitch.tv/videos/2867058136
2026-09-06 10:24:47 AM,10:25:13 AM,26,v2867058599,https://www.twitch.tv/videos/2867058599
2026-09-06 10:25:23 AM,10:25:50 AM,27,v2867059086,https://www.twitch.tv/videos/2867059086
2026-09-06 10:26:01 AM,10:26:28 AM,27,v2867059621,https://www.twitch.tv/videos/2867059621
2026-09-06 10:26:38 AM,10:27:05 AM,27,v2867060140,https://www.twitch.tv/videos/2867060140
2026-09-06 10:27:16 AM,10:27:45 AM,29,v2867060691,https://www.twitch.tv/videos/2867060691
2026-09-06 10:27:55 AM,10:28:24 AM,29,v2867061232,https://www.twitch.tv/videos/2867061232
2026-09-06 10:28:35 AM,10:29:05 AM,30,v2867061787,https://www.twitch.tv/videos/2867061787
2026-09-06 10:29:15 AM,10:29:45 AM,30,v2867062342,https://www.twitch.tv/videos/2867062342
2026-09-06 10:29:56 AM,10:30:23 AM,27,v2867062888,https://www.twitch.tv/videos/2867062888
2026-09-06 10:30:33 AM,10:31:00 AM,27,v2867063486,https://www.twitch.tv/videos/2867063486
2026-09-06 10:31:10 AM,10:31:36 AM,26,v2867064092,https://www.twitch.tv/videos/2867064092
2026-09-06 10:31:46 AM,10:32:12 AM,26,v2867064602,https://www.twitch.tv/videos/2867064602
2026-09-06 10:32:22 AM,10:32:48 AM,26,v2867065089,https://www.twitch.tv/videos/2867065089
2026-09-06 10:32:58 AM,10:33:25 AM,27,v2867065633,https://www.twitch.tv/videos/2867065633
2026-09-06 10:33:36 AM,10:34:03 AM,27,v2867066165,https://www.twitch.tv/videos/2867066165
2026-09-06 10:34:13 AM,10:34:40 AM,27,v2867066688,https://www.twitch.tv/videos/2867066688
2026-09-06 10:34:51 AM,10:35:18 AM,27,v2867067260,https://www.twitch.tv/videos/2867067260
2026-09-06 10:35:29 AM,10:35:58 AM,29,v2867067771,https://www.twitch.tv/videos/2867067771
2026-09-06 10:36:08 AM,10:36:37 AM,29,v2867068317,https://www.twitch.tv/videos/2867068317
2026-09-06 10:36:48 AM,10:37:20 AM,32,v2867068870,https://www.twitch.tv/videos/2867068870
2026-09-06 10:37:30 AM,10:38:02 AM,32,v2867069443,https://www.twitch.tv/videos/2867069443
2026-09-06 10:38:12 AM,10:38:44 AM,32,v2867070019,https://www.twitch.tv/videos/2867070019
2026-09-06 10:38:55 AM,10:39:30 AM,35,v2867070565,https://www.twitch.tv/videos/2867070565
2026-09-06 10:39:40 AM,10:40:18 AM,38,v2867071138,https://www.twitch.tv/videos/2867071138
2026-09-06 10:40:28 AM,10:41:06 AM,38,v2867071819,https://www.twitch.tv/videos/2867071819
2026-09-06 10:41:16 AM,10:41:52 AM,36,v2867072488,https://www.twitch.tv/videos/2867072488
2026-09-06 10:42:02 AM,10:42:37 AM,35,v2867073144,https://www.twitch.tv/videos/2867073144
2026-09-06 10:42:48 AM,10:43:20 AM,32,v2867073778,https://www.twitch.tv/videos/2867073778
2026-09-06 10:43:31 AM,10:44:03 AM,32,v2867074334,https://www.twitch.tv/videos/2867074334
2026-09-06 10:44:13 AM,10:44:45 AM,32,v2867074887,https://www.twitch.tv/videos/2867074887
2026-09-06 10:44:56 AM,10:45:25 AM,29,v2867075459,https://www.twitch.tv/videos/2867075459
2026-09-06 10:45:35 AM,10:46:04 AM,29,v2867075968,https://www.twitch.tv/videos/2867075968
2026-09-06 10:46:14 AM,10:46:43 AM,29,v2867076529,https://www.twitch.tv/videos/2867076529
2026-09-06 10:46:52 AM,10:47:19 AM,27,v2867077091,https://www.twitch.tv/videos/2867077091
2026-09-06 10:47:29 AM,10:47:56 AM,27,v2867077607,https://www.twitch.tv/videos/2867077607
2026-09-06 10:48:06 AM,10:48:33 AM,27,v2867078120,https://www.twitch.tv/videos/2867078120
2026-09-06 10:48:43 AM,10:49:10 AM,27,v2867078654,https://www.twitch.tv/videos/2867078654
2026-09-06 10:49:20 AM,10:49:45 AM,25,v2867079251,https://www.twitch.tv/videos/2867079251
2026-09-06 10:49:55 AM,10:50:20 AM,25,v2867079729,https://www.twitch.tv/videos/2867079729
2026-09-06 10:50:30 AM,10:50:56 AM,26,v2867080251,https://www.twitch.tv/videos/2867080251
2026-09-06 10:51:06 AM,10:51:32 AM,26,v2867080758,https://www.twitch.tv/videos/2867080758
2026-09-06 10:51:42 AM,10:52:10 AM,28,v2867081295,https://www.twitch.tv/videos/2867081295
2026-09-06 10:52:20 AM,10:52:48 AM,28,v2867081836,https://www.twitch.tv/videos/2867081836
2026-09-06 10:52:58 AM,10:53:24 AM,26,v2867082375,https://www.twitch.tv/videos/2867082375
2026-09-06 10:53:34 AM,10:54:00 AM,26,v2867082880,https://www.twitch.tv/videos/2867082880
2026-09-06 10:54:10 AM,10:54:36 AM,26,v2867083443,https://www.twitch.tv/videos/2867083443
2026-09-06 10:54:47 AM,10:55:15 AM,28,v2867084003,https://www.twitch.tv/videos/2867084003
2026-09-06 10:55:25 AM,10:55:51 AM,26,v2867084680,https://www.twitch.tv/videos/2867084680
2026-09-06 10:56:01 AM,10:56:27 AM,26,v2867085264,https://www.twitch.tv/videos/2867085264
2026-09-06 10:56:37 AM,10:57:01 AM,24,v2867085887,https://www.twitch.tv/videos/2867085887
2026-09-06 10:57:10 AM,10:57:31 AM,21,v2867086452,https://www.twitch.tv/videos/2867086452
2026-09-06 10:57:41 AM,10:58:02 AM,21,v2867086957,https://www.twitch.tv/videos/2867086957
2026-09-06 10:58:12 AM,10:58:38 AM,26,v2867087490,https://www.twitch.tv/videos/2867087490
2026-09-06 10:58:49 AM,10:59:13 AM,24,v2867088095,https://www.twitch.tv/videos/2867088095
2026-09-06 10:59:23 AM,10:59:45 AM,22,v2867088681,https://www.twitch.tv/videos/2867088681
2026-09-06 10:59:55 AM,11:00:17 AM,22,v2867089219,https://www.twitch.tv/videos/2867089219
2026-09-06 11:00:27 AM,11:00:50 AM,23,v2867089997,https://www.twitch.tv/videos/2867089997
2026-09-06 11:01:00 AM,11:01:23 AM,23,v2867090687,https://www.twitch.tv/videos/2867090687
2026-09-06 11:01:33 AM,11:01:56 AM,23,v2867091362,https://www.twitch.tv/videos/2867091362
2026-09-06 11:02:06 AM,11:02:27 AM,21,v2867091980,https://www.twitch.tv/videos/2867091980
2026-09-06 11:02:37 AM,11:02:58 AM,21,v2867092538,https://www.twitch.tv/videos/2867092538
2026-09-06 11:03:09 AM,11:03:31 AM,22,v2867093127,https://www.twitch.tv/videos/2867093127
2026-09-06 11:03:40 AM,11:04:02 AM,22,v2867093635,https://www.twitch.tv/videos/2867093635
2026-09-06 11:04:12 AM,11:04:34 AM,22,v2867094139,https://www.twitch.tv/videos/2867094139
2026-09-06 11:04:45 AM,11:05:08 AM,23,v2867094662,https://www.twitch.tv/videos/2867094662
2026-09-06 11:05:17 AM,11:05:40 AM,23,v2867095199,https://www.twitch.tv/videos/2867095199
2026-09-06 11:05:50 AM,11:06:09 AM,19,v2867095729,https://www.twitch.tv/videos/2867095729
2026-09-06 11:06:19 AM,11:06:38 AM,19,v2867096186,https://www.twitch.tv/videos/2867096186
2026-09-06 11:06:49 AM,11:07:10 AM,21,v2867096657,https://www.twitch.tv/videos/2867096657
2026-09-06 11:07:20 AM,11:07:41 AM,21,v2867097109,https://www.twitch.tv/videos/2867097109
2026-09-06 11:07:50 AM,11:08:11 AM,21,v2867097556,https://www.twitch.tv/videos/2867097556
2026-09-06 11:08:21 AM,11:08:45 AM,24,v2867098010,https://www.twitch.tv/videos/2867098010
2026-09-06 11:08:54 AM,11:09:18 AM,24,v2867098534,https://www.twitch.tv/videos/2867098534
2026-09-06 11:09:28 AM,11:09:51 AM,23,v2867099033,https://www.twitch.tv/videos/2867099033
2026-09-06 11:10:01 AM,11:10:24 AM,23,v2867099560,https://www.twitch.tv/videos/2867099560
2026-09-06 11:10:34 AM,11:11:01 AM,27,v2867100093,https://www.twitch.tv/videos/2867100093
2026-09-06 11:11:11 AM,11:11:36 AM,25,v2867100723,https://www.twitch.tv/videos/2867100723
2026-09-06 11:11:47 AM,11:12:12 AM,25,v2867101244,https://www.twitch.tv/videos/2867101244
2026-09-06 11:12:23 AM,11:12:51 AM,28,v2867101824,https://www.twitch.tv/videos/2867101824
2026-09-06 11:13:00 AM,11:13:28 AM,28,v2867102413,https://www.twitch.tv/videos/2867102413
2026-09-06 11:13:38 AM,11:14:06 AM,28,v2867102941,https://www.twitch.tv/videos/2867102941
2026-09-06 11:14:17 AM,11:14:47 AM,30,v2867103551,https://www.twitch.tv/videos/2867103551
2026-09-06 11:14:57 AM,11:15:27 AM,30,v2867104180,https://www.twitch.tv/videos/2867104180
2026-09-06 11:15:38 AM,11:16:10 AM,32,v2867104784,https://www.twitch.tv/videos/2867104784
2026-09-06 11:16:20 AM,11:16:52 AM,32,v2867105423,https://www.twitch.tv/videos/2867105423
2026-09-06 11:17:02 AM,11:17:30 AM,28,v2867106047,https://www.twitch.tv/videos/2867106047
2026-09-06 11:17:41 AM,11:18:09 AM,28,v2867106602,https://www.twitch.tv/videos/2867106602
2026-09-06 11:18:19 AM,11:18:48 AM,29,v2867107147,https://www.twitch.tv/videos/2867107147
2026-09-06 11:18:58 AM,11:19:21 AM,23,v2867107689,https://www.twitch.tv/videos/2867107689
2026-09-06 11:19:31 AM,11:19:54 AM,23,v2867108168,https://www.twitch.tv/videos/2867108168
2026-09-06 11:20:04 AM,11:20:25 AM,21,v2867108617,https://www.twitch.tv/videos/2867108617
2026-09-06 11:20:35 AM,11:20:56 AM,21,v2867109046,https://www.twitch.tv/videos/2867109046
2026-09-06 11:21:06 AM,11:21:27 AM,21,v2867109480,https://www.twitch.tv/videos/2867109480
2026-09-06 11:21:38 AM,11:22:00 AM,22,v2867109901,https://www.twitch.tv/videos/2867109901
2026-09-06 11:22:09 AM,11:22:31 AM,22,v2867110329,https://www.twitch.tv/videos/2867110329
2026-09-06 11:22:41 AM,11:23:03 AM,22,v2867110824,https://www.twitch.tv/videos/2867110824
2026-09-06 11:23:12 AM,11:23:29 AM,17,v2867111295,https://www.twitch.tv/videos/2867111295
2026-09-06 11:23:39 AM,11:23:57 AM,18,v2867111672,https://www.twitch.tv/videos/2867111672
2026-09-06 11:24:08 AM,11:24:26 AM,18,v2867112079,https://www.twitch.tv/videos/2867112079
2026-09-06 11:24:36 AM,11:24:54 AM,18,v2867112471,https://www.twitch.tv/videos/2867112471
2026-09-06 11:25:04 AM,11:25:22 AM,18,v2867112853,https://www.twitch.tv/videos/2867112853
2026-09-06 11:25:32 AM,11:25:56 AM,24,v2867113252,https://www.twitch.tv/videos/2867113252
2026-09-06 11:26:06 AM,11:26:29 AM,23,v2867113750,https://www.twitch.tv/videos/2867113750
2026-09-06 11:26:39 AM,11:27:02 AM,23,v2867114238,https://www.twitch.tv/videos/2867114238
2026-09-06 11:27:12 AM,11:27:37 AM,25,v2867114715,https://www.twitch.tv/videos/2867114715
2026-09-06 11:27:47 AM,11:28:12 AM,25,v2867115187,https://www.twitch.tv/videos/2867115187
2026-09-06 11:28:22 AM,11:28:47 AM,25,v2867115649,https://www.twitch.tv/videos/2867115649
2026-09-06 11:28:57 AM,11:29:22 AM,25,v2867116142,https://www.twitch.tv/videos/2867116142
2026-09-06 11:29:33 AM,11:29:59 AM,26,v2867116655,https://www.twitch.tv/videos/2867116655
2026-09-06 11:30:08 AM,11:30:34 AM,26,v2867117241,https://www.twitch.tv/videos/2867117241
2026-09-06 11:30:44 AM,11:31:10 AM,26,v2867117862,https://www.twitch.tv/videos/2867117862
2026-09-06 11:31:21 AM,11:31:45 AM,24,v2867118428,https://www.twitch.tv/videos/2867118428
2026-09-06 11:31:55 AM,11:32:20 AM,25,v2867118895,https://www.twitch.tv/videos/2867118895
2026-09-06 11:32:30 AM,11:32:55 AM,25,v2867119436,https://www.twitch.tv/videos/2867119436
2026-09-06 11:33:06 AM,11:33:32 AM,26,v2867119929,https://www.twitch.tv/videos/2867119929
2026-09-06 11:33:41 AM,11:34:07 AM,26,v2867120452,https://www.twitch.tv/videos/2867120452
2026-09-06 11:34:17 AM,11:34:41 AM,24,v2867120990,https://www.twitch.tv/videos/2867120990
2026-09-06 11:34:51 AM,11:35:15 AM,24,v2867121462,https://www.twitch.tv/videos/2867121462
2026-09-06 11:35:26 AM,11:35:52 AM,26,v2867121999,https://www.twitch.tv/videos/2867121999
2026-09-06 11:36:02 AM,11:36:25 AM,23,v2867122535,https://www.twitch.tv/videos/2867122535
2026-09-06 11:36:35 AM,11:36:57 AM,22,v2867123023,https://www.twitch.tv/videos/2867123023
2026-09-06 11:37:07 AM,11:37:29 AM,22,v2867123517,https://www.twitch.tv/videos/2867123517
2026-09-06 11:37:38 AM,11:38:00 AM,22,v2867124019,https://www.twitch.tv/videos/2867124019
2026-09-06 11:38:10 AM,11:38:34 AM,24,v2867124444,https://www.twitch.tv/videos/2867124444
2026-09-06 11:38:45 AM,11:39:09 AM,24,v2867124973,https://www.twitch.tv/videos/2867124973
2026-09-06 11:39:20 AM,11:39:43 AM,23,v2867125465,https://www.twitch.tv/videos/2867125465
2026-09-06 11:39:53 AM,11:40:16 AM,23,v2867125942,https://www.twitch.tv/videos/2867125942
2026-09-06 11:40:26 AM,11:40:52 AM,26,v2867126412,https://www.twitch.tv/videos/2867126412
2026-09-06 11:41:02 AM,11:41:28 AM,26,v2867126887,https://www.twitch.tv/videos/2867126887
2026-09-06 11:41:38 AM,11:42:08 AM,30,v2867127362,https://www.twitch.tv/videos/2867127362
2026-09-06 11:42:18 AM,11:42:48 AM,30,v2867127944,https://www.twitch.tv/videos/2867127944
2026-09-06 11:42:59 AM,11:43:25 AM,26,v2867128504,https://www.twitch.tv/videos/2867128504
2026-09-06 11:43:34 AM,11:44:00 AM,26,v2867129023,https://www.twitch.tv/videos/2867129023
2026-09-06 11:44:10 AM,11:44:34 AM,24,v2867129543,https://www.twitch.tv/videos/2867129543
2026-09-06 11:44:45 AM,11:45:10 AM,25,v2867130055,https://www.twitch.tv/videos/2867130055
2026-09-06 11:45:20 AM,11:45:45 AM,25,v2867130597,https://www.twitch.tv/videos/2867130597
2026-09-06 11:45:55 AM,11:46:23 AM,28,v2867131092,https://www.twitch.tv/videos/2867131092
2026-09-06 11:46:33 AM,11:46:56 AM,23,v2867131668,https://www.twitch.tv/videos/2867131668
2026-09-06 11:47:07 AM,11:47:30 AM,23,v2867132149,https://www.twitch.tv/videos/2867132149
2026-09-06 11:47:40 AM,11:48:03 AM,23,v2867132660,https://www.twitch.tv/videos/2867132660
2026-09-06 11:48:12 AM,11:48:35 AM,23,v2867133119,https://www.twitch.tv/videos/2867133119
2026-09-06 11:48:45 AM,11:49:07 AM,22,v2867133558,https://www.twitch.tv/videos/2867133558
2026-09-06 11:49:18 AM,11:49:40 AM,22,v2867133999,https://www.twitch.tv/videos/2867133999
2026-09-06 11:49:50 AM,11:50:10 AM,20,v2867134451,https://www.twitch.tv/videos/2867134451
2026-09-06 11:50:19 AM,11:50:38 AM,19,v2867134933,https://www.twitch.tv/videos/2867134933
2026-09-06 11:50:48 AM,11:51:07 AM,19,v2867135386,https://www.twitch.tv/videos/2867135386
2026-09-06 11:51:17 AM,11:51:37 AM,20,v2867135841,https://www.twitch.tv/videos/2867135841
2026-09-06 11:51:46 AM,11:52:06 AM,20,v2867136356,https://www.twitch.tv/videos/2867136356
2026-09-06 11:52:16 AM,11:52:37 AM,21,v2867136809,https://www.twitch.tv/videos/2867136809
2026-09-06 11:52:47 AM,11:53:08 AM,21,v2867137251,https://www.twitch.tv/videos/2867137251
2026-09-06 11:53:18 AM,11:53:39 AM,21,v2867137686,https://www.twitch.tv/videos/2867137686
2026-09-06 11:53:50 AM,11:54:14 AM,24,v2867138172,https://www.twitch.tv/videos/2867138172
2026-09-06 11:54:23 AM,11:54:44 AM,21,v2867138675,https://www.twitch.tv/videos/2867138675
2026-09-06 11:54:55 AM,11:55:17 AM,22,v2867139122,https://www.twitch.tv/videos/2867139122
2026-09-06 11:55:27 AM,11:55:47 AM,20,v2867139631,https://www.twitch.tv/videos/2867139631
2026-09-06 11:55:57 AM,11:56:17 AM,20,v2867140154,https://www.twitch.tv/videos/2867140154
2026-09-06 11:56:27 AM,11:56:46 AM,19,v2867140632,https://www.twitch.tv/videos/2867140632
2026-09-06 11:56:56 AM,11:57:15 AM,19,v2867141096,https://www.twitch.tv/videos/2867141096
2026-09-06 11:57:25 AM,11:57:44 AM,19,v2867141514,https://www.twitch.tv/videos/2867141514
2026-09-06 11:57:54 AM,11:58:13 AM,19,v2867141979,https://www.twitch.tv/videos/2867141979
2026-09-06 11:58:23 AM,11:58:42 AM,19,v2867142502,https://www.twitch.tv/videos/2867142502
2026-09-06 11:58:53 AM,11:59:12 AM,19,v2867142982,https://www.twitch.tv/videos/2867142982
2026-09-06 11:59:22 AM,11:59:43 AM,21,v2867143527,https://www.twitch.tv/videos/2867143527
2026-09-06 11:59:53 AM,12:00:14 PM,21,v2867144078,https://www.twitch.tv/videos/2867144078
2026-09-06 12:00:23 PM,12:00:42 PM,19,v2867144811,https://www.twitch.tv/videos/2867144811
2026-09-06 12:00:52 PM,12:01:09 PM,17,v2867145432,https://www.twitch.tv/videos/2867145432
2026-09-06 12:01:19 PM,12:01:36 PM,17,v2867146014,https://www.twitch.tv/videos/2867146014
2026-09-06 12:01:47 PM,12:02:04 PM,17,v2867146516,https://www.twitch.tv/videos/2867146516
2026-09-06 12:02:14 PM,12:02:34 PM,20,v2867147010,https://www.twitch.tv/videos/2867147010
2026-09-06 12:02:44 PM,12:03:04 PM,20,v2867147519,https://www.twitch.tv/videos/2867147519
2026-09-06 12:03:14 PM,12:03:35 PM,21,v2867148028,https://www.twitch.tv/videos/2867148028
2026-09-06 12:03:44 PM,12:04:06 PM,22,v2867148543,https://www.twitch.tv/videos/2867148543
2026-09-06 12:04:16 PM,12:04:38 PM,22,v2867149037,https://www.twitch.tv/videos/2867149037
2026-09-06 12:04:48 PM,12:05:10 PM,22,v2867149552,https://www.twitch.tv/videos/2867149552
2026-09-06 12:05:20 PM,12:05:40 PM,20,v2867150074,https://www.twitch.tv/videos/2867150074
2026-09-06 12:05:50 PM,12:06:10 PM,20,v2867150554,https://www.twitch.tv/videos/2867150554
2026-09-06 12:06:21 PM,12:06:41 PM,20,v2867151038,https://www.twitch.tv/videos/2867151038
2026-09-06 12:06:51 PM,12:07:11 PM,20,v2867151519,https://www.twitch.tv/videos/2867151519
2026-09-06 12:07:21 PM,12:07:42 PM,21,v2867151955,https://www.twitch.tv/videos/2867151955
2026-09-06 12:07:52 PM,12:08:13 PM,21,v2867152406,https://www.twitch.tv/videos/2867152406
2026-09-06 12:08:23 PM,12:08:44 PM,21,v2867152896,https://www.twitch.tv/videos/2867152896
2026-09-06 12:08:54 PM,12:09:15 PM,21,v2867153370,https://www.twitch.tv/videos/2867153370
2026-09-06 12:09:26 PM,12:09:48 PM,22,v2867153791,https://www.twitch.tv/videos/2867153791
2026-09-06 12:09:57 PM,12:10:19 PM,22,v2867154249,https://www.twitch.tv/videos/2867154249
2026-09-06 12:10:29 PM,12:10:50 PM,21,v2867154708,https://www.twitch.tv/videos/2867154708
2026-09-06 12:10:59 PM,12:11:20 PM,21,v2867155140,https://www.twitch.tv/videos/2867155140
2026-09-06 12:11:30 PM,12:11:51 PM,21,v2867155597,https://www.twitch.tv/videos/2867155597
2026-09-06 12:12:01 PM,12:12:22 PM,21,v2867156106,https://www.twitch.tv/videos/2867156106
2026-09-06 12:12:33 PM,12:12:57 PM,24,v2867156574,https://www.twitch.tv/videos/2867156574
2026-09-06 12:13:06 PM,12:13:31 PM,25,v2867157080,https://www.twitch.tv/videos/2867157080
2026-09-06 12:13:41 PM,12:14:06 PM,25,v2867157587,https://www.twitch.tv/videos/2867157587
2026-09-06 12:14:16 PM,12:14:42 PM,26,v2867158068,https://www.twitch.tv/videos/2867158068
2026-09-06 12:14:52 PM,12:15:18 PM,26,v2867158561,https://www.twitch.tv/videos/2867158561
2026-09-06 12:15:27 PM,12:15:53 PM,26,v2867159093,https://www.twitch.tv/videos/2867159093
2026-09-06 12:16:02 PM,12:16:27 PM,25,v2867159555,https://www.twitch.tv/videos/2867159555
2026-09-06 12:16:37 PM,12:17:00 PM,23,v2867160021,https://www.twitch.tv/videos/2867160021
2026-09-06 12:17:10 PM,12:17:33 PM,23,v2867160446,https://www.twitch.tv/videos/2867160446
2026-09-06 12:17:44 PM,12:18:08 PM,24,v2867160905,https://www.twitch.tv/videos/2867160905
2026-09-06 12:18:18 PM,12:18:41 PM,23,v2867161385,https://www.twitch.tv/videos/2867161385
2026-09-06 12:18:50 PM,12:19:13 PM,23,v2867161831,https://www.twitch.tv/videos/2867161831
2026-09-06 12:19:23 PM,12:19:46 PM,23,v2867162302,https://www.twitch.tv/videos/2867162302
2026-09-06 12:19:56 PM,12:20:19 PM,23,v2867162794,https://www.twitch.tv/videos/2867162794
2026-09-06 12:20:29 PM,12:20:51 PM,22,v2867163297,https://www.twitch.tv/videos/2867163297
2026-09-06 12:21:01 PM,12:21:23 PM,22,v2867163724,https://www.twitch.tv/videos/2867163724
2026-09-06 12:21:33 PM,12:21:56 PM,23,v2867164170,https://www.twitch.tv/videos/2867164170
2026-09-06 12:22:05 PM,12:22:28 PM,23,v2867164611,https://www.twitch.tv/videos/2867164611
2026-09-06 12:22:38 PM,12:22:59 PM,21,v2867165070,https://www.twitch.tv/videos/2867165070
2026-09-06 12:23:09 PM,12:23:30 PM,21,v2867165492,https://www.twitch.tv/videos/2867165492
2026-09-06 12:23:40 PM,12:24:04 PM,24,v2867165899,https://www.twitch.tv/videos/2867165899
2026-09-06 12:24:14 PM,12:24:38 PM,24,v2867166382,https://www.twitch.tv/videos/2867166382
2026-09-06 12:24:48 PM,12:25:11 PM,23,v2867166867,https://www.twitch.tv/videos/2867166867
2026-09-06 12:25:21 PM,12:25:44 PM,23,v2867167364,https://www.twitch.tv/videos/2867167364
2026-09-06 12:25:54 PM,12:26:19 PM,25,v2867167815,https://www.twitch.tv/videos/2867167815
2026-09-06 12:26:28 PM,12:26:53 PM,25,v2867168317,https://www.twitch.tv/videos/2867168317
2026-09-06 12:27:03 PM,12:27:29 PM,26,v2867168775,https://www.twitch.tv/videos/2867168775
2026-09-06 12:27:39 PM,12:28:05 PM,26,v2867169305,https://www.twitch.tv/videos/2867169305
2026-09-06 12:28:16 PM,12:28:42 PM,26,v2867169841,https://www.twitch.tv/videos/2867169841
2026-09-06 12:28:52 PM,12:29:18 PM,26,v2867170292,https://www.twitch.tv/videos/2867170292
2026-09-06 12:29:28 PM,12:29:54 PM,26,v2867170793,https://www.twitch.tv/videos/2867170793
2026-09-06 12:30:04 PM,12:30:32 PM,28,v2867171335,https://www.twitch.tv/videos/2867171335
2026-09-06 12:30:43 PM,12:31:11 PM,28,v2867171896,https://www.twitch.tv/videos/2867171896
2026-09-06 12:31:21 PM,12:31:47 PM,26,v2867172428,https://www.twitch.tv/videos/2867172428
2026-09-06 12:31:57 PM,12:32:23 PM,26,v2867172958,https://www.twitch.tv/videos/2867172958
2026-09-06 12:32:33 PM,12:32:58 PM,25,v2867173446,https://www.twitch.tv/videos/2867173446
2026-09-06 12:33:08 PM,12:33:33 PM,25,v2867173919,https://www.twitch.tv/videos/2867173919
2026-09-06 12:33:42 PM,12:34:07 PM,25,v2867174405,https://www.twitch.tv/videos/2867174405
2026-09-06 12:34:17 PM,12:34:44 PM,27,v2867174878,https://www.twitch.tv/videos/2867174878
2026-09-06 12:34:54 PM,12:35:19 PM,25,v2867175372,https://www.twitch.tv/videos/2867175372
2026-09-06 12:35:30 PM,12:35:55 PM,25,v2867175852,https://www.twitch.tv/videos/2867175852
2026-09-06 12:36:05 PM,12:36:30 PM,25,v2867176342,https://www.twitch.tv/videos/2867176342
2026-09-06 12:36:40 PM,12:37:04 PM,24,v2867176811,https://www.twitch.tv/videos/2867176811
2026-09-06 12:37:15 PM,12:37:39 PM,24,v2867177252,https://www.twitch.tv/videos/2867177252
2026-09-06 12:37:49 PM,12:38:16 PM,27,v2867177668,https://www.twitch.tv/videos/2867177668
2026-09-06 12:38:27 PM,12:38:55 PM,28,v2867178125,https://www.twitch.tv/videos/2867178125
2026-09-06 12:39:05 PM,12:39:33 PM,28,v2867178664,https://www.twitch.tv/videos/2867178664
2026-09-06 12:39:42 PM,12:40:07 PM,25,v2867179148,https://www.twitch.tv/videos/2867179148
2026-09-06 12:40:18 PM,12:40:43 PM,25,v2867179603,https://www.twitch.tv/videos/2867179603
2026-09-06 12:40:53 PM,12:41:18 PM,25,v2867180072,https://www.twitch.tv/videos/2867180072
2026-09-06 12:41:28 PM,12:41:55 PM,27,v2867180513,https://www.twitch.tv/videos/2867180513
2026-09-06 12:42:06 PM,12:42:33 PM,27,v2867181001,https://www.twitch.tv/videos/2867181001
2026-09-06 12:42:43 PM,12:43:11 PM,28,v2867181476,https://www.twitch.tv/videos/2867181476
2026-09-06 12:43:21 PM,12:43:49 PM,28,v2867181968,https://www.twitch.tv/videos/2867181968
2026-09-06 12:43:59 PM,12:44:27 PM,28,v2867182475,https://www.twitch.tv/videos/2867182475
2026-09-06 12:44:37 PM,12:45:05 PM,28,v2867182910,https://www.twitch.tv/videos/2867182910
2026-09-06 12:45:16 PM,12:45:44 PM,28,v2867183421,https://www.twitch.tv/videos/2867183421
2026-09-06 12:45:54 PM,12:46:22 PM,28,v2867183876,https://www.twitch.tv/videos/2867183876
2026-09-06 12:46:33 PM,12:46:57 PM,24,v2867184386,https://www.twitch.tv/videos/2867184386
2026-09-06 12:47:07 PM,12:47:31 PM,24,v2867184848,https://www.twitch.tv/videos/2867184848
2026-09-06 12:47:41 PM,12:48:07 PM,26,v2867185280,https://www.twitch.tv/videos/2867185280
2026-09-06 12:48:17 PM,12:48:43 PM,26,v2867185733,https://www.twitch.tv/videos/2867185733
2026-09-06 12:48:53 PM,12:49:19 PM,26,v2867186173,https://www.twitch.tv/videos/2867186173
2026-09-06 12:49:28 PM,12:49:55 PM,27,v2867186616,https://www.twitch.tv/videos/2867186616
2026-09-06 12:50:05 PM,12:50:32 PM,27,v2867187107,https://www.twitch.tv/videos/2867187107
2026-09-06 12:50:42 PM,12:51:09 PM,27,v2867187568,https://www.twitch.tv/videos/2867187568
2026-09-06 12:51:19 PM,12:51:45 PM,26,v2867188047,https://www.twitch.tv/videos/2867188047
2026-09-06 12:51:55 PM,12:52:21 PM,26,v2867188503,https://www.twitch.tv/videos/2867188503
2026-09-06 12:52:31 PM,12:52:56 PM,25,v2867188898,https://www.twitch.tv/videos/2867188898
2026-09-06 12:53:05 PM,12:53:30 PM,25,v2867189360,https://www.twitch.tv/videos/2867189360
2026-09-06 12:53:40 PM,12:54:10 PM,30,v2867189806,https://www.twitch.tv/videos/2867189806
2026-09-06 12:54:20 PM,12:54:50 PM,30,v2867190367,https://www.twitch.tv/videos/2867190367
2026-09-06 12:55:00 PM,12:55:30 PM,30,v2867190901,https://www.twitch.tv/videos/2867190901
2026-09-06 12:55:40 PM,12:56:13 PM,33,v2867191462,https://www.twitch.tv/videos/2867191462
2026-09-06 12:56:24 PM,12:56:57 PM,33,v2867192041,https://www.twitch.tv/videos/2867192041
2026-09-06 12:57:07 PM,12:57:39 PM,32,v2867192624,https://www.twitch.tv/videos/2867192624
2026-09-06 12:57:49 PM,12:58:21 PM,32,v2867193248,https://www.twitch.tv/videos/2867193248
2026-09-06 12:58:31 PM,12:59:04 PM,33,v2867193815,https://www.twitch.tv/videos/2867193815
2026-09-06 12:59:15 PM,12:59:47 PM,32,v2867194432,https://www.twitch.tv/videos/2867194432
2026-09-06 12:59:57 PM,01:00:29 PM,32,v2867195075,https://www.twitch.tv/videos/2867195075
2026-09-06 01:00:40 PM,01:01:14 PM,34,v2867195850,https://www.twitch.tv/videos/2867195850
2026-09-06 01:01:23 PM,01:01:57 PM,34,v2867196545,https://www.twitch.tv/videos/2867196545
2026-09-06 01:02:08 PM,01:02:42 PM,34,v2867197202,https://www.twitch.tv/videos/2867197202
2026-09-06 01:02:53 PM,01:03:29 PM,36,v2867197840,https://www.twitch.tv/videos/2867197840
2026-09-06 01:03:40 PM,01:04:16 PM,36,v2867198492,https://www.twitch.tv/videos/2867198492
2026-09-06 01:04:26 PM,01:04:59 PM,33,v2867199139,https://www.twitch.tv/videos/2867199139
2026-09-06 01:05:10 PM,01:05:44 PM,34,v2867199755,https://www.twitch.tv/videos/2867199755
2026-09-06 01:05:54 PM,01:06:27 PM,33,v2867200331,https://www.twitch.tv/videos/2867200331
2026-09-06 01:06:37 PM,01:07:09 PM,32,v2867200892,https://www.twitch.tv/videos/2867200892
2026-09-06 01:07:19 PM,01:07:51 PM,32,v2867201473,https://www.twitch.tv/videos/2867201473
2026-09-06 01:08:01 PM,01:08:32 PM,31,v2867202062,https://www.twitch.tv/videos/2867202062
2026-09-06 01:08:42 PM,01:09:14 PM,32,v2867202614,https://www.twitch.tv/videos/2867202614
2026-09-06 01:09:24 PM,01:09:56 PM,32,v2867203198,https://www.twitch.tv/videos/2867203198
2026-09-06 01:10:07 PM,01:10:38 PM,31,v2867203741,https://www.twitch.tv/videos/2867203741
2026-09-06 01:10:48 PM,01:11:17 PM,29,v2867204319,https://www.twitch.tv/videos/2867204319
2026-09-06 01:11:27 PM,01:11:56 PM,29,v2867204830,https://www.twitch.tv/videos/2867204830
2026-09-06 01:12:07 PM,01:12:36 PM,29,v2867205372,https://www.twitch.tv/videos/2867205372
2026-09-06 01:12:45 PM,01:13:13 PM,28,v2867205869,https://www.twitch.tv/videos/2867205869
2026-09-06 01:13:23 PM,01:13:51 PM,28,v2867206348,https://www.twitch.tv/videos/2867206348
2026-09-06 01:14:01 PM,01:14:29 PM,28,v2867206826,https://www.twitch.tv/videos/2867206826
2026-09-06 01:19:49 PM,01:19:59 PM,10,v2867211300,https://www.twitch.tv/videos/2867211300
2026-09-06 01:20:09 PM,01:20:19 PM,10,v2867211548,https://www.twitch.tv/videos/2867211548
2026-09-06 01:20:28 PM,01:20:38 PM,10,v2867211786,https://www.twitch.tv/videos/2867211786
2026-09-06 01:20:48 PM,01:21:01 PM,13,v2867212040,https://www.twitch.tv/videos/2867212040
2026-09-06 01:21:10 PM,01:21:23 PM,13,v2867212343,https://www.twitch.tv/videos/2867212343
2026-09-06 01:21:33 PM,01:21:46 PM,13,v2867212640,https://www.twitch.tv/videos/2867212640
2026-09-06 01:21:55 PM,01:22:11 PM,16,v2867212915,https://www.twitch.tv/videos/2867212915
2026-09-06 01:22:21 PM,01:22:37 PM,16,v2867213218,https://www.twitch.tv/videos/2867213218
2026-09-06 01:22:47 PM,01:23:03 PM,16,v2867213570,https://www.twitch.tv/videos/2867213570
2026-09-06 01:23:13 PM,01:23:34 PM,21,v2867213900,https://www.twitch.tv/videos/2867213900
2026-09-06 01:23:44 PM,01:24:05 PM,21,v2867214250,https://www.twitch.tv/videos/2867214250
2026-09-06 01:24:15 PM,01:24:39 PM,24,v2867214619,https://www.twitch.tv/videos/2867214619
2026-09-06 01:24:49 PM,01:25:13 PM,24,v2867215023,https://www.twitch.tv/videos/2867215023
2026-09-06 01:25:23 PM,01:25:50 PM,27,v2867215458,https://www.twitch.tv/videos/2867215458
2026-09-06 01:26:01 PM,01:26:28 PM,27,v2867215918,https://www.twitch.tv/videos/2867215918
2026-09-06 01:26:39 PM,01:27:06 PM,27,v2867216390,https://www.twitch.tv/videos/2867216390
2026-09-06 01:27:17 PM,01:27:49 PM,32,v2867216849,https://www.twitch.tv/videos/2867216849
2026-09-06 01:27:59 PM,01:28:31 PM,32,v2867217366,https://www.twitch.tv/videos/2867217366
2026-09-06 01:28:41 PM,01:29:12 PM,31,v2867217911,https://www.twitch.tv/videos/2867217911
2026-09-06 01:29:22 PM,01:29:54 PM,32,v2867218402,https://www.twitch.tv/videos/2867218402
2026-09-06 01:30:05 PM,01:30:37 PM,32,v2867218992,https://www.twitch.tv/videos/2867218992
2026-09-06 01:30:48 PM,01:31:20 PM,32,v2867219554,https://www.twitch.tv/videos/2867219554
2026-09-06 01:31:31 PM,01:32:03 PM,32,v2867220079,https://www.twitch.tv/videos/2867220079
2026-09-06 01:32:13 PM,01:32:43 PM,30,v2867220597,https://www.twitch.tv/videos/2867220597
2026-09-06 01:32:54 PM,01:33:24 PM,30,v2867221082,https://www.twitch.tv/videos/2867221082
2026-09-06 01:33:35 PM,01:34:06 PM,31,v2867221510,https://www.twitch.tv/videos/2867221510
2026-09-06 01:34:16 PM,01:34:47 PM,31,v2867222014,https://www.twitch.tv/videos/2867222014
2026-09-06 01:34:58 PM,01:35:29 PM,31,v2867222497,https://www.twitch.tv/videos/2867222497
2026-09-06 01:35:39 PM,01:36:15 PM,36,v2867222990,https://www.twitch.tv/videos/2867222990
2026-09-06 01:36:26 PM,01:37:02 PM,36,v2867223601,https://www.twitch.tv/videos/2867223601
2026-09-06 01:37:12 PM,01:37:48 PM,36,v2867224183,https://www.twitch.tv/videos/2867224183
2026-09-06 01:37:58 PM,01:38:33 PM,35,v2867224737,https://www.twitch.tv/videos/2867224737
2026-09-06 01:38:43 PM,01:39:18 PM,35,v2867225271,https://www.twitch.tv/videos/2867225271
2026-09-06 01:39:29 PM,01:40:05 PM,36,v2867225804,https://www.twitch.tv/videos/2867225804
2026-09-06 01:40:15 PM,01:40:53 PM,38,v2867226345,https://www.twitch.tv/videos/2867226345
2026-09-06 01:41:04 PM,01:41:42 PM,38,v2867226900,https://www.twitch.tv/videos/2867226900
2026-09-06 01:41:52 PM,01:42:29 PM,37,v2867227433,https://www.twitch.tv/videos/2867227433
2026-09-06 01:42:40 PM,01:43:20 PM,40,v2867228015,https://www.twitch.tv/videos/2867228015
2026-09-06 01:43:30 PM,01:44:10 PM,40,v2867228620,https://www.twitch.tv/videos/2867228620
2026-09-06 01:44:21 PM,01:45:01 PM,40,v2867229269,https://www.twitch.tv/videos/2867229269
2026-09-06 01:45:11 PM,01:45:50 PM,39,v2867229891,https://www.twitch.tv/videos/2867229891
2026-09-06 01:46:01 PM,01:46:40 PM,39,v2867230495,https://www.twitch.tv/videos/2867230495
2026-09-06 01:46:50 PM,01:47:23 PM,33,v2867231076,https://www.twitch.tv/videos/2867231076
2026-09-06 01:47:34 PM,01:48:07 PM,33,v2867231568,https://www.twitch.tv/videos/2867231568
2026-09-06 01:48:18 PM,01:48:53 PM,35,v2867232077,https://www.twitch.tv/videos/2867232077
2026-09-06 01:49:04 PM,01:49:39 PM,35,v2867232598,https://www.twitch.tv/videos/2867232598
2026-09-06 01:49:49 PM,01:50:26 PM,37,v2867233156,https://www.twitch.tv/videos/2867233156
2026-09-06 01:50:37 PM,01:51:14 PM,37,v2867233749,https://www.twitch.tv/videos/2867233749
2026-09-06 01:51:24 PM,01:51:59 PM,35,v2867234338,https://www.twitch.tv/videos/2867234338
2026-09-06 01:52:10 PM,01:52:45 PM,35,v2867234928,https://www.twitch.tv/videos/2867234928
2026-09-06 01:52:56 PM,01:53:31 PM,35,v2867235463,https://www.twitch.tv/videos/2867235463
2026-09-06 01:53:41 PM,01:54:20 PM,39,v2867236005,https://www.twitch.tv/videos/2867236005
2026-09-06 01:54:31 PM,01:55:10 PM,39,v2867236563,https://www.twitch.tv/videos/2867236563
2026-09-06 01:55:20 PM,01:55:59 PM,39,v2867237134,https://www.twitch.tv/videos/2867237134
2026-09-06 01:56:10 PM,01:56:47 PM,37,v2867237772,https://www.twitch.tv/videos/2867237772
2026-09-06 01:56:57 PM,01:57:34 PM,37,v2867238373,https://www.twitch.tv/videos/2867238373
2026-09-06 01:57:45 PM,01:58:21 PM,36,v2867238949,https://www.twitch.tv/videos/2867238949
2026-09-06 01:58:32 PM,01:59:09 PM,37,v2867239573,https://www.twitch.tv/videos/2867239573
2026-09-06 01:59:20 PM,01:59:57 PM,37,v2867240211,https://www.twitch.tv/videos/2867240211
2026-09-06 02:00:08 PM,02:00:45 PM,37,v2867240911,https://www.twitch.tv/videos/2867240911
2026-09-06 02:00:56 PM,02:01:28 PM,32,v2867241647,https://www.twitch.tv/videos/2867241647
2026-09-06 02:01:38 PM,02:02:10 PM,32,v2867242277,https://www.twitch.tv/videos/2867242277
2026-09-06 02:02:21 PM,02:02:53 PM,32,v2867242864,https://www.twitch.tv/videos/2867242864
2026-09-06 02:03:03 PM,02:03:30 PM,27,v2867243402,https://www.twitch.tv/videos/2867243402
2026-09-06 02:03:40 PM,02:04:05 PM,25,v2867243894,https://www.twitch.tv/videos/2867243894
2026-09-06 02:04:15 PM,02:04:40 PM,25,v2867244347,https://www.twitch.tv/videos/2867244347
2026-09-06 02:04:50 PM,02:05:17 PM,27,v2867244795,https://www.twitch.tv/videos/2867244795
2026-09-06 02:05:28 PM,02:05:55 PM,27,v2867245272,https://www.twitch.tv/videos/2867245272
2026-09-06 02:06:05 PM,02:06:32 PM,27,v2867245742,https://www.twitch.tv/videos/2867245742
2026-09-06 02:06:42 PM,02:07:08 PM,26,v2867246202,https://www.twitch.tv/videos/2867246202
2026-09-06 02:07:19 PM,02:07:45 PM,26,v2867246654,https://www.twitch.tv/videos/2867246654
2026-09-06 02:07:55 PM,02:08:19 PM,24,v2867247091,https://www.twitch.tv/videos/2867247091
2026-09-06 02:08:30 PM,02:08:54 PM,24,v2867247488,https://www.twitch.tv/videos/2867247488
2026-09-06 02:09:04 PM,02:09:28 PM,24,v2867247901,https://www.twitch.tv/videos/2867247901
2026-09-06 02:09:39 PM,02:10:02 PM,23,v2867248341,https://www.twitch.tv/videos/2867248341
2026-09-06 02:10:12 PM,02:10:35 PM,23,v2867248772,https://www.twitch.tv/videos/2867248772
2026-09-06 02:10:45 PM,02:11:08 PM,23,v2867249185,https://www.twitch.tv/videos/2867249185
2026-09-06 02:11:18 PM,02:11:41 PM,23,v2867249611,https://www.twitch.tv/videos/2867249611
2026-09-06 02:11:51 PM,02:12:16 PM,25,v2867250041,https://www.twitch.tv/videos/2867250041
2026-09-06 02:12:27 PM,02:12:52 PM,25,v2867250487,https://www.twitch.tv/videos/2867250487
2026-09-06 02:13:02 PM,02:13:27 PM,25,v2867250866,https://www.twitch.tv/videos/2867250866
2026-09-06 02:13:36 PM,02:14:03 PM,27,v2867251271,https://www.twitch.tv/videos/2867251271
2026-09-06 02:14:14 PM,02:14:41 PM,27,v2867251734,https://www.twitch.tv/videos/2867251734
2026-09-06 02:14:50 PM,02:15:17 PM,27,v2867252189,https://www.twitch.tv/videos/2867252189
2026-09-06 02:15:28 PM,02:15:59 PM,31,v2867252615,https://www.twitch.tv/videos/2867252615
2026-09-06 02:16:09 PM,02:16:40 PM,31,v2867253070,https://www.twitch.tv/videos/2867253070
2026-09-06 02:16:51 PM,02:17:21 PM,30,v2867253544,https://www.twitch.tv/videos/2867253544
2026-09-06 02:17:31 PM,02:18:02 PM,31,v2867254011,https://www.twitch.tv/videos/2867254011
2026-09-06 02:18:13 PM,02:18:44 PM,31,v2867254519,https://www.twitch.tv/videos/2867254519
2026-09-06 02:18:54 PM,02:19:26 PM,32,v2867255059,https://www.twitch.tv/videos/2867255059
2026-09-06 02:19:37 PM,02:20:10 PM,33,v2867255557,https://www.twitch.tv/videos/2867255557
2026-09-06 02:20:21 PM,02:20:54 PM,33,v2867256035,https://www.twitch.tv/videos/2867256035
2026-09-06 02:21:04 PM,02:21:37 PM,33,v2867256516,https://www.twitch.tv/videos/2867256516
2026-09-06 02:21:48 PM,02:22:22 PM,34,v2867256999,https://www.twitch.tv/videos/2867256999
2026-09-06 02:22:33 PM,02:23:07 PM,34,v2867257527,https://www.twitch.tv/videos/2867257527
2026-09-06 02:23:18 PM,02:23:52 PM,34,v2867258044,https://www.twitch.tv/videos/2867258044
2026-09-06 02:24:02 PM,02:24:36 PM,34,v2867258500,https://www.twitch.tv/videos/2867258500
2026-09-06 02:24:47 PM,02:25:20 PM,33,v2867259031,https://www.twitch.tv/videos/2867259031
2026-09-06 02:25:30 PM,02:25:58 PM,28,v2867259506,https://www.twitch.tv/videos/2867259506
2026-09-06 02:26:08 PM,02:26:36 PM,28,v2867259973,https://www.twitch.tv/videos/2867259973
2026-09-06 02:26:47 PM,02:27:16 PM,29,v2867260446,https://www.twitch.tv/videos/2867260446
2026-09-06 02:27:26 PM,02:27:55 PM,29,v2867260893,https://www.twitch.tv/videos/2867260893
2026-09-06 02:28:06 PM,02:28:34 PM,28,v2867261344,https://www.twitch.tv/videos/2867261344
2026-09-06 02:28:44 PM,02:29:12 PM,28,v2867261802,https://www.twitch.tv/videos/2867261802
2026-09-06 02:29:21 PM,02:29:49 PM,28,v2867262191,https://www.twitch.tv/videos/2867262191
2026-09-06 02:29:59 PM,02:30:28 PM,29,v2867262605,https://www.twitch.tv/videos/2867262605
2026-09-06 02:30:39 PM,02:31:08 PM,29,v2867263081,https://www.twitch.tv/videos/2867263081
2026-09-06 02:31:18 PM,02:31:47 PM,29,v2867263545,https://www.twitch.tv/videos/2867263545
2026-09-06 02:31:57 PM,02:32:28 PM,31,v2867264012,https://www.twitch.tv/videos/2867264012
2026-09-06 02:32:38 PM,02:33:07 PM,29,v2867264499,https://www.twitch.tv/videos/2867264499
2026-09-06 02:33:18 PM,02:33:47 PM,29,v2867264979,https://www.twitch.tv/videos/2867264979
2026-09-06 02:33:58 PM,02:34:29 PM,31,v2867265410,https://www.twitch.tv/videos/2867265410
2026-09-06 02:34:39 PM,02:35:09 PM,30,v2867265893,https://www.twitch.tv/videos/2867265893
2026-09-06 02:35:19 PM,02:35:47 PM,28,v2867266380,https://www.twitch.tv/videos/2867266380
2026-09-06 02:35:58 PM,02:36:26 PM,28,v2867266834,https://www.twitch.tv/videos/2867266834
2026-09-06 02:36:37 PM,02:37:06 PM,29,v2867267272,https://www.twitch.tv/videos/2867267272
2026-09-06 02:37:16 PM,02:37:45 PM,29,v2867267739,https://www.twitch.tv/videos/2867267739
2026-09-06 02:37:57 PM,02:38:28 PM,31,v2867268213,https://www.twitch.tv/videos/2867268213
2026-09-06 02:38:38 PM,02:39:08 PM,30,v2867268712,https://www.twitch.tv/videos/2867268712
2026-09-06 02:39:18 PM,02:39:47 PM,29,v2867269179,https://www.twitch.tv/videos/2867269179
2026-09-06 02:39:58 PM,02:40:27 PM,29,v2867269636,https://www.twitch.tv/videos/2867269636
2026-09-06 02:40:38 PM,02:41:04 PM,26,v2867270087,https://www.twitch.tv/videos/2867270087
2026-09-06 02:41:14 PM,02:41:39 PM,25,v2867270499,https://www.twitch.tv/videos/2867270499
2026-09-06 02:41:50 PM,02:42:12 PM,22,v2867270884,https://www.twitch.tv/videos/2867270884
2026-09-06 02:42:22 PM,02:42:44 PM,22,v2867271262,https://www.twitch.tv/videos/2867271262
2026-09-06 02:42:54 PM,02:43:16 PM,22,v2867271642,https://www.twitch.tv/videos/2867271642
2026-09-06 02:43:27 PM,02:43:56 PM,29,v2867271990,https://www.twitch.tv/videos/2867271990
2026-09-06 02:44:06 PM,02:44:35 PM,29,v2867272408,https://www.twitch.tv/videos/2867272408
2026-09-06 02:44:45 PM,02:45:14 PM,29,v2867272846,https://www.twitch.tv/videos/2867272846
2026-09-06 02:45:25 PM,02:45:53 PM,28,v2867273311,https://www.twitch.tv/videos/2867273311
2026-09-06 02:46:04 PM,02:46:32 PM,28,v2867273757,https://www.twitch.tv/videos/2867273757
2026-09-06 02:46:42 PM,02:47:09 PM,27,v2867274193,https://www.twitch.tv/videos/2867274193
2026-09-06 02:47:19 PM,02:47:46 PM,27,v2867274612,https://www.twitch.tv/videos/2867274612
2026-09-06 02:47:56 PM,02:48:25 PM,29,v2867275010,https://www.twitch.tv/videos/2867275010
2026-09-06 02:48:35 PM,02:49:04 PM,29,v2867275423,https://www.twitch.tv/videos/2867275423
2026-09-06 02:49:15 PM,02:49:44 PM,29,v2867275887,https://www.twitch.tv/videos/2867275887
2026-09-06 02:49:55 PM,02:50:26 PM,31,v2867276315,https://www.twitch.tv/videos/2867276315
2026-09-06 02:50:36 PM,02:51:08 PM,32,v2867276797,https://www.twitch.tv/videos/2867276797
2026-09-06 02:51:18 PM,02:51:52 PM,34,v2867277267,https://www.twitch.tv/videos/2867277267
2026-09-06 02:52:04 PM,02:52:38 PM,34,v2867277774,https://www.twitch.tv/videos/2867277774
2026-09-06 02:52:48 PM,02:53:18 PM,30,v2867278276,https://www.twitch.tv/videos/2867278276
2026-09-06 02:53:29 PM,02:54:00 PM,31,v2867278719,https://www.twitch.tv/videos/2867278719
2026-09-06 02:54:10 PM,02:54:41 PM,31,v2867279228,https://www.twitch.tv/videos/2867279228
2026-09-06 02:54:52 PM,02:55:23 PM,31,v2867279680,https://www.twitch.tv/videos/2867279680
2026-09-06 02:55:34 PM,02:56:06 PM,32,v2867280135,https://www.twitch.tv/videos/2867280135
2026-09-06 02:56:16 PM,02:56:47 PM,31,v2867280675,https://www.twitch.tv/videos/2867280675
2026-09-06 02:56:57 PM,02:57:27 PM,30,v2867281166,https://www.twitch.tv/videos/2867281166
2026-09-06 02:57:38 PM,02:58:08 PM,30,v2867281660,https://www.twitch.tv/videos/2867281660
2026-09-06 02:58:19 PM,02:58:50 PM,31,v2867282110,https://www.twitch.tv/videos/2867282110
2026-09-06 02:59:00 PM,02:59:30 PM,30,v2867282560,https://www.twitch.tv/videos/2867282560
2026-09-06 02:59:39 PM,03:00:09 PM,30,v2867283092,https://www.twitch.tv/videos/2867283092
2026-09-06 03:00:20 PM,03:00:49 PM,29,v2867283747,https://www.twitch.tv/videos/2867283747
2026-09-06 03:00:59 PM,03:01:26 PM,27,v2867284387,https://www.twitch.tv/videos/2867284387
2026-09-06 03:01:36 PM,03:02:01 PM,25,v2867284938,https://www.twitch.tv/videos/2867284938
2026-09-06 03:02:12 PM,03:02:39 PM,27,v2867285446,https://www.twitch.tv/videos/2867285446
2026-09-06 03:02:49 PM,03:03:16 PM,27,v2867285871,https://www.twitch.tv/videos/2867285871
2026-09-06 03:03:26 PM,03:03:51 PM,25,v2867286329,https://www.twitch.tv/videos/2867286329
2026-09-06 03:04:02 PM,03:04:28 PM,26,v2867286761,https://www.twitch.tv/videos/2867286761
2026-09-06 03:04:38 PM,03:05:04 PM,26,v2867287197,https://www.twitch.tv/videos/2867287197
2026-09-06 03:05:14 PM,03:05:40 PM,26,v2867287618,https://www.twitch.tv/videos/2867287618
2026-09-06 03:05:49 PM,03:06:14 PM,25,v2867288026,https://www.twitch.tv/videos/2867288026
2026-09-06 03:06:24 PM,03:06:48 PM,24,v2867288457,https://www.twitch.tv/videos/2867288457
2026-09-06 03:06:59 PM,03:07:23 PM,24,v2867288843,https://www.twitch.tv/videos/2867288843
2026-09-06 03:07:33 PM,03:07:58 PM,25,v2867289257,https://www.twitch.tv/videos/2867289257
2026-09-06 03:08:08 PM,03:08:33 PM,25,v2867289681,https://www.twitch.tv/videos/2867289681
2026-09-06 03:08:44 PM,03:09:09 PM,25,v2867290095,https://www.twitch.tv/videos/2867290095
2026-09-06 03:09:19 PM,03:09:46 PM,27,v2867290505,https://www.twitch.tv/videos/2867290505
2026-09-06 03:09:57 PM,03:10:22 PM,25,v2867290929,https://www.twitch.tv/videos/2867290929
2026-09-06 03:10:32 PM,03:10:57 PM,25,v2867291314,https://www.twitch.tv/videos/2867291314
2026-09-06 03:11:07 PM,03:11:34 PM,27,v2867291707,https://www.twitch.tv/videos/2867291707
2026-09-06 03:11:44 PM,03:12:11 PM,27,v2867292148,https://www.twitch.tv/videos/2867292148
2026-09-06 03:12:21 PM,03:12:50 PM,29,v2867292606,https://www.twitch.tv/videos/2867292606
2026-09-06 03:13:01 PM,03:13:30 PM,29,v2867293063,https://www.twitch.tv/videos/2867293063
2026-09-06 03:13:41 PM,03:14:10 PM,29,v2867293543,https://www.twitch.tv/videos/2867293543
2026-09-06 03:14:21 PM,03:14:51 PM,30,v2867293993,https://www.twitch.tv/videos/2867293993
2026-09-06 03:15:01 PM,03:15:32 PM,31,v2867294494,https://www.twitch.tv/videos/2867294494
2026-09-06 03:15:43 PM,03:16:14 PM,31,v2867294974,https://www.twitch.tv/videos/2867294974
2026-09-06 03:16:25 PM,03:16:56 PM,31,v2867295407,https://www.twitch.tv/videos/2867295407
2026-09-06 03:17:06 PM,03:17:39 PM,33,v2867295895,https://www.twitch.tv/videos/2867295895
2026-09-06 03:17:50 PM,03:18:22 PM,32,v2867296372,https://www.twitch.tv/videos/2867296372
2026-09-06 03:18:33 PM,03:19:06 PM,33,v2867296822,https://www.twitch.tv/videos/2867296822
2026-09-06 03:19:17 PM,03:19:50 PM,33,v2867297299,https://www.twitch.tv/videos/2867297299
2026-09-06 03:20:01 PM,03:20:32 PM,31,v2867297819,https://www.twitch.tv/videos/2867297819
2026-09-06 03:20:42 PM,03:21:11 PM,29,v2867298321,https://www.twitch.tv/videos/2867298321
2026-09-06 03:21:21 PM,03:21:50 PM,29,v2867298779,https://www.twitch.tv/videos/2867298779
2026-09-06 03:22:00 PM,03:22:29 PM,29,v2867299253,https://www.twitch.tv/videos/2867299253
2026-09-06 03:22:39 PM,03:23:07 PM,28,v2867299709,https://www.twitch.tv/videos/2867299709
2026-09-06 03:23:18 PM,03:23:46 PM,28,v2867300159,https://www.twitch.tv/videos/2867300159
2026-09-06 03:23:56 PM,03:24:21 PM,25,v2867300604,https://www.twitch.tv/videos/2867300604
2026-09-06 03:24:31 PM,03:24:56 PM,25,v2867300994,https://www.twitch.tv/videos/2867300994
2026-09-06 03:25:06 PM,03:25:31 PM,25,v2867301397,https://www.twitch.tv/videos/2867301397
2026-09-06 03:25:41 PM,03:26:07 PM,26,v2867301777,https://www.twitch.tv/videos/2867301777
2026-09-06 03:26:17 PM,03:26:43 PM,26,v2867302204,https://www.twitch.tv/videos/2867302204
2026-09-06 03:26:53 PM,03:27:19 PM,26,v2867302609,https://www.twitch.tv/videos/2867302609
2026-09-06 03:27:29 PM,03:27:54 PM,25,v2867303015,https://www.twitch.tv/videos/2867303015
2026-09-06 03:28:04 PM,03:28:30 PM,26,v2867303410,https://www.twitch.tv/videos/2867303410
2026-09-06 03:28:40 PM,03:29:06 PM,26,v2867303833,https://www.twitch.tv/videos/2867303833
2026-09-06 03:29:16 PM,03:29:44 PM,28,v2867304263,https://www.twitch.tv/videos/2867304263
2026-09-06 03:29:54 PM,03:30:22 PM,28,v2867304713,https://www.twitch.tv/videos/2867304713
2026-09-06 03:30:33 PM,03:31:01 PM,28,v2867305198,https://www.twitch.tv/videos/2867305198
2026-09-06 03:31:12 PM,03:31:40 PM,28,v2867305657,https://www.twitch.tv/videos/2867305657
2026-09-06 03:31:51 PM,03:32:18 PM,27,v2867306128,https://www.twitch.tv/videos/2867306128
2026-09-06 03:32:28 PM,03:32:55 PM,27,v2867306516,https://www.twitch.tv/videos/2867306516
2026-09-06 03:33:06 PM,03:33:33 PM,27,v2867306898,https://www.twitch.tv/videos/2867306898
2026-09-06 03:33:43 PM,03:34:10 PM,27,v2867307308,https://www.twitch.tv/videos/2867307308
2026-09-06 03:34:21 PM,03:34:48 PM,27,v2867307750,https://www.twitch.tv/videos/2867307750
2026-09-06 03:34:58 PM,03:35:28 PM,30,v2867308172,https://www.twitch.tv/videos/2867308172
2026-09-06 03:35:38 PM,03:36:07 PM,29,v2867308631,https://www.twitch.tv/videos/2867308631
2026-09-06 03:36:18 PM,03:36:47 PM,29,v2867309109,https://www.twitch.tv/videos/2867309109
2026-09-06 03:36:57 PM,03:37:27 PM,30,v2867309534,https://www.twitch.tv/videos/2867309534
2026-09-06 03:37:38 PM,03:38:05 PM,27,v2867309971,https://www.twitch.tv/videos/2867309971
2026-09-06 03:38:14 PM,03:38:41 PM,27,v2867310378,https://www.twitch.tv/videos/2867310378
2026-09-06 03:38:51 PM,03:39:15 PM,24,v2867310781,https://www.twitch.tv/videos/2867310781
2026-09-06 03:39:26 PM,03:39:50 PM,24,v2867311132,https://www.twitch.tv/videos/2867311132
2026-09-06 03:40:00 PM,03:40:29 PM,29,v2867311503,https://www.twitch.tv/videos/2867311503
2026-09-06 03:40:40 PM,03:41:09 PM,29,v2867311934,https://www.twitch.tv/videos/2867311934
2026-09-06 03:41:19 PM,03:41:51 PM,32,v2867312390,https://www.twitch.tv/videos/2867312390
2026-09-06 03:42:02 PM,03:42:34 PM,32,v2867312886,https://www.twitch.tv/videos/2867312886
2026-09-06 03:42:44 PM,03:43:18 PM,34,v2867313380,https://www.twitch.tv/videos/2867313380
2026-09-06 03:43:28 PM,03:44:00 PM,32,v2867313864,https://www.twitch.tv/videos/2867313864
2026-09-06 03:44:11 PM,03:44:43 PM,32,v2867314346,https://www.twitch.tv/videos/2867314346
2026-09-06 03:44:54 PM,03:45:26 PM,32,v2867314827,https://www.twitch.tv/videos/2867314827
2026-09-06 03:45:36 PM,03:46:12 PM,36,v2867315267,https://www.twitch.tv/videos/2867315267
2026-09-06 03:46:23 PM,03:46:59 PM,36,v2867315752,https://www.twitch.tv/videos/2867315752
2026-09-06 03:47:09 PM,03:47:45 PM,36,v2867316235,https://www.twitch.tv/videos/2867316235
2026-09-06 03:47:56 PM,03:48:35 PM,39,v2867316779,https://www.twitch.tv/videos/2867316779
2026-09-06 03:48:46 PM,03:49:26 PM,40,v2867317309,https://www.twitch.tv/videos/2867317309
2026-09-06 03:49:36 PM,03:50:10 PM,34,v2867317867,https://www.twitch.tv/videos/2867317867
2026-09-06 03:50:21 PM,03:50:55 PM,34,v2867318435,https://www.twitch.tv/videos/2867318435
2026-09-06 03:51:06 PM,03:51:40 PM,34,v2867318947,https://www.twitch.tv/videos/2867318947
2026-09-06 03:51:51 PM,03:52:25 PM,34,v2867319451,https://www.twitch.tv/videos/2867319451
2026-09-06 03:52:35 PM,03:53:08 PM,33,v2867319921,https://www.twitch.tv/videos/2867319921
2026-09-06 03:53:19 PM,03:53:51 PM,32,v2867320440,https://www.twitch.tv/videos/2867320440
2026-09-06 03:54:02 PM,03:54:30 PM,28,v2867320916,https://www.twitch.tv/videos/2867320916
2026-09-06 03:54:41 PM,03:55:07 PM,26,v2867321376,https://www.twitch.tv/videos/2867321376
2026-09-06 03:55:17 PM,03:55:40 PM,23,v2867321822,https://www.twitch.tv/videos/2867321822
2026-09-06 03:55:49 PM,03:56:12 PM,23,v2867322248,https://www.twitch.tv/videos/2867322248
2026-09-06 03:56:22 PM,03:56:46 PM,24,v2867322687,https://www.twitch.tv/videos/2867322687
2026-09-06 03:56:56 PM,03:57:18 PM,22,v2867323085,https://www.twitch.tv/videos/2867323085
2026-09-06 03:57:29 PM,03:57:48 PM,19,v2867323518,https://www.twitch.tv/videos/2867323518
2026-09-06 03:57:58 PM,03:58:17 PM,19,v2867323877,https://www.twitch.tv/videos/2867323877
2026-09-06 03:58:27 PM,03:58:48 PM,21,v2867324206,https://www.twitch.tv/videos/2867324206
2026-09-06 03:58:57 PM,03:59:18 PM,21,v2867324578,https://www.twitch.tv/videos/2867324578
2026-09-06 03:59:28 PM,03:59:48 PM,20,v2867325011,https://www.twitch.tv/videos/2867325011
2026-09-06 03:59:58 PM,04:00:18 PM,20,v2867325466,https://www.twitch.tv/videos/2867325466
2026-09-06 04:00:28 PM,04:00:48 PM,20,v2867326000,https://www.twitch.tv/videos/2867326000
2026-09-06 04:00:59 PM,04:01:18 PM,19,v2867326456,https://www.twitch.tv/videos/2867326456
2026-09-06 04:01:28 PM,04:01:47 PM,19,v2867326876,https://www.twitch.tv/videos/2867326876
2026-09-06 04:01:57 PM,04:02:19 PM,22,v2867327283,https://www.twitch.tv/videos/2867327283
2026-09-06 04:02:29 PM,04:02:51 PM,22,v2867327747,https://www.twitch.tv/videos/2867327747
2026-09-06 04:03:01 PM,04:03:23 PM,22,v2867328174,https://www.twitch.tv/videos/2867328174
2026-09-06 04:03:34 PM,04:04:00 PM,26,v2867328588,https://www.twitch.tv/videos/2867328588
2026-09-06 04:04:11 PM,04:04:36 PM,25,v2867329093,https://www.twitch.tv/videos/2867329093
2026-09-06 04:04:47 PM,04:05:12 PM,25,v2867329594,https://www.twitch.tv/videos/2867329594
2026-09-06 04:05:21 PM,04:05:46 PM,25,v2867330005,https://www.twitch.tv/videos/2867330005
2026-09-06 04:05:56 PM,04:06:22 PM,26,v2867330449,https://www.twitch.tv/videos/2867330449
2026-09-06 04:06:32 PM,04:06:55 PM,23,v2867330886,https://www.twitch.tv/videos/2867330886
2026-09-06 04:07:05 PM,04:07:28 PM,23,v2867331296,https://www.twitch.tv/videos/2867331296
2026-09-06 04:07:39 PM,04:08:02 PM,23,v2867331686,https://www.twitch.tv/videos/2867331686
2026-09-06 04:08:12 PM,04:08:34 PM,22,v2867332093,https://www.twitch.tv/videos/2867332093
2026-09-06 04:08:45 PM,04:09:07 PM,22,v2867332437,https://www.twitch.tv/videos/2867332437
2026-09-06 04:09:17 PM,04:09:41 PM,24,v2867332820,https://www.twitch.tv/videos/2867332820
2026-09-06 04:09:52 PM,04:10:14 PM,22,v2867333247,https://www.twitch.tv/videos/2867333247
2026-09-06 04:10:24 PM,04:10:41 PM,17,v2867333670,https://www.twitch.tv/videos/2867333670
2026-09-06 04:10:51 PM,04:11:08 PM,17,v2867333996,https://www.twitch.tv/videos/2867333996
2026-09-06 04:11:19 PM,04:11:36 PM,17,v2867334323,https://www.twitch.tv/videos/2867334323
2026-09-06 04:11:46 PM,04:12:03 PM,17,v2867334621,https://www.twitch.tv/videos/2867334621
2026-09-06 04:12:13 PM,04:12:33 PM,20,v2867334958,https://www.twitch.tv/videos/2867334958
2026-09-06 04:12:43 PM,04:13:03 PM,20,v2867335275,https://www.twitch.tv/videos/2867335275
2026-09-06 04:13:14 PM,04:13:34 PM,20,v2867335654,https://www.twitch.tv/videos/2867335654
2026-09-06 04:13:44 PM,04:14:08 PM,24,v2867336010,https://www.twitch.tv/videos/2867336010
2026-09-06 04:14:19 PM,04:14:43 PM,24,v2867336380,https://www.twitch.tv/videos/2867336380
2026-09-06 04:14:53 PM,04:15:20 PM,27,v2867336743,https://www.twitch.tv/videos/2867336743
2026-09-06 04:15:31 PM,04:15:56 PM,25,v2867337157,https://www.twitch.tv/videos/2867337157
2026-09-06 04:16:06 PM,04:16:30 PM,24,v2867337562,https://www.twitch.tv/videos/2867337562
2026-09-06 04:16:40 PM,04:17:04 PM,24,v2867337957,https://www.twitch.tv/videos/2867337957
2026-09-06 04:17:14 PM,04:17:38 PM,24,v2867338368,https://www.twitch.tv/videos/2867338368
2026-09-06 04:17:48 PM,04:18:12 PM,24,v2867338760,https://www.twitch.tv/videos/2867338760
2026-09-06 04:18:22 PM,04:18:46 PM,24,v2867339164,https://www.twitch.tv/videos/2867339164
2026-09-06 04:18:57 PM,04:19:24 PM,27,v2867339572,https://www.twitch.tv/videos/2867339572
2026-09-06 04:19:35 PM,04:20:02 PM,27,v2867340022,https://www.twitch.tv/videos/2867340022
2026-09-06 04:20:13 PM,04:20:41 PM,28,v2867340468,https://www.twitch.tv/videos/2867340468
2026-09-06 04:20:51 PM,04:21:18 PM,27,v2867340903,https://www.twitch.tv/videos/2867340903
2026-09-06 04:21:29 PM,04:21:56 PM,27,v2867341340,https://www.twitch.tv/videos/2867341340
2026-09-06 04:22:06 PM,04:22:30 PM,24,v2867341742,https://www.twitch.tv/videos/2867341742
2026-09-06 04:22:41 PM,04:23:02 PM,21,v2867342149,https://www.twitch.tv/videos/2867342149
2026-09-06 04:23:12 PM,04:23:33 PM,21,v2867342515,https://www.twitch.tv/videos/2867342515
2026-09-06 04:23:44 PM,04:24:07 PM,23,v2867342889,https://www.twitch.tv/videos/2867342889
2026-09-06 04:24:18 PM,04:24:41 PM,23,v2867343306,https://www.twitch.tv/videos/2867343306
2026-09-06 04:24:51 PM,04:25:15 PM,24,v2867343750,https://www.twitch.tv/videos/2867343750
2026-09-06 04:25:25 PM,04:25:49 PM,24,v2867344131,https://www.twitch.tv/videos/2867344131
2026-09-06 04:26:00 PM,04:26:26 PM,26,v2867344568,https://www.twitch.tv/videos/2867344568
2026-09-06 04:26:36 PM,04:27:02 PM,26,v2867345000,https://www.twitch.tv/videos/2867345000
2026-09-06 04:27:13 PM,04:27:42 PM,29,v2867345433,https://www.twitch.tv/videos/2867345433
2026-09-06 04:27:53 PM,04:28:21 PM,28,v2867345888,https://www.twitch.tv/videos/2867345888
2026-09-06 04:28:31 PM,04:28:59 PM,28,v2867346282,https://www.twitch.tv/videos/2867346282
2026-09-06 04:29:09 PM,04:29:38 PM,29,v2867346761,https://www.twitch.tv/videos/2867346761
2026-09-06 04:29:49 PM,04:30:17 PM,28,v2867347241,https://www.twitch.tv/videos/2867347241
2026-09-06 04:30:27 PM,04:30:54 PM,27,v2867347711,https://www.twitch.tv/videos/2867347711
2026-09-06 04:31:05 PM,04:31:32 PM,27,v2867348190,https://www.twitch.tv/videos/2867348190
2026-09-06 04:31:42 PM,04:32:11 PM,29,v2867348657,https://www.twitch.tv/videos/2867348657
2026-09-06 04:32:21 PM,04:32:50 PM,29,v2867349126,https://www.twitch.tv/videos/2867349126
2026-09-06 04:33:00 PM,04:33:29 PM,29,v2867349557,https://www.twitch.tv/videos/2867349557
2026-09-06 04:33:40 PM,04:34:09 PM,29,v2867350010,https://www.twitch.tv/videos/2867350010
2026-09-06 04:34:19 PM,04:34:46 PM,27,v2867350430,https://www.twitch.tv/videos/2867350430
2026-09-06 04:34:56 PM,04:35:19 PM,23,v2867350845,https://www.twitch.tv/videos/2867350845
2026-09-06 04:35:30 PM,04:35:52 PM,22,v2867351225,https://www.twitch.tv/videos/2867351225
2026-09-06 04:36:02 PM,04:36:24 PM,22,v2867351594,https://www.twitch.tv/videos/2867351594
2026-09-06 04:36:34 PM,04:36:55 PM,21,v2867351938,https://www.twitch.tv/videos/2867351938
2026-09-06 04:37:06 PM,04:37:27 PM,21,v2867352307,https://www.twitch.tv/videos/2867352307
2026-09-06 04:37:38 PM,04:38:03 PM,25,v2867352697,https://www.twitch.tv/videos/2867352697
2026-09-06 04:38:13 PM,04:38:37 PM,24,v2867353121,https://www.twitch.tv/videos/2867353121
2026-09-06 04:38:47 PM,04:39:11 PM,24,v2867353518,https://www.twitch.tv/videos/2867353518
2026-09-06 04:39:22 PM,04:39:45 PM,23,v2867353970,https://www.twitch.tv/videos/2867353970
2026-09-06 04:39:56 PM,04:40:20 PM,24,v2867354369,https://www.twitch.tv/videos/2867354369
2026-09-06 04:40:29 PM,04:40:53 PM,24,v2867354746,https://www.twitch.tv/videos/2867354746
2026-09-06 04:41:03 PM,04:41:26 PM,23,v2867355156,https://www.twitch.tv/videos/2867355156
2026-09-06 04:41:37 PM,04:41:59 PM,22,v2867355534,https://www.twitch.tv/videos/2867355534
2026-09-06 04:42:09 PM,04:42:31 PM,22,v2867355886,https://www.twitch.tv/videos/2867355886
2026-09-06 04:42:42 PM,04:43:05 PM,23,v2867356231,https://www.twitch.tv/videos/2867356231
2026-09-06 04:43:15 PM,04:43:37 PM,22,v2867356584,https://www.twitch.tv/videos/2867356584
2026-09-06 04:43:48 PM,04:44:09 PM,21,v2867356934,https://www.twitch.tv/videos/2867356934
2026-09-06 04:44:19 PM,04:44:40 PM,21,v2867357300,https://www.twitch.tv/videos/2867357300
2026-09-06 04:44:51 PM,04:45:10 PM,19,v2867357674,https://www.twitch.tv/videos/2867357674
2026-09-06 04:45:20 PM,04:45:39 PM,19,v2867358054,https://www.twitch.tv/videos/2867358054
2026-09-06 04:45:49 PM,04:46:09 PM,20,v2867358416,https://www.twitch.tv/videos/2867358416
2026-09-06 04:46:20 PM,04:46:41 PM,21,v2867358776,https://www.twitch.tv/videos/2867358776
2026-09-06 04:46:50 PM,04:47:11 PM,21,v2867359156,https://www.twitch.tv/videos/2867359156
2026-09-06 04:47:21 PM,04:47:41 PM,20,v2867359527,https://www.twitch.tv/videos/2867359527
2026-09-06 04:47:51 PM,04:48:10 PM,19,v2867359821,https://www.twitch.tv/videos/2867359821
2026-09-06 04:48:21 PM,04:48:40 PM,19,v2867360156,https://www.twitch.tv/videos/2867360156
2026-09-06 04:48:50 PM,04:49:09 PM,19,v2867360505,https://www.twitch.tv/videos/2867360505
2026-09-06 04:49:20 PM,04:49:39 PM,19,v2867360813,https://www.twitch.tv/videos/2867360813
2026-09-06 04:49:49 PM,04:50:08 PM,19,v2867361105,https://www.twitch.tv/videos/2867361105
2026-09-06 04:50:18 PM,04:50:41 PM,23,v2867361472,https://www.twitch.tv/videos/2867361472
2026-09-06 04:50:52 PM,04:51:15 PM,23,v2867361864,https://www.twitch.tv/videos/2867361864
2026-09-06 04:51:26 PM,04:51:53 PM,27,v2867362283,https://www.twitch.tv/videos/2867362283
2026-09-06 04:52:02 PM,04:52:29 PM,27,v2867362723,https://www.twitch.tv/videos/2867362723
2026-09-06 04:52:39 PM,04:53:07 PM,28,v2867363182,https://www.twitch.tv/videos/2867363182
2026-09-06 04:53:18 PM,04:53:46 PM,28,v2867363692,https://www.twitch.tv/videos/2867363692
2026-09-06 04:53:56 PM,04:54:24 PM,28,v2867364148,https://www.twitch.tv/videos/2867364148
2026-09-06 04:54:35 PM,04:55:03 PM,28,v2867364556,https://www.twitch.tv/videos/2867364556
2026-09-06 04:55:14 PM,04:55:43 PM,29,v2867365041,https://www.twitch.tv/videos/2867365041
2026-09-06 04:55:53 PM,04:56:22 PM,29,v2867365531,https://www.twitch.tv/videos/2867365531
2026-09-06 04:56:33 PM,04:57:03 PM,30,v2867365986,https://www.twitch.tv/videos/2867365986
2026-09-06 04:57:13 PM,04:57:43 PM,30,v2867366494,https://www.twitch.tv/videos/2867366494
2026-09-06 04:57:54 PM,04:58:27 PM,33,v2867367002,https://www.twitch.tv/videos/2867367002
2026-09-06 04:58:38 PM,04:59:11 PM,33,v2867367624,https://www.twitch.tv/videos/2867367624
2026-09-06 04:59:22 PM,04:59:50 PM,28,v2867368220,https://www.twitch.tv/videos/2867368220
2026-09-06 05:00:00 PM,05:00:28 PM,28,v2867368784,https://www.twitch.tv/videos/2867368784
2026-09-06 05:00:38 PM,05:01:06 PM,28,v2867369526,https://www.twitch.tv/videos/2867369526
2026-09-06 05:01:16 PM,05:01:44 PM,28,v2867370112,https://www.twitch.tv/videos/2867370112
2026-09-06 05:01:54 PM,05:02:21 PM,27,v2867370681,https://www.twitch.tv/videos/2867370681
2026-09-06 05:02:31 PM,05:02:58 PM,27,v2867371233,https://www.twitch.tv/videos/2867371233
2026-09-06 05:03:08 PM,05:03:37 PM,29,v2867371770,https://www.twitch.tv/videos/2867371770
2026-09-06 05:03:47 PM,05:04:16 PM,29,v2867372268,https://www.twitch.tv/videos/2867372268
2026-09-06 05:04:27 PM,05:04:57 PM,30,v2867372774,https://www.twitch.tv/videos/2867372774
2026-09-06 05:05:07 PM,05:05:37 PM,30,v2867373320,https://www.twitch.tv/videos/2867373320
2026-09-06 05:05:47 PM,05:06:18 PM,31,v2867373856,https://www.twitch.tv/videos/2867373856
2026-09-06 05:06:28 PM,05:06:59 PM,31,v2867374408,https://www.twitch.tv/videos/2867374408
2026-09-06 05:07:10 PM,05:07:40 PM,30,v2867374954,https://www.twitch.tv/videos/2867374954
2026-09-06 05:07:50 PM,05:08:17 PM,27,v2867375419,https://www.twitch.tv/videos/2867375419
2026-09-06 05:08:27 PM,05:08:54 PM,27,v2867375896,https://www.twitch.tv/videos/2867375896
2026-09-06 05:09:05 PM,05:09:34 PM,29,v2867376390,https://www.twitch.tv/videos/2867376390
2026-09-06 05:09:45 PM,05:10:14 PM,29,v2867376892,https://www.twitch.tv/videos/2867376892
2026-09-06 05:10:25 PM,05:10:57 PM,32,v2867377394,https://www.twitch.tv/videos/2867377394
2026-09-06 05:11:07 PM,05:11:39 PM,32,v2867377931,https://www.twitch.tv/videos/2867377931
2026-09-06 05:11:49 PM,05:12:20 PM,31,v2867378412,https://www.twitch.tv/videos/2867378412
2026-09-06 05:12:31 PM,05:13:02 PM,31,v2867378937,https://www.twitch.tv/videos/2867378937
2026-09-06 05:13:12 PM,05:13:43 PM,31,v2867379449,https://www.twitch.tv/videos/2867379449
2026-09-06 05:13:54 PM,05:14:23 PM,29,v2867379968,https://www.twitch.tv/videos/2867379968
2026-09-06 05:14:33 PM,05:15:02 PM,29,v2867380473,https://www.twitch.tv/videos/2867380473
2026-09-06 05:15:12 PM,05:15:43 PM,31,v2867380973,https://www.twitch.tv/videos/2867380973
2026-09-06 05:15:53 PM,05:16:24 PM,31,v2867381444,https://www.twitch.tv/videos/2867381444
2026-09-06 05:16:34 PM,05:17:03 PM,29,v2867381976,https://www.twitch.tv/videos/2867381976
2026-09-06 05:17:14 PM,05:17:45 PM,31,v2867382457,https://www.twitch.tv/videos/2867382457
2026-09-06 05:17:55 PM,05:18:25 PM,30,v2867382952,https://www.twitch.tv/videos/2867382952
2026-09-06 05:18:35 PM,05:19:05 PM,30,v2867383397,https://www.twitch.tv/videos/2867383397
2026-09-06 05:19:15 PM,05:19:44 PM,29,v2867383866,https://www.twitch.tv/videos/2867383866
2026-09-06 05:19:55 PM,05:20:24 PM,29,v2867384352,https://www.twitch.tv/videos/2867384352
2026-09-06 05:20:34 PM,05:21:03 PM,29,v2867384868,https://www.twitch.tv/videos/2867384868
2026-09-06 05:21:13 PM,05:21:42 PM,29,v2867385398,https://www.twitch.tv/videos/2867385398
2026-09-06 05:21:53 PM,05:22:22 PM,29,v2867385884,https://www.twitch.tv/videos/2867385884
2026-09-06 05:22:32 PM,05:23:00 PM,28,v2867386325,https://www.twitch.tv/videos/2867386325
2026-09-06 05:23:11 PM,05:23:39 PM,28,v2867386806,https://www.twitch.tv/videos/2867386806
2026-09-06 05:23:50 PM,05:24:18 PM,28,v2867387308,https://www.twitch.tv/videos/2867387308
2026-09-06 05:24:28 PM,05:24:56 PM,28,v2867387747,https://www.twitch.tv/videos/2867387747
2026-09-06 05:25:05 PM,05:25:29 PM,24,v2867388144,https://www.twitch.tv/videos/2867388144
2026-09-06 05:25:40 PM,05:26:04 PM,24,v2867388545,https://www.twitch.tv/videos/2867388545
2026-09-06 05:26:14 PM,05:26:38 PM,24,v2867388989,https://www.twitch.tv/videos/2867388989
2026-09-06 05:26:48 PM,05:27:10 PM,22,v2867389403,https://www.twitch.tv/videos/2867389403
2026-09-06 05:27:20 PM,05:27:42 PM,22,v2867389816,https://www.twitch.tv/videos/2867389816
2026-09-06 05:27:52 PM,05:28:14 PM,22,v2867390229,https://www.twitch.tv/videos/2867390229
2026-09-06 05:28:24 PM,05:28:48 PM,24,v2867390617,https://www.twitch.tv/videos/2867390617
2026-09-06 05:28:59 PM,05:29:23 PM,24,v2867391047,https://www.twitch.tv/videos/2867391047
2026-09-06 05:29:34 PM,05:29:58 PM,24,v2867391490,https://www.twitch.tv/videos/2867391490
2026-09-06 05:30:08 PM,05:30:29 PM,21,v2867391954,https://www.twitch.tv/videos/2867391954
2026-09-06 05:30:39 PM,05:31:00 PM,21,v2867392385,https://www.twitch.tv/videos/2867392385
2026-09-06 05:31:10 PM,05:31:32 PM,22,v2867392793,https://www.twitch.tv/videos/2867392793
2026-09-06 05:31:42 PM,05:32:04 PM,22,v2867393207,https://www.twitch.tv/videos/2867393207
2026-09-06 05:32:14 PM,05:32:36 PM,22,v2867393589,https://www.twitch.tv/videos/2867393589
2026-09-06 05:32:46 PM,05:33:11 PM,25,v2867393999,https://www.twitch.tv/videos/2867393999
2026-09-06 05:33:21 PM,05:33:46 PM,25,v2867394442,https://www.twitch.tv/videos/2867394442
2026-09-06 05:33:57 PM,05:34:22 PM,25,v2867394887,https://www.twitch.tv/videos/2867394887
2026-09-06 05:34:32 PM,05:34:57 PM,25,v2867395303,https://www.twitch.tv/videos/2867395303
2026-09-06 05:35:08 PM,05:35:33 PM,25,v2867395736,https://www.twitch.tv/videos/2867395736
2026-09-06 05:35:43 PM,05:36:09 PM,26,v2867396165,https://www.twitch.tv/videos/2867396165
2026-09-06 05:36:20 PM,05:36:46 PM,26,v2867396603,https://www.twitch.tv/videos/2867396603
2026-09-06 05:36:57 PM,05:37:25 PM,28,v2867397016,https://www.twitch.tv/videos/2867397016
2026-09-06 05:37:35 PM,05:38:03 PM,28,v2867397511,https://www.twitch.tv/videos/2867397511
2026-09-06 05:38:13 PM,05:38:41 PM,28,v2867397950,https://www.twitch.tv/videos/2867397950
2026-09-06 05:38:51 PM,05:39:19 PM,28,v2867398388,https://www.twitch.tv/videos/2867398388
2026-09-06 05:39:28 PM,05:39:49 PM,21,v2867398856,https://www.twitch.tv/videos/2867398856
2026-09-06 05:40:00 PM,05:40:21 PM,21,v2867399251,https://www.twitch.tv/videos/2867399251
2026-09-06 05:40:32 PM,05:40:53 PM,21,v2867399632,https://www.twitch.tv/videos/2867399632
2026-09-06 05:41:03 PM,05:41:24 PM,21,v2867399986,https://www.twitch.tv/videos/2867399986
2026-09-06 05:41:34 PM,05:41:55 PM,21,v2867400367,https://www.twitch.tv/videos/2867400367
2026-09-06 05:42:05 PM,05:42:26 PM,21,v2867400783,https://www.twitch.tv/videos/2867400783
2026-09-06 05:42:37 PM,05:42:58 PM,21,v2867401165,https://www.twitch.tv/videos/2867401165
2026-09-06 05:43:08 PM,05:43:29 PM,21,v2867401532,https://www.twitch.tv/videos/2867401532
2026-09-06 05:43:39 PM,05:43:59 PM,20,v2867401924,https://www.twitch.tv/videos/2867401924
2026-09-06 05:44:09 PM,05:44:29 PM,20,v2867402289,https://www.twitch.tv/videos/2867402289
2026-09-06 05:44:40 PM,05:45:00 PM,20,v2867402666,https://www.twitch.tv/videos/2867402666
2026-09-06 05:45:10 PM,05:45:30 PM,20,v2867403011,https://www.twitch.tv/videos/2867403011
2026-09-06 05:45:40 PM,05:46:00 PM,20,v2867403400,https://www.twitch.tv/videos/2867403400
2026-09-06 05:46:11 PM,05:46:33 PM,22,v2867403747,https://www.twitch.tv/videos/2867403747
2026-09-06 05:46:44 PM,05:47:06 PM,22,v2867404119,https://www.twitch.tv/videos/2867404119
2026-09-06 05:47:16 PM,05:47:38 PM,22,v2867404515,https://www.twitch.tv/videos/2867404515
2026-09-06 05:47:49 PM,05:48:13 PM,24,v2867404898,https://www.twitch.tv/videos/2867404898
2026-09-06 05:48:23 PM,05:48:47 PM,24,v2867405314,https://www.twitch.tv/videos/2867405314
2026-09-06 05:48:58 PM,05:49:21 PM,23,v2867405748,https://www.twitch.tv/videos/2867405748
2026-09-06 05:49:31 PM,05:49:56 PM,25,v2867406156,https://www.twitch.tv/videos/2867406156
2026-09-06 05:50:07 PM,05:50:32 PM,25,v2867406578,https://www.twitch.tv/videos/2867406578
2026-09-06 05:50:42 PM,05:51:09 PM,27,v2867407029,https://www.twitch.tv/videos/2867407029
2026-09-06 05:51:19 PM,05:51:46 PM,27,v2867407544,https://www.twitch.tv/videos/2867407544
2026-09-06 05:51:56 PM,05:52:23 PM,27,v2867408038,https://www.twitch.tv/videos/2867408038
2026-09-06 05:52:33 PM,05:53:04 PM,31,v2867408439,https://www.twitch.tv/videos/2867408439
2026-09-06 05:53:15 PM,05:53:46 PM,31,v2867408961,https://www.twitch.tv/videos/2867408961
2026-09-06 05:53:56 PM,05:54:27 PM,31,v2867409483,https://www.twitch.tv/videos/2867409483
2026-09-06 05:54:37 PM,05:55:05 PM,28,v2867410003,https://www.twitch.tv/videos/2867410003
2026-09-06 05:55:16 PM,05:55:44 PM,28,v2867410528,https://www.twitch.tv/videos/2867410528
2026-09-06 05:55:55 PM,05:56:25 PM,30,v2867411039,https://www.twitch.tv/videos/2867411039
2026-09-06 05:56:36 PM,05:57:06 PM,30,v2867411546,https://www.twitch.tv/videos/2867411546
2026-09-06 05:57:17 PM,05:57:48 PM,31,v2867412031,https://www.twitch.tv/videos/2867412031
2026-09-06 05:57:58 PM,05:58:29 PM,31,v2867412591,https://www.twitch.tv/videos/2867412591
2026-09-06 05:58:39 PM,05:59:09 PM,30,v2867413140,https://www.twitch.tv/videos/2867413140
2026-09-06 05:59:19 PM,05:59:49 PM,30,v2867413651,https://www.twitch.tv/videos/2867413651
2026-09-06 05:59:59 PM,06:00:31 PM,32,v2867414285,https://www.twitch.tv/videos/2867414285
2026-09-06 06:00:42 PM,06:01:14 PM,32,v2867415032,https://www.twitch.tv/videos/2867415032
2026-09-06 06:01:25 PM,06:02:00 PM,35,v2867415680,https://www.twitch.tv/videos/2867415680
2026-09-06 06:02:11 PM,06:02:46 PM,35,v2867416376,https://www.twitch.tv/videos/2867416376
2026-09-06 06:02:56 PM,06:03:33 PM,37,v2867417040,https://www.twitch.tv/videos/2867417040
2026-09-06 06:03:44 PM,06:04:18 PM,34,v2867417664,https://www.twitch.tv/videos/2867417664
2026-09-06 06:04:28 PM,06:04:59 PM,31,v2867418267,https://www.twitch.tv/videos/2867418267
2026-09-06 06:05:10 PM,06:05:42 PM,32,v2867418806,https://www.twitch.tv/videos/2867418806
2026-09-06 06:05:52 PM,06:06:24 PM,32,v2867419353,https://www.twitch.tv/videos/2867419353
2026-09-06 06:06:34 PM,06:07:06 PM,32,v2867419926,https://www.twitch.tv/videos/2867419926
2026-09-06 06:07:17 PM,06:07:49 PM,32,v2867420481,https://www.twitch.tv/videos/2867420481
2026-09-06 06:07:59 PM,06:08:26 PM,27,v2867421028,https://www.twitch.tv/videos/2867421028
2026-09-06 06:08:36 PM,06:09:03 PM,27,v2867421526,https://www.twitch.tv/videos/2867421526
2026-09-06 06:09:13 PM,06:09:40 PM,27,v2867422023,https://www.twitch.tv/videos/2867422023
2026-09-06 06:09:50 PM,06:10:19 PM,29,v2867422502,https://www.twitch.tv/videos/2867422502
2026-09-06 06:10:30 PM,06:10:55 PM,25,v2867423031,https://www.twitch.tv/videos/2867423031
2026-09-06 06:11:05 PM,06:11:30 PM,25,v2867423464,https://www.twitch.tv/videos/2867423464
2026-09-06 06:11:40 PM,06:12:08 PM,28,v2867423902,https://www.twitch.tv/videos/2867423902
2026-09-06 06:12:19 PM,06:12:47 PM,28,v2867424373,https://www.twitch.tv/videos/2867424373
2026-09-06 06:12:57 PM,06:13:27 PM,30,v2867424850,https://www.twitch.tv/videos/2867424850
2026-09-06 06:13:38 PM,06:14:08 PM,30,v2867425341,https://www.twitch.tv/videos/2867425341
2026-09-06 06:14:19 PM,06:14:49 PM,30,v2867425831,https://www.twitch.tv/videos/2867425831
2026-09-06 06:15:00 PM,06:15:27 PM,27,v2867426343,https://www.twitch.tv/videos/2867426343
2026-09-06 06:15:37 PM,06:16:04 PM,27,v2867426794,https://www.twitch.tv/videos/2867426794
2026-09-06 06:16:15 PM,06:16:42 PM,27,v2867427292,https://www.twitch.tv/videos/2867427292
2026-09-06 06:16:53 PM,06:17:22 PM,29,v2867427817,https://www.twitch.tv/videos/2867427817
2026-09-06 06:17:32 PM,06:18:01 PM,29,v2867428304,https://www.twitch.tv/videos/2867428304
2026-09-06 06:18:11 PM,06:18:36 PM,25,v2867428754,https://www.twitch.tv/videos/2867428754
2026-09-06 06:18:46 PM,06:19:12 PM,26,v2867429172,https://www.twitch.tv/videos/2867429172
2026-09-06 06:19:22 PM,06:19:44 PM,22,v2867429645,https://www.twitch.tv/videos/2867429645
2026-09-06 06:19:55 PM,06:20:17 PM,22,v2867430054,https://www.twitch.tv/videos/2867430054
2026-09-06 06:20:27 PM,06:20:50 PM,23,v2867430429,https://www.twitch.tv/videos/2867430429
2026-09-06 06:21:00 PM,06:21:23 PM,23,v2867430822,https://www.twitch.tv/videos/2867430822
2026-09-06 06:21:34 PM,06:21:59 PM,25,v2867431228,https://www.twitch.tv/videos/2867431228
2026-09-06 06:22:09 PM,06:22:34 PM,25,v2867431663,https://www.twitch.tv/videos/2867431663
2026-09-06 06:22:45 PM,06:23:11 PM,26,v2867432096,https://www.twitch.tv/videos/2867432096
2026-09-06 06:23:21 PM,06:23:47 PM,26,v2867432540,https://www.twitch.tv/videos/2867432540
2026-09-06 06:23:58 PM,06:24:29 PM,31,v2867433014,https://www.twitch.tv/videos/2867433014
2026-09-06 06:24:39 PM,06:25:10 PM,31,v2867433529,https://www.twitch.tv/videos/2867433529
2026-09-06 06:25:21 PM,06:25:52 PM,31,v2867434046,https://www.twitch.tv/videos/2867434046
2026-09-06 06:26:03 PM,06:26:35 PM,32,v2867434567,https://www.twitch.tv/videos/2867434567
2026-09-06 06:26:46 PM,06:27:18 PM,32,v2867435145,https://www.twitch.tv/videos/2867435145
2026-09-06 06:27:28 PM,06:28:00 PM,32,v2867435652,https://www.twitch.tv/videos/2867435652
2026-09-06 06:28:10 PM,06:28:42 PM,32,v2867436164,https://www.twitch.tv/videos/2867436164
2026-09-06 06:28:53 PM,06:29:28 PM,35,v2867436683,https://www.twitch.tv/videos/2867436683
2026-09-06 06:29:38 PM,06:30:13 PM,35,v2867437309,https://www.twitch.tv/videos/2867437309
2026-09-06 06:30:23 PM,06:30:58 PM,35,v2867437938,https://www.twitch.tv/videos/2867437938
2026-09-06 06:31:08 PM,06:31:44 PM,36,v2867438580,https://www.twitch.tv/videos/2867438580
2026-09-06 06:31:55 PM,06:32:29 PM,34,v2867439174,https://www.twitch.tv/videos/2867439174
2026-09-06 06:32:40 PM,06:33:16 PM,36,v2867439709,https://www.twitch.tv/videos/2867439709
2026-09-06 06:33:27 PM,06:34:03 PM,36,v2867440295,https://www.twitch.tv/videos/2867440295
2026-09-06 06:34:14 PM,06:34:46 PM,32,v2867440865,https://www.twitch.tv/videos/2867440865
2026-09-06 06:34:57 PM,06:35:28 PM,31,v2867441384,https://www.twitch.tv/videos/2867441384
2026-09-06 06:35:38 PM,06:36:08 PM,30,v2867441883,https://www.twitch.tv/videos/2867441883
2026-09-06 06:36:18 PM,06:36:46 PM,28,v2867442362,https://www.twitch.tv/videos/2867442362
2026-09-06 06:36:57 PM,06:37:25 PM,28,v2867442873,https://www.twitch.tv/videos/2867442873
2026-09-06 06:37:36 PM,06:38:04 PM,28,v2867443353,https://www.twitch.tv/videos/2867443353
2026-09-06 06:38:14 PM,06:38:38 PM,24,v2867443789,https://www.twitch.tv/videos/2867443789
2026-09-06 06:38:48 PM,06:39:12 PM,24,v2867444163,https://www.twitch.tv/videos/2867444163
2026-09-06 06:39:23 PM,06:39:47 PM,24,v2867444577,https://www.twitch.tv/videos/2867444577
2026-09-06 06:39:57 PM,06:40:21 PM,24,v2867444990,https://www.twitch.tv/videos/2867444990
2026-09-06 06:40:32 PM,06:40:56 PM,24,v2867445403,https://www.twitch.tv/videos/2867445403
2026-09-06 06:41:06 PM,06:41:31 PM,25,v2867445835,https://www.twitch.tv/videos/2867445835
2026-09-06 06:41:41 PM,06:42:06 PM,25,v2867446238,https://www.twitch.tv/videos/2867446238
2026-09-06 06:42:16 PM,06:42:39 PM,23,v2867446636,https://www.twitch.tv/videos/2867446636
2026-09-06 06:42:49 PM,06:43:12 PM,23,v2867447016,https://www.twitch.tv/videos/2867447016
2026-09-06 06:43:23 PM,06:43:50 PM,27,v2867447438,https://www.twitch.tv/videos/2867447438
2026-09-06 06:44:00 PM,06:44:27 PM,27,v2867447884,https://www.twitch.tv/videos/2867447884
2026-09-06 06:44:38 PM,06:45:04 PM,26,v2867448348,https://www.twitch.tv/videos/2867448348
2026-09-06 06:45:14 PM,06:45:40 PM,26,v2867448798,https://www.twitch.tv/videos/2867448798
2026-09-06 06:45:50 PM,06:46:17 PM,27,v2867449204,https://www.twitch.tv/videos/2867449204
2026-09-06 06:46:27 PM,06:46:51 PM,24,v2867449642,https://www.twitch.tv/videos/2867449642
2026-09-06 06:47:01 PM,06:47:25 PM,24,v2867450041,https://www.twitch.tv/videos/2867450041
2026-09-06 06:47:35 PM,06:48:00 PM,25,v2867450443,https://www.twitch.tv/videos/2867450443
2026-09-06 06:48:10 PM,06:48:35 PM,25,v2867450833,https://www.twitch.tv/videos/2867450833
2026-09-06 06:48:45 PM,06:49:11 PM,26,v2867451221,https://www.twitch.tv/videos/2867451221
2026-09-06 06:49:21 PM,06:49:44 PM,23,v2867451644,https://www.twitch.tv/videos/2867451644
2026-09-06 06:49:55 PM,06:50:18 PM,23,v2867452042,https://www.twitch.tv/videos/2867452042
2026-09-06 06:50:28 PM,06:50:51 PM,23,v2867452457,https://www.twitch.tv/videos/2867452457
2026-09-06 06:51:02 PM,06:51:25 PM,23,v2867452865,https://www.twitch.tv/videos/2867452865
2026-09-06 06:51:35 PM,06:51:58 PM,23,v2867453287,https://www.twitch.tv/videos/2867453287
2026-09-06 06:52:08 PM,06:52:32 PM,24,v2867453659,https://www.twitch.tv/videos/2867453659
2026-09-06 06:52:42 PM,06:53:05 PM,23,v2867454055,https://www.twitch.tv/videos/2867454055
2026-09-06 06:53:15 PM,06:53:38 PM,23,v2867454414,https://www.twitch.tv/videos/2867454414
2026-09-06 06:53:49 PM,06:54:13 PM,24,v2867454770,https://www.twitch.tv/videos/2867454770
2026-09-06 06:54:23 PM,06:54:47 PM,24,v2867455153,https://www.twitch.tv/videos/2867455153
2026-09-06 06:54:58 PM,06:55:23 PM,25,v2867455552,https://www.twitch.tv/videos/2867455552
2026-09-06 06:55:33 PM,06:55:58 PM,25,v2867455952,https://www.twitch.tv/videos/2867455952
2026-09-06 06:56:09 PM,06:56:38 PM,29,v2867456374,https://www.twitch.tv/videos/2867456374
2026-09-06 06:56:48 PM,06:57:17 PM,29,v2867456836,https://www.twitch.tv/videos/2867456836
2026-09-06 06:57:27 PM,06:57:56 PM,29,v2867457297,https://www.twitch.tv/videos/2867457297
2026-09-06 06:58:06 PM,06:58:33 PM,27,v2867457772,https://www.twitch.tv/videos/2867457772
2026-09-06 06:58:43 PM,06:59:10 PM,27,v2867458271,https://www.twitch.tv/videos/2867458271
2026-09-06 06:59:21 PM,06:59:47 PM,26,v2867458749,https://www.twitch.tv/videos/2867458749
2026-09-06 06:59:57 PM,07:00:22 PM,25,v2867459234,https://www.twitch.tv/videos/2867459234
2026-09-06 07:00:33 PM,07:00:58 PM,25,v2867459792,https://www.twitch.tv/videos/2867459792
2026-09-06 07:01:08 PM,07:01:30 PM,22,v2867460265,https://www.twitch.tv/videos/2867460265
2026-09-06 07:01:41 PM,07:02:05 PM,24,v2867460717,https://www.twitch.tv/videos/2867460717
2026-09-06 07:02:15 PM,07:02:38 PM,23,v2867461162,https://www.twitch.tv/videos/2867461162
2026-09-06 07:02:49 PM,07:03:13 PM,24,v2867461580,https://www.twitch.tv/videos/2867461580
2026-09-06 07:03:23 PM,07:03:44 PM,21,v2867461973,https://www.twitch.tv/videos/2867461973
2026-09-06 07:03:54 PM,07:04:13 PM,19,v2867462349,https://www.twitch.tv/videos/2867462349
2026-09-06 07:04:23 PM,07:04:42 PM,19,v2867462708,https://www.twitch.tv/videos/2867462708
2026-09-06 07:04:51 PM,07:05:10 PM,19,v2867463074,https://www.twitch.tv/videos/2867463074
2026-09-06 07:05:20 PM,07:05:41 PM,21,v2867463435,https://www.twitch.tv/videos/2867463435
2026-09-06 07:05:51 PM,07:06:12 PM,21,v2867463859,https://www.twitch.tv/videos/2867463859
2026-09-06 07:06:22 PM,07:06:45 PM,23,v2867464268,https://www.twitch.tv/videos/2867464268
2026-09-06 07:06:56 PM,07:07:19 PM,23,v2867464687,https://www.twitch.tv/videos/2867464687
2026-09-06 07:07:30 PM,07:07:53 PM,23,v2867465125,https://www.twitch.tv/videos/2867465125
2026-09-06 07:08:03 PM,07:08:33 PM,30,v2867465528,https://www.twitch.tv/videos/2867465528
2026-09-06 07:08:44 PM,07:09:14 PM,30,v2867466052,https://www.twitch.tv/videos/2867466052
2026-09-06 07:09:24 PM,07:09:53 PM,29,v2867466555,https://www.twitch.tv/videos/2867466555
2026-09-06 07:10:03 PM,07:10:32 PM,29,v2867466974,https://www.twitch.tv/videos/2867466974
2026-09-06 07:10:42 PM,07:11:09 PM,27,v2867467434,https://www.twitch.tv/videos/2867467434
2026-09-06 09:05:14 PM,09:05:24 PM,10,v2867539403,https://www.twitch.tv/videos/2867539403
2026-09-06 09:05:34 PM,09:05:44 PM,10,v2867539573,https://www.twitch.tv/videos/2867539573
2026-09-06 09:05:53 PM,09:06:03 PM,10,v2867539755,https://www.twitch.tv/videos/2867539755
2026-09-06 09:06:13 PM,09:06:23 PM,10,v2867539931,https://www.twitch.tv/videos/2867539931
2026-09-06 09:06:32 PM,09:06:42 PM,10,v2867540113,https://www.twitch.tv/videos/2867540113
2026-09-06 09:06:52 PM,09:07:02 PM,10,v2867540278,https://www.twitch.tv/videos/2867540278
2026-09-06 09:07:12 PM,09:07:22 PM,10,v2867540440,https://www.twitch.tv/videos/2867540440
2026-09-06 09:07:31 PM,09:07:50 PM,19,v2867540615,https://www.twitch.tv/videos/2867540615
2026-09-06 09:08:00 PM,09:08:19 PM,19,v2867540848,https://www.twitch.tv/videos/2867540848
2026-09-06 09:08:29 PM,09:08:48 PM,19,v2867541066,https://www.twitch.tv/videos/2867541066
2026-09-06 09:08:58 PM,09:09:17 PM,19,v2867541336,https://www.twitch.tv/videos/2867541336
2026-09-06 09:09:26 PM,09:09:45 PM,19,v2867541559,https://www.twitch.tv/videos/2867541559
2026-09-06 09:09:55 PM,09:10:22 PM,27,v2867541822,https://www.twitch.tv/videos/2867541822
2026-09-06 09:10:32 PM,09:10:59 PM,27,v2867542175,https://www.twitch.tv/videos/2867542175
2026-09-06 09:11:09 PM,09:11:40 PM,31,v2867542527,https://www.twitch.tv/videos/2867542527
2026-09-06 09:11:50 PM,09:12:21 PM,31,v2867542926,https://www.twitch.tv/videos/2867542926
2026-09-06 09:12:31 PM,09:13:07 PM,36,v2867543292,https://www.twitch.tv/videos/2867543292
2026-09-06 09:13:17 PM,09:13:53 PM,36,v2867543665,https://www.twitch.tv/videos/2867543665
2026-09-06 09:14:03 PM,09:14:39 PM,36,v2867544046,https://www.twitch.tv/videos/2867544046
2026-09-06 09:14:50 PM,09:15:33 PM,43,v2867544463,https://www.twitch.tv/videos/2867544463
2026-09-06 09:15:44 PM,09:16:29 PM,45,v2867544927,https://www.twitch.tv/videos/2867544927
2026-09-06 09:16:40 PM,09:17:25 PM,45,v2867545401,https://www.twitch.tv/videos/2867545401
2026-09-06 09:17:36 PM,09:18:22 PM,46,v2867545915,https://www.twitch.tv/videos/2867545915
2026-09-06 09:18:33 PM,09:19:19 PM,46,v2867546408,https://www.twitch.tv/videos/2867546408
2026-09-06 09:19:31 PM,09:20:18 PM,47,v2867546891,https://www.twitch.tv/videos/2867546891
2026-09-06 09:20:28 PM,09:21:15 PM,47,v2867547361,https://www.twitch.tv/videos/2867547361
2026-09-06 09:21:26 PM,09:22:18 PM,52,v2867547857,https://www.twitch.tv/videos/2867547857
2026-09-06 09:22:29 PM,09:23:21 PM,52,v2867548383,https://www.twitch.tv/videos/2867548383
2026-09-06 09:23:33 PM,09:24:28 PM,55,v2867548914,https://www.twitch.tv/videos/2867548914
2026-09-06 09:24:39 PM,09:25:34 PM,55,v2867549476,https://www.twitch.tv/videos/2867549476
2026-09-06 09:25:45 PM,09:26:36 PM,51,v2867550054,https://www.twitch.tv/videos/2867550054
2026-09-06 09:26:47 PM,09:27:38 PM,51,v2867550575,https://www.twitch.tv/videos/2867550575
2026-09-06 09:27:49 PM,09:28:44 PM,55,v2867551112,https://www.twitch.tv/videos/2867551112
2026-09-06 09:28:55 PM,09:29:50 PM,55,v2867551636,https://www.twitch.tv/videos/2867551636
2026-09-06 09:30:02 PM,09:31:02 PM,60,v2867552178,https://www.twitch.tv/videos/2867552178
2026-09-06 09:31:14 PM,09:32:14 PM,60,v2867552803,https://www.twitch.tv/videos/2867552803
2026-09-06 09:32:25 PM,09:33:24 PM,59,v2867553408,https://www.twitch.tv/videos/2867553408
2026-09-06 09:33:35 PM,09:34:39 PM,64,v2867553990,https://www.twitch.tv/videos/2867553990
2026-09-06 09:34:50 PM,09:35:54 PM,64,v2867554587,https://www.twitch.tv/videos/2867554587
2026-09-06 09:36:06 PM,09:37:14 PM,68,v2867555190,https://www.twitch.tv/videos/2867555190
2026-09-06 09:37:26 PM,09:38:37 PM,71,v2867555802,https://www.twitch.tv/videos/2867555802
2026-09-06 09:38:48 PM,09:39:55 PM,67,v2867556435,https://www.twitch.tv/videos/2867556435
2026-09-06 09:40:06 PM,09:41:08 PM,62,v2867557096,https://www.twitch.tv/videos/2867557096
2026-09-06 09:41:20 PM,09:42:25 PM,65,v2867557702,https://www.twitch.tv/videos/2867557702
2026-09-06 09:42:36 PM,09:43:32 PM,56,v2867558294,https://www.twitch.tv/videos/2867558294
2026-09-06 09:43:44 PM,09:44:39 PM,55,v2867558778,https://www.twitch.tv/videos/2867558778
2026-09-06 09:44:50 PM,09:45:31 PM,41,v2867559306,https://www.twitch.tv/videos/2867559306
2026-09-06 09:45:41 PM,09:46:17 PM,36,v2867559737,https://www.twitch.tv/videos/2867559737
2026-09-06 09:46:28 PM,09:47:00 PM,32,v2867560107,https://www.twitch.tv/videos/2867560107
2026-09-06 09:47:11 PM,09:47:43 PM,32,v2867560464,https://www.twitch.tv/videos/2867560464
2026-09-06 09:47:53 PM,09:48:29 PM,36,v2867560809,https://www.twitch.tv/videos/2867560809
2026-09-06 09:48:40 PM,09:49:13 PM,33,v2867561157,https://www.twitch.tv/videos/2867561157
2026-09-06 09:49:23 PM,09:49:57 PM,34,v2867561465,https://www.twitch.tv/videos/2867561465
2026-09-06 09:50:08 PM,09:50:44 PM,36,v2867561792,https://www.twitch.tv/videos/2867561792
2026-09-06 09:50:55 PM,09:51:34 PM,39,v2867562142,https://www.twitch.tv/videos/2867562142
2026-09-06 09:51:44 PM,09:52:23 PM,39,v2867562528,https://www.twitch.tv/videos/2867562528
2026-09-06 09:52:34 PM,09:53:18 PM,44,v2867562936,https://www.twitch.tv/videos/2867562936
2026-09-06 09:53:28 PM,09:54:13 PM,45,v2867563367,https://www.twitch.tv/videos/2867563367
2026-09-06 09:54:24 PM,09:55:04 PM,40,v2867563835,https://www.twitch.tv/videos/2867563835
2026-09-06 09:55:15 PM,09:56:02 PM,47,v2867564211,https://www.twitch.tv/videos/2867564211
2026-09-06 09:56:13 PM,09:57:05 PM,52,v2867564652,https://www.twitch.tv/videos/2867564652
2026-09-06 09:57:16 PM,09:58:06 PM,50,v2867565108,https://www.twitch.tv/videos/2867565108
2026-09-06 09:58:17 PM,09:59:08 PM,51,v2867565572,https://www.twitch.tv/videos/2867565572
2026-09-06 09:59:19 PM,10:00:05 PM,46,v2867566078,https://www.twitch.tv/videos/2867566078
2026-09-06 10:00:17 PM,10:01:04 PM,47,v2867566613,https://www.twitch.tv/videos/2867566613
2026-09-06 10:01:15 PM,10:01:54 PM,39,v2867567127,https://www.twitch.tv/videos/2867567127
2026-09-06 10:02:04 PM,10:02:40 PM,36,v2867567535,https://www.twitch.tv/videos/2867567535
2026-09-06 10:02:51 PM,10:03:27 PM,36,v2867567930,https://www.twitch.tv/videos/2867567930
2026-09-06 10:03:37 PM,10:04:08 PM,31,v2867568294,https://www.twitch.tv/videos/2867568294
2026-09-06 10:04:18 PM,10:04:50 PM,32,v2867568612,https://www.twitch.tv/videos/2867568612
2026-09-06 10:05:01 PM,10:05:33 PM,32,v2867568934,https://www.twitch.tv/videos/2867568934
2026-09-06 10:05:43 PM,10:06:23 PM,40,v2867569222,https://www.twitch.tv/videos/2867569222
2026-09-06 10:06:35 PM,10:07:17 PM,42,v2867569618,https://www.twitch.tv/videos/2867569618
2026-09-06 10:07:27 PM,10:08:07 PM,40,v2867570023,https://www.twitch.tv/videos/2867570023
2026-09-06 10:08:19 PM,10:08:57 PM,38,v2867570398,https://www.twitch.tv/videos/2867570398
2026-09-06 10:09:07 PM,10:09:50 PM,43,v2867570769,https://www.twitch.tv/videos/2867570769
2026-09-06 10:10:01 PM,10:10:44 PM,43,v2867571125,https://www.twitch.tv/videos/2867571125
2026-09-06 10:10:56 PM,10:11:43 PM,47,v2867571543,https://www.twitch.tv/videos/2867571543
2026-09-06 10:11:54 PM,10:12:32 PM,38,v2867571959,https://www.twitch.tv/videos/2867571959
2026-09-06 10:12:42 PM,10:13:17 PM,35,v2867572314,https://www.twitch.tv/videos/2867572314
2026-09-06 10:13:28 PM,10:14:07 PM,39,v2867572621,https://www.twitch.tv/videos/2867572621
2026-09-06 10:14:17 PM,10:14:59 PM,42,v2867573005,https://www.twitch.tv/videos/2867573005
2026-09-06 10:15:10 PM,10:15:48 PM,38,v2867573450,https://www.twitch.tv/videos/2867573450
2026-09-06 10:15:59 PM,10:16:41 PM,42,v2867573801,https://www.twitch.tv/videos/2867573801
2026-09-06 10:16:52 PM,10:17:37 PM,45,v2867574178,https://www.twitch.tv/videos/2867574178
2026-09-06 10:17:48 PM,10:18:33 PM,45,v2867574590,https://www.twitch.tv/videos/2867574590
2026-09-06 10:18:44 PM,10:19:29 PM,45,v2867574950,https://www.twitch.tv/videos/2867574950
2026-09-06 10:19:40 PM,10:20:27 PM,47,v2867575370,https://www.twitch.tv/videos/2867575370
2026-09-06 10:20:38 PM,10:21:20 PM,42,v2867575812,https://www.twitch.tv/videos/2867575812
2026-09-06 10:21:31 PM,10:22:13 PM,42,v2867576233,https://www.twitch.tv/videos/2867576233
2026-09-06 10:22:24 PM,10:23:09 PM,45,v2867576616,https://www.twitch.tv/videos/2867576616
2026-09-06 10:23:20 PM,10:24:08 PM,48,v2867577011,https://www.twitch.tv/videos/2867577011
2026-09-06 10:24:19 PM,10:25:02 PM,43,v2867577413,https://www.twitch.tv/videos/2867577413
2026-09-06 10:25:13 PM,10:25:58 PM,45,v2867577771,https://www.twitch.tv/videos/2867577771
2026-09-06 10:26:09 PM,10:26:52 PM,43,v2867578125,https://www.twitch.tv/videos/2867578125
2026-09-06 10:27:03 PM,10:27:44 PM,41,v2867578511,https://www.twitch.tv/videos/2867578511
2026-09-06 10:27:55 PM,10:28:39 PM,44,v2867578880,https://www.twitch.tv/videos/2867578880
2026-09-06 10:28:51 PM,10:29:40 PM,49,v2867579265,https://www.twitch.tv/videos/2867579265
2026-09-06 10:29:51 PM,10:30:40 PM,49,v2867579688,https://www.twitch.tv/videos/2867579688
2026-09-06 10:30:52 PM,10:31:40 PM,48,v2867580125,https://www.twitch.tv/videos/2867580125
2026-09-06 10:31:50 PM,10:32:38 PM,48,v2867580540,https://www.twitch.tv/videos/2867580540
2026-09-06 10:32:49 PM,10:33:33 PM,44,v2867580895,https://www.twitch.tv/videos/2867580895
2026-09-06 10:33:44 PM,10:34:25 PM,41,v2867581252,https://www.twitch.tv/videos/2867581252
2026-09-06 10:34:36 PM,10:35:12 PM,36,v2867581600,https://www.twitch.tv/videos/2867581600
2026-09-06 10:35:22 PM,10:35:50 PM,28,v2867581915,https://www.twitch.tv/videos/2867581915
2026-09-06 10:36:00 PM,10:36:28 PM,28,v2867582201,https://www.twitch.tv/videos/2867582201
2026-09-06 10:36:39 PM,10:37:10 PM,31,v2867582465,https://www.twitch.tv/videos/2867582465
2026-09-06 10:37:20 PM,10:37:53 PM,33,v2867582731,https://www.twitch.tv/videos/2867582731
2026-09-06 10:38:04 PM,10:38:38 PM,34,v2867582991,https://www.twitch.tv/videos/2867582991
2026-09-06 10:38:49 PM,10:39:23 PM,34,v2867583293,https://www.twitch.tv/videos/2867583293
2026-09-06 10:39:33 PM,10:40:11 PM,38,v2867583549,https://www.twitch.tv/videos/2867583549
2026-09-06 10:40:23 PM,10:41:05 PM,42,v2867583862,https://www.twitch.tv/videos/2867583862
2026-09-06 10:41:15 PM,10:42:00 PM,45,v2867584205,https://www.twitch.tv/videos/2867584205
2026-09-06 10:42:11 PM,10:42:55 PM,44,v2867584598,https://www.twitch.tv/videos/2867584598
2026-09-06 10:43:06 PM,10:43:50 PM,44,v2867584970,https://www.twitch.tv/videos/2867584970
2026-09-06 10:44:01 PM,10:44:46 PM,45,v2867585337,https://www.twitch.tv/videos/2867585337
2026-09-06 10:44:57 PM,10:45:41 PM,44,v2867585650,https://www.twitch.tv/videos/2867585650
2026-09-06 10:45:52 PM,10:46:32 PM,40,v2867585987,https://www.twitch.tv/videos/2867585987
2026-09-06 10:46:43 PM,10:47:25 PM,42,v2867586264,https://www.twitch.tv/videos/2867586264
2026-09-06 10:47:36 PM,10:48:14 PM,38,v2867586552,https://www.twitch.tv/videos/2867586552
2026-09-06 10:48:24 PM,10:49:03 PM,39,v2867586855,https://www.twitch.tv/videos/2867586855
2026-09-06 10:49:14 PM,10:49:48 PM,34,v2867587185,https://www.twitch.tv/videos/2867587185
2026-09-06 10:49:59 PM,10:50:33 PM,34,v2867587513,https://www.twitch.tv/videos/2867587513
2026-09-06 10:50:44 PM,10:51:18 PM,34,v2867587812,https://www.twitch.tv/videos/2867587812
2026-09-06 10:51:29 PM,10:52:03 PM,34,v2867588110,https://www.twitch.tv/videos/2867588110
2026-09-06 10:52:13 PM,10:52:46 PM,33,v2867588408,https://www.twitch.tv/videos/2867588408
2026-09-06 10:52:57 PM,10:53:30 PM,33,v2867588686,https://www.twitch.tv/videos/2867588686
2026-09-06 10:53:42 PM,10:54:21 PM,39,v2867588925,https://www.twitch.tv/videos/2867588925
2026-09-06 10:54:32 PM,10:55:10 PM,38,v2867589250,https://www.twitch.tv/videos/2867589250
2026-09-06 10:55:21 PM,10:56:03 PM,42,v2867589547,https://www.twitch.tv/videos/2867589547
2026-09-06 10:56:14 PM,10:56:52 PM,38,v2867589918,https://www.twitch.tv/videos/2867589918
2026-09-06 10:57:03 PM,10:57:41 PM,38,v2867590285,https://www.twitch.tv/videos/2867590285
2026-09-06 10:57:52 PM,10:58:31 PM,39,v2867590630,https://www.twitch.tv/videos/2867590630
2026-09-06 10:58:42 PM,10:59:24 PM,42,v2867590928,https://www.twitch.tv/videos/2867590928
2026-09-06 10:59:35 PM,11:00:17 PM,42,v2867591263,https://www.twitch.tv/videos/2867591263
2026-09-06 11:00:28 PM,11:01:12 PM,44,v2867591643,https://www.twitch.tv/videos/2867591643
2026-09-06 11:01:24 PM,11:02:08 PM,44,v2867592031,https://www.twitch.tv/videos/2867592031
2026-09-06 11:02:19 PM,11:03:06 PM,47,v2867592429,https://www.twitch.tv/videos/2867592429
2026-09-06 11:03:17 PM,11:04:02 PM,45,v2867592833,https://www.twitch.tv/videos/2867592833
2026-09-06 11:04:12 PM,11:04:55 PM,43,v2867593220,https://www.twitch.tv/videos/2867593220
2026-09-06 11:05:06 PM,11:05:47 PM,41,v2867593567,https://www.twitch.tv/videos/2867593567
2026-09-06 11:05:58 PM,11:06:30 PM,32,v2867593901,https://www.twitch.tv/videos/2867593901
2026-09-06 11:06:41 PM,11:07:13 PM,32,v2867594176,https://www.twitch.tv/videos/2867594176
2026-09-06 11:07:24 PM,11:07:57 PM,33,v2867594424,https://www.twitch.tv/videos/2867594424
2026-09-06 11:08:08 PM,11:08:42 PM,34,v2867594693,https://www.twitch.tv/videos/2867594693
2026-09-06 11:08:53 PM,11:09:27 PM,34,v2867594947,https://www.twitch.tv/videos/2867594947
2026-09-06 11:09:38 PM,11:10:11 PM,33,v2867595232,https://www.twitch.tv/videos/2867595232
2026-09-06 11:10:22 PM,11:10:58 PM,36,v2867595518,https://www.twitch.tv/videos/2867595518
2026-09-06 11:11:08 PM,11:11:47 PM,39,v2867595833,https://www.twitch.tv/videos/2867595833
2026-09-06 11:11:58 PM,11:12:38 PM,40,v2867596107,https://www.twitch.tv/videos/2867596107
2026-09-06 11:12:49 PM,11:13:30 PM,41,v2867596378,https://www.twitch.tv/videos/2867596378
2026-09-06 11:13:41 PM,11:14:22 PM,41,v2867596691,https://www.twitch.tv/videos/2867596691
2026-09-06 11:14:33 PM,11:15:18 PM,45,v2867596961,https://www.twitch.tv/videos/2867596961
2026-09-06 11:15:29 PM,11:16:15 PM,46,v2867597316,https://www.twitch.tv/videos/2867597316
2026-09-06 11:16:27 PM,11:17:14 PM,47,v2867597657,https://www.twitch.tv/videos/2867597657
2026-09-06 11:17:25 PM,11:18:12 PM,47,v2867598025,https://www.twitch.tv/videos/2867598025
2026-09-06 11:18:24 PM,11:19:08 PM,44,v2867598375,https://www.twitch.tv/videos/2867598375
2026-09-06 11:19:18 PM,11:20:06 PM,48,v2867598697,https://www.twitch.tv/videos/2867598697
2026-09-06 11:20:18 PM,11:20:58 PM,40,v2867599030,https://www.twitch.tv/videos/2867599030
2026-09-06 11:21:09 PM,11:21:51 PM,42,v2867599328,https://www.twitch.tv/videos/2867599328
2026-09-06 11:22:02 PM,11:22:43 PM,41,v2867599617,https://www.twitch.tv/videos/2867599617
2026-09-06 11:22:54 PM,11:23:34 PM,40,v2867599884,https://www.twitch.tv/videos/2867599884
2026-09-06 11:23:45 PM,11:24:24 PM,39,v2867600206,https://www.twitch.tv/videos/2867600206
2026-09-06 11:24:35 PM,11:25:11 PM,36,v2867600527,https://www.twitch.tv/videos/2867600527
2026-09-06 11:25:21 PM,11:25:57 PM,36,v2867600838,https://www.twitch.tv/videos/2867600838
2026-09-06 11:26:09 PM,11:26:47 PM,38,v2867601122,https://www.twitch.tv/videos/2867601122
2026-09-06 11:26:58 PM,11:27:39 PM,41,v2867601400,https://www.twitch.tv/videos/2867601400
2026-09-06 11:27:49 PM,11:28:28 PM,39,v2867601723,https://www.twitch.tv/videos/2867601723
2026-09-06 11:28:39 PM,11:29:15 PM,36,v2867602020,https://www.twitch.tv/videos/2867602020
2026-09-06 11:29:26 PM,11:30:06 PM,40,v2867602272,https://www.twitch.tv/videos/2867602272
2026-09-06 11:30:18 PM,11:30:57 PM,39,v2867602601,https://www.twitch.tv/videos/2867602601
2026-09-06 11:31:07 PM,11:31:44 PM,37,v2867602938,https://www.twitch.tv/videos/2867602938
2026-09-06 11:31:55 PM,11:32:32 PM,37,v2867603269,https://www.twitch.tv/videos/2867603269
2026-09-06 11:32:42 PM,11:33:19 PM,37,v2867603587,https://www.twitch.tv/videos/2867603587
2026-09-06 11:33:30 PM,11:34:03 PM,33,v2867603866,https://www.twitch.tv/videos/2867603866
2026-09-06 11:34:14 PM,11:34:48 PM,34,v2867604116,https://www.twitch.tv/videos/2867604116
2026-09-06 11:34:58 PM,11:35:32 PM,34,v2867604388,https://www.twitch.tv/videos/2867604388
2026-09-06 11:35:42 PM,11:36:14 PM,32,v2867604621,https://www.twitch.tv/videos/2867604621
2026-09-06 11:36:24 PM,11:36:59 PM,35,v2867604845,https://www.twitch.tv/videos/2867604845
2026-09-06 11:37:10 PM,11:37:43 PM,33,v2867605120,https://www.twitch.tv/videos/2867605120
2026-09-06 11:37:54 PM,11:38:27 PM,33,v2867605384,https://www.twitch.tv/videos/2867605384
2026-09-06 11:38:38 PM,11:39:11 PM,33,v2867605637,https://www.twitch.tv/videos/2867605637
2026-09-06 11:39:21 PM,11:39:50 PM,29,v2867605925,https://www.twitch.tv/videos/2867605925
2026-09-06 11:40:01 PM,11:40:34 PM,33,v2867606151,https://www.twitch.tv/videos/2867606151
2026-09-06 11:40:44 PM,11:41:17 PM,33,v2867606360,https://www.twitch.tv/videos/2867606360
2026-09-06 11:41:28 PM,11:42:05 PM,37,v2867606607,https://www.twitch.tv/videos/2867606607
2026-09-06 11:42:16 PM,11:42:57 PM,41,v2867606850,https://www.twitch.tv/videos/2867606850
2026-09-06 11:43:07 PM,11:43:50 PM,43,v2867607095,https://www.twitch.tv/videos/2867607095
2026-09-06 11:44:01 PM,11:44:44 PM,43,v2867607372,https://www.twitch.tv/videos/2867607372
2026-09-06 11:44:55 PM,11:45:36 PM,41,v2867607703,https://www.twitch.tv/videos/2867607703
2026-09-06 11:45:47 PM,11:46:28 PM,41,v2867608007,https://www.twitch.tv/videos/2867608007
2026-09-06 11:46:39 PM,11:47:19 PM,40,v2867608321,https://www.twitch.tv/videos/2867608321
2026-09-06 11:47:30 PM,11:48:10 PM,40,v2867608601,https://www.twitch.tv/videos/2867608601
2026-09-06 11:48:21 PM,11:49:01 PM,40,v2867608875,https://www.twitch.tv/videos/2867608875
2026-09-06 11:49:12 PM,11:49:52 PM,40,v2867609135,https://www.twitch.tv/videos/2867609135
2026-09-06 11:50:03 PM,11:50:41 PM,38,v2867609410,https://www.twitch.tv/videos/2867609410
2026-09-06 11:50:52 PM,11:51:30 PM,38,v2867609690,https://www.twitch.tv/videos/2867609690
2026-09-06 11:51:40 PM,11:52:20 PM,40,v2867609972,https://www.twitch.tv/videos/2867609972
2026-09-06 11:52:31 PM,11:53:11 PM,40,v2867610271,https://www.twitch.tv/videos/2867610271
2026-09-06 11:53:22 PM,11:54:07 PM,45,v2867610573,https://www.twitch.tv/videos/2867610573
2026-09-06 11:54:18 PM,11:55:03 PM,45,v2867610880,https://www.twitch.tv/videos/2867610880
2026-09-06 11:55:15 PM,11:56:07 PM,52,v2867611190,https://www.twitch.tv/videos/2867611190
2026-09-06 11:56:18 PM,11:57:10 PM,52,v2867611562,https://www.twitch.tv/videos/2867611562
2026-09-06 11:57:22 PM,11:58:17 PM,55,v2867611925,https://www.twitch.tv/videos/2867611925
2026-09-06 11:58:28 PM,11:59:24 PM,56,v2867612328,https://www.twitch.tv/videos/2867612328
2026-09-06 11:59:36 PM,12:00:30 AM,54,v2867612759,https://www.twitch.tv/videos/2867612759
2026-09-07 12:00:42 AM,12:01:33 AM,51,v2867613265,https://www.twitch.tv/videos/2867613265
2026-09-07 12:01:43 AM,12:02:21 AM,38,v2867613663,https://www.twitch.tv/videos/2867613663
2026-09-07 12:02:32 AM,12:03:09 AM,37,v2867613972,https://www.twitch.tv/videos/2867613972
2026-09-07 12:03:19 AM,12:03:54 AM,35,v2867614234,https://www.twitch.tv/videos/2867614234
2026-09-07 12:04:06 AM,12:04:45 AM,39,v2867614516,https://www.twitch.tv/videos/2867614516
2026-09-07 12:04:56 AM,12:05:34 AM,38,v2867614825,https://www.twitch.tv/videos/2867614825
2026-09-07 12:05:44 AM,12:06:18 AM,34,v2867615098,https://www.twitch.tv/videos/2867615098
2026-09-07 12:06:29 AM,12:07:08 AM,39,v2867615401,https://www.twitch.tv/videos/2867615401
2026-09-07 12:07:20 AM,12:08:03 AM,43,v2867615660,https://www.twitch.tv/videos/2867615660
2026-09-07 12:08:14 AM,12:08:58 AM,44,v2867615937,https://www.twitch.tv/videos/2867615937
2026-09-07 12:09:09 AM,12:09:55 AM,46,v2867616264,https://www.twitch.tv/videos/2867616264
2026-09-07 12:10:06 AM,12:10:51 AM,45,v2867616591,https://www.twitch.tv/videos/2867616591
2026-09-07 12:11:03 AM,12:11:55 AM,52,v2867616902,https://www.twitch.tv/videos/2867616902
2026-09-07 12:12:06 AM,12:12:58 AM,52,v2867617224,https://www.twitch.tv/videos/2867617224
2026-09-07 12:13:10 AM,12:14:02 AM,52,v2867617573,https://www.twitch.tv/videos/2867617573
2026-09-07 12:14:13 AM,12:15:00 AM,47,v2867617952,https://www.twitch.tv/videos/2867617952
2026-09-07 12:15:11 AM,12:15:57 AM,46,v2867618277,https://www.twitch.tv/videos/2867618277
2026-09-07 12:16:08 AM,12:16:53 AM,45,v2867618553,https://www.twitch.tv/videos/2867618553
2026-09-07 12:17:04 AM,12:17:44 AM,40,v2867618868,https://www.twitch.tv/videos/2867618868
2026-09-07 12:17:55 AM,12:18:37 AM,42,v2867619110,https://www.twitch.tv/videos/2867619110
2026-09-07 12:18:48 AM,12:19:32 AM,44,v2867619375,https://www.twitch.tv/videos/2867619375
2026-09-07 12:19:43 AM,12:20:27 AM,44,v2867619680,https://www.twitch.tv/videos/2867619680
2026-09-07 12:20:38 AM,12:21:25 AM,47,v2867619989,https://www.twitch.tv/videos/2867619989
2026-09-07 12:21:37 AM,12:22:25 AM,48,v2867620342,https://www.twitch.tv/videos/2867620342
2026-09-07 12:22:36 AM,12:23:27 AM,51,v2867620647,https://www.twitch.tv/videos/2867620647
2026-09-07 12:23:38 AM,12:24:25 AM,47,v2867620973,https://www.twitch.tv/videos/2867620973
2026-09-07 12:24:36 AM,12:25:26 AM,50,v2867621264,https://www.twitch.tv/videos/2867621264
2026-09-07 12:25:37 AM,12:26:25 AM,48,v2867621595,https://www.twitch.tv/videos/2867621595
2026-09-07 12:26:37 AM,12:27:23 AM,46,v2867621948,https://www.twitch.tv/videos/2867621948
2026-09-07 12:27:34 AM,12:28:19 AM,45,v2867622271,https://www.twitch.tv/videos/2867622271
2026-09-07 12:28:30 AM,12:29:10 AM,40,v2867622614,https://www.twitch.tv/videos/2867622614
2026-09-07 12:29:21 AM,12:30:01 AM,40,v2867622878,https://www.twitch.tv/videos/2867622878
2026-09-07 12:30:11 AM,12:30:50 AM,39,v2867623162,https://www.twitch.tv/videos/2867623162
2026-09-07 12:31:01 AM,12:31:39 AM,38,v2867623443,https://www.twitch.tv/videos/2867623443
2026-09-07 12:31:49 AM,12:32:30 AM,41,v2867623673,https://www.twitch.tv/videos/2867623673
2026-09-07 12:32:41 AM,12:33:24 AM,43,v2867623956,https://www.twitch.tv/videos/2867623956
2026-09-07 12:33:35 AM,12:34:17 AM,42,v2867624272,https://www.twitch.tv/videos/2867624272
2026-09-07 12:34:28 AM,12:35:11 AM,43,v2867624586,https://www.twitch.tv/videos/2867624586
2026-09-07 12:35:22 AM,12:36:07 AM,45,v2867624892,https://www.twitch.tv/videos/2867624892
2026-09-07 12:36:18 AM,12:37:02 AM,44,v2867625168,https://www.twitch.tv/videos/2867625168
2026-09-07 12:37:13 AM,12:37:52 AM,39,v2867625465,https://www.twitch.tv/videos/2867625465
2026-09-07 12:38:03 AM,12:38:42 AM,39,v2867625710,https://www.twitch.tv/videos/2867625710
2026-09-07 12:38:53 AM,12:39:31 AM,38,v2867625926,https://www.twitch.tv/videos/2867625926
2026-09-07 12:39:42 AM,12:40:24 AM,42,v2867626159,https://www.twitch.tv/videos/2867626159
2026-09-07 12:40:35 AM,12:41:17 AM,42,v2867626450,https://www.twitch.tv/videos/2867626450
2026-09-07 12:41:28 AM,12:42:11 AM,43,v2867626761,https://www.twitch.tv/videos/2867626761
2026-09-07 12:42:22 AM,12:43:05 AM,43,v2867627046,https://www.twitch.tv/videos/2867627046
2026-09-07 12:43:16 AM,12:43:59 AM,43,v2867627314,https://www.twitch.tv/videos/2867627314
2026-09-07 12:44:10 AM,12:44:50 AM,40,v2867627585,https://www.twitch.tv/videos/2867627585
2026-09-07 12:45:02 AM,12:45:47 AM,45,v2867627848,https://www.twitch.tv/videos/2867627848
2026-09-07 12:45:59 AM,12:46:41 AM,42,v2867628117,https://www.twitch.tv/videos/2867628117
2026-09-07 12:46:52 AM,12:47:36 AM,44,v2867628380,https://www.twitch.tv/videos/2867628380
2026-09-07 12:47:47 AM,12:48:31 AM,44,v2867628663,https://www.twitch.tv/videos/2867628663
2026-09-07 12:48:42 AM,12:49:25 AM,43,v2867628946,https://www.twitch.tv/videos/2867628946
2026-09-07 12:49:36 AM,12:50:19 AM,43,v2867629207,https://www.twitch.tv/videos/2867629207
2026-09-07 12:50:30 AM,12:51:10 AM,40,v2867629473,https://www.twitch.tv/videos/2867629473
2026-09-07 12:51:21 AM,12:52:03 AM,42,v2867629743,https://www.twitch.tv/videos/2867629743
2026-09-07 12:52:14 AM,12:52:53 AM,39,v2867630023,https://www.twitch.tv/videos/2867630023
2026-09-07 12:53:04 AM,12:53:44 AM,40,v2867630249,https://www.twitch.tv/videos/2867630249
2026-09-07 12:53:55 AM,12:54:34 AM,39,v2867630490,https://www.twitch.tv/videos/2867630490
2026-09-07 12:54:45 AM,12:55:24 AM,39,v2867630744,https://www.twitch.tv/videos/2867630744
2026-09-07 12:55:35 AM,12:56:13 AM,38,v2867631027,https://www.twitch.tv/videos/2867631027
2026-09-07 12:56:24 AM,12:57:07 AM,43,v2867631341,https://www.twitch.tv/videos/2867631341
2026-09-07 12:57:17 AM,12:57:56 AM,39,v2867631646,https://www.twitch.tv/videos/2867631646
2026-09-07 12:58:08 AM,12:58:48 AM,40,v2867631917,https://www.twitch.tv/videos/2867631917
2026-09-07 12:58:58 AM,12:59:36 AM,38,v2867632220,https://www.twitch.tv/videos/2867632220
2026-09-07 12:59:46 AM,01:00:25 AM,39,v2867632486,https://www.twitch.tv/videos/2867632486
2026-09-07 01:00:36 AM,01:01:14 AM,38,v2867632869,https://www.twitch.tv/videos/2867632869
2026-09-07 01:01:25 AM,01:02:06 AM,41,v2867633187,https://www.twitch.tv/videos/2867633187
2026-09-07 01:02:17 AM,01:02:55 AM,38,v2867633511,https://www.twitch.tv/videos/2867633511
2026-09-07 01:03:05 AM,01:03:42 AM,37,v2867633845,https://www.twitch.tv/videos/2867633845
2026-09-07 01:03:53 AM,01:04:27 AM,34,v2867634132,https://www.twitch.tv/videos/2867634132
2026-09-07 01:04:38 AM,01:05:14 AM,36,v2867634389,https://www.twitch.tv/videos/2867634389
2026-09-07 01:05:25 AM,01:05:59 AM,34,v2867634612,https://www.twitch.tv/videos/2867634612
2026-09-07 01:06:10 AM,01:06:47 AM,37,v2867634829,https://www.twitch.tv/videos/2867634829
2026-09-07 01:06:58 AM,01:07:34 AM,36,v2867635051,https://www.twitch.tv/videos/2867635051
2026-09-07 01:07:45 AM,01:08:26 AM,41,v2867635296,https://www.twitch.tv/videos/2867635296
2026-09-07 01:08:37 AM,01:09:19 AM,42,v2867635587,https://www.twitch.tv/videos/2867635587
2026-09-07 01:09:30 AM,01:10:12 AM,42,v2867635880,https://www.twitch.tv/videos/2867635880
2026-09-07 01:10:23 AM,01:11:03 AM,40,v2867636174,https://www.twitch.tv/videos/2867636174
2026-09-07 01:11:14 AM,01:11:54 AM,40,v2867636423,https://www.twitch.tv/videos/2867636423
2026-09-07 01:12:05 AM,01:12:42 AM,37,v2867636672,https://www.twitch.tv/videos/2867636672
2026-09-07 01:12:52 AM,01:13:24 AM,32,v2867636902,https://www.twitch.tv/videos/2867636902
2026-09-07 01:13:35 AM,01:14:04 AM,29,v2867637091,https://www.twitch.tv/videos/2867637091
2026-09-07 01:14:14 AM,01:14:48 AM,34,v2867637278,https://www.twitch.tv/videos/2867637278
2026-09-07 01:15:00 AM,01:15:34 AM,34,v2867637494,https://www.twitch.tv/videos/2867637494
2026-09-07 01:15:44 AM,01:16:17 AM,33,v2867637726,https://www.twitch.tv/videos/2867637726
2026-09-07 01:16:28 AM,01:16:58 AM,30,v2867637974,https://www.twitch.tv/videos/2867637974
2026-09-07 01:17:09 AM,01:17:40 AM,31,v2867638235,https://www.twitch.tv/videos/2867638235
2026-09-07 01:17:51 AM,01:18:23 AM,32,v2867638430,https://www.twitch.tv/videos/2867638430
2026-09-07 01:18:34 AM,01:19:11 AM,37,v2867638636,https://www.twitch.tv/videos/2867638636
2026-09-07 01:19:22 AM,01:19:56 AM,34,v2867638892,https://www.twitch.tv/videos/2867638892
2026-09-07 01:20:07 AM,01:20:45 AM,38,v2867639098,https://www.twitch.tv/videos/2867639098
2026-09-07 01:20:56 AM,01:21:36 AM,40,v2867639332,https://www.twitch.tv/videos/2867639332
2026-09-07 01:21:47 AM,01:22:27 AM,40,v2867639589,https://www.twitch.tv/videos/2867639589
2026-09-07 01:22:39 AM,01:23:28 AM,49,v2867639864,https://www.twitch.tv/videos/2867639864
2026-09-07 01:23:39 AM,01:24:29 AM,50,v2867640198,https://www.twitch.tv/videos/2867640198
2026-09-07 01:24:40 AM,01:25:26 AM,46,v2867640522,https://www.twitch.tv/videos/2867640522
2026-09-07 01:25:37 AM,01:26:19 AM,42,v2867640789,https://www.twitch.tv/videos/2867640789
2026-09-07 01:26:30 AM,01:27:11 AM,41,v2867641055,https://www.twitch.tv/videos/2867641055
2026-09-07 01:27:22 AM,01:27:56 AM,34,v2867641319,https://www.twitch.tv/videos/2867641319
2026-09-07 01:28:07 AM,01:28:43 AM,36,v2867641521,https://www.twitch.tv/videos/2867641521
2026-09-07 01:28:54 AM,01:29:31 AM,37,v2867641749,https://www.twitch.tv/videos/2867641749
2026-09-07 01:29:42 AM,01:30:24 AM,42,v2867642035,https://www.twitch.tv/videos/2867642035
2026-09-07 01:30:35 AM,01:31:15 AM,40,v2867642369,https://www.twitch.tv/videos/2867642369
2026-09-07 01:31:26 AM,01:32:07 AM,41,v2867642667,https://www.twitch.tv/videos/2867642667
2026-09-07 01:32:18 AM,01:32:56 AM,38,v2867642924,https://www.twitch.tv/videos/2867642924
2026-09-07 01:33:07 AM,01:33:46 AM,39,v2867643158,https://www.twitch.tv/videos/2867643158
2026-09-07 01:33:57 AM,01:34:37 AM,40,v2867643419,https://www.twitch.tv/videos/2867643419
2026-09-07 01:34:48 AM,01:35:30 AM,42,v2867643627,https://www.twitch.tv/videos/2867643627
2026-09-07 01:35:41 AM,01:36:20 AM,39,v2867643874,https://www.twitch.tv/videos/2867643874
2026-09-07 01:36:30 AM,01:37:13 AM,43,v2867644145,https://www.twitch.tv/videos/2867644145
2026-09-07 01:37:25 AM,01:38:13 AM,48,v2867644426,https://www.twitch.tv/videos/2867644426
2026-09-07 01:38:24 AM,01:39:17 AM,53,v2867644734,https://www.twitch.tv/videos/2867644734
2026-09-07 01:39:29 AM,01:40:28 AM,59,v2867645057,https://www.twitch.tv/videos/2867645057
2026-09-07 01:40:40 AM,01:41:40 AM,60,v2867645385,https://www.twitch.tv/videos/2867645385
2026-09-07 01:41:52 AM,01:42:49 AM,57,v2867645706,https://www.twitch.tv/videos/2867645706
2026-09-07 01:43:00 AM,01:43:56 AM,56,v2867646016,https://www.twitch.tv/videos/2867646016
2026-09-07 01:44:08 AM,01:45:09 AM,61,v2867646346,https://www.twitch.tv/videos/2867646346
2026-09-07 01:45:20 AM,01:46:09 AM,49,v2867646744,https://www.twitch.tv/videos/2867646744
2026-09-07 01:46:20 AM,01:47:11 AM,51,v2867647038,https://www.twitch.tv/videos/2867647038
2026-09-07 01:47:22 AM,01:48:13 AM,51,v2867647345,https://www.twitch.tv/videos/2867647345
2026-09-07 01:48:24 AM,01:49:09 AM,45,v2867647655,https://www.twitch.tv/videos/2867647655
2026-09-07 01:49:20 AM,01:50:12 AM,52,v2867647907,https://www.twitch.tv/videos/2867647907
2026-09-07 01:50:23 AM,01:51:03 AM,40,v2867648196,https://www.twitch.tv/videos/2867648196
2026-09-07 01:51:14 AM,01:51:53 AM,39,v2867648459,https://www.twitch.tv/videos/2867648459
2026-09-07 01:52:04 AM,01:52:48 AM,44,v2867648738,https://www.twitch.tv/videos/2867648738
2026-09-07 01:52:59 AM,01:53:42 AM,43,v2867649012,https://www.twitch.tv/videos/2867649012
2026-09-07 01:53:53 AM,01:54:36 AM,43,v2867649255,https://www.twitch.tv/videos/2867649255
2026-09-07 01:54:48 AM,01:55:40 AM,52,v2867649532,https://www.twitch.tv/videos/2867649532
2026-09-07 01:55:51 AM,01:56:39 AM,48,v2867649837,https://www.twitch.tv/videos/2867649837
2026-09-07 01:56:51 AM,01:57:40 AM,49,v2867650136,https://www.twitch.tv/videos/2867650136
2026-09-07 01:57:51 AM,01:58:37 AM,46,v2867650481,https://www.twitch.tv/videos/2867650481
2026-09-07 01:58:49 AM,01:59:37 AM,48,v2867650826,https://www.twitch.tv/videos/2867650826
2026-09-07 01:59:48 AM,02:00:28 AM,40,v2867651168,https://www.twitch.tv/videos/2867651168
2026-09-07 02:00:39 AM,02:01:18 AM,39,v2867651588,https://www.twitch.tv/videos/2867651588
2026-09-07 02:01:29 AM,02:02:12 AM,43,v2867651940,https://www.twitch.tv/videos/2867651940
2026-09-07 02:02:23 AM,02:03:04 AM,41,v2867652271,https://www.twitch.tv/videos/2867652271
2026-09-07 02:03:15 AM,02:03:57 AM,42,v2867652563,https://www.twitch.tv/videos/2867652563
2026-09-07 02:04:07 AM,02:04:47 AM,40,v2867652866,https://www.twitch.tv/videos/2867652866
2026-09-07 02:04:59 AM,02:05:44 AM,45,v2867653195,https://www.twitch.tv/videos/2867653195
2026-09-07 02:05:55 AM,02:06:40 AM,45,v2867653534,https://www.twitch.tv/videos/2867653534
2026-09-07 02:06:51 AM,02:07:36 AM,45,v2867653808,https://www.twitch.tv/videos/2867653808
2026-09-07 02:07:48 AM,02:08:51 AM,63,v2867654096,https://www.twitch.tv/videos/2867654096
2026-09-07 02:09:03 AM,02:10:01 AM,58,v2867654499,https://www.twitch.tv/videos/2867654499
2026-09-07 02:10:12 AM,02:11:12 AM,60,v2867654812,https://www.twitch.tv/videos/2867654812
2026-09-07 02:11:23 AM,02:12:26 AM,63,v2867655186,https://www.twitch.tv/videos/2867655186
2026-09-07 02:12:37 AM,02:13:36 AM,59,v2867655585,https://www.twitch.tv/videos/2867655585
2026-09-07 02:13:48 AM,02:14:27 AM,39,v2867655978,https://www.twitch.tv/videos/2867655978
2026-09-07 02:14:37 AM,02:15:16 AM,39,v2867656220,https://www.twitch.tv/videos/2867656220
2026-09-07 02:15:27 AM,02:16:16 AM,49,v2867656487,https://www.twitch.tv/videos/2867656487
2026-09-07 02:16:26 AM,02:17:15 AM,49,v2867656778,https://www.twitch.tv/videos/2867656778
2026-09-07 02:17:26 AM,02:18:18 AM,52,v2867657044,https://www.twitch.tv/videos/2867657044
2026-09-07 02:18:30 AM,02:19:17 AM,47,v2867657393,https://www.twitch.tv/videos/2867657393
2026-09-07 02:19:28 AM,02:20:15 AM,47,v2867657714,https://www.twitch.tv/videos/2867657714
2026-09-07 02:20:26 AM,02:21:13 AM,47,v2867658003,https://www.twitch.tv/videos/2867658003
2026-09-07 02:21:24 AM,02:22:11 AM,47,v2867658302,https://www.twitch.tv/videos/2867658302
2026-09-07 02:22:22 AM,02:23:04 AM,42,v2867658578,https://www.twitch.tv/videos/2867658578
2026-09-07 02:23:14 AM,02:23:48 AM,34,v2867658841,https://www.twitch.tv/videos/2867658841
2026-09-07 02:23:59 AM,02:24:36 AM,37,v2867659072,https://www.twitch.tv/videos/2867659072
2026-09-07 02:24:47 AM,02:25:26 AM,39,v2867659314,https://www.twitch.tv/videos/2867659314
2026-09-07 02:25:37 AM,02:26:18 AM,41,v2867659584,https://www.twitch.tv/videos/2867659584
2026-09-07 02:26:29 AM,02:27:10 AM,41,v2867659863,https://www.twitch.tv/videos/2867659863
2026-09-07 02:27:22 AM,02:28:04 AM,42,v2867660151,https://www.twitch.tv/videos/2867660151
2026-09-07 02:28:15 AM,02:28:55 AM,40,v2867660412,https://www.twitch.tv/videos/2867660412
2026-09-07 02:29:06 AM,02:29:46 AM,40,v2867660668,https://www.twitch.tv/videos/2867660668
2026-09-07 02:29:57 AM,02:30:39 AM,42,v2867660936,https://www.twitch.tv/videos/2867660936
2026-09-07 02:30:50 AM,02:31:32 AM,42,v2867661229,https://www.twitch.tv/videos/2867661229
2026-09-07 02:31:42 AM,02:32:19 AM,37,v2867661522,https://www.twitch.tv/videos/2867661522
2026-09-07 02:32:31 AM,02:33:08 AM,37,v2867661781,https://www.twitch.tv/videos/2867661781
2026-09-07 02:33:18 AM,02:33:56 AM,38,v2867662033,https://www.twitch.tv/videos/2867662033
2026-09-07 02:34:07 AM,02:34:45 AM,38,v2867662345,https://www.twitch.tv/videos/2867662345
2026-09-07 02:34:56 AM,02:35:34 AM,38,v2867662568,https://www.twitch.tv/videos/2867662568
2026-09-07 02:35:45 AM,02:36:23 AM,38,v2867662800,https://www.twitch.tv/videos/2867662800
2026-09-07 02:36:34 AM,02:37:19 AM,45,v2867663093,https://www.twitch.tv/videos/2867663093
2026-09-07 02:37:30 AM,02:38:17 AM,47,v2867663341,https://www.twitch.tv/videos/2867663341
2026-09-07 02:38:29 AM,02:39:18 AM,49,v2867663642,https://www.twitch.tv/videos/2867663642
2026-09-07 02:39:30 AM,02:40:23 AM,53,v2867663959,https://www.twitch.tv/videos/2867663959
2026-09-07 02:40:34 AM,02:41:27 AM,53,v2867664340,https://www.twitch.tv/videos/2867664340
2026-09-07 02:41:37 AM,02:42:33 AM,56,v2867664716,https://www.twitch.tv/videos/2867664716
2026-09-07 02:42:45 AM,02:43:43 AM,58,v2867665051,https://www.twitch.tv/videos/2867665051
2026-09-07 02:43:55 AM,02:44:55 AM,60,v2867665398,https://www.twitch.tv/videos/2867665398
2026-09-07 02:45:06 AM,02:45:56 AM,50,v2867665747,https://www.twitch.tv/videos/2867665747
2026-09-07 02:46:08 AM,02:46:56 AM,48,v2867666057,https://www.twitch.tv/videos/2867666057
2026-09-07 02:47:07 AM,02:47:56 AM,49,v2867666377,https://www.twitch.tv/videos/2867666377
2026-09-07 02:48:07 AM,02:48:55 AM,48,v2867666696,https://www.twitch.tv/videos/2867666696
2026-09-07 02:49:06 AM,02:49:53 AM,47,v2867666973,https://www.twitch.tv/videos/2867666973
2026-09-07 02:50:04 AM,02:50:50 AM,46,v2867667291,https://www.twitch.tv/videos/2867667291
2026-09-07 02:51:01 AM,02:51:45 AM,44,v2867667625,https://www.twitch.tv/videos/2867667625
2026-09-07 02:51:56 AM,02:52:40 AM,44,v2867667906,https://www.twitch.tv/videos/2867667906
2026-09-07 02:52:52 AM,02:53:36 AM,44,v2867668197,https://www.twitch.tv/videos/2867668197
2026-09-07 02:53:47 AM,02:54:34 AM,47,v2867668523,https://www.twitch.tv/videos/2867668523
2026-09-07 02:54:45 AM,02:55:30 AM,45,v2867668874,https://www.twitch.tv/videos/2867668874
2026-09-07 05:11:25 AM,05:11:38 AM,13,v2867724290,https://www.twitch.tv/videos/2867724290
2026-09-07 05:11:47 AM,05:12:00 AM,13,v2867724463,https://www.twitch.tv/videos/2867724463
2026-09-07 05:12:10 AM,05:12:23 AM,13,v2867724653,https://www.twitch.tv/videos/2867724653
2026-09-07 05:12:33 AM,05:12:46 AM,13,v2867724830,https://www.twitch.tv/videos/2867724830
2026-09-07 05:12:56 AM,05:13:18 AM,22,v2867725027,https://www.twitch.tv/videos/2867725027
2026-09-07 05:13:28 AM,05:13:53 AM,25,v2867725327,https://www.twitch.tv/videos/2867725327
2026-09-07 05:14:04 AM,05:14:29 AM,25,v2867725623,https://www.twitch.tv/videos/2867725623
2026-09-07 05:14:40 AM,05:15:12 AM,32,v2867725945,https://www.twitch.tv/videos/2867725945
2026-09-07 05:15:23 AM,05:16:01 AM,38,v2867726308,https://www.twitch.tv/videos/2867726308
2026-09-07 05:16:11 AM,05:16:48 AM,37,v2867726707,https://www.twitch.tv/videos/2867726707
2026-09-07 05:16:59 AM,05:17:36 AM,37,v2867727096,https://www.twitch.tv/videos/2867727096
2026-09-07 05:17:47 AM,05:18:24 AM,37,v2867727482,https://www.twitch.tv/videos/2867727482
2026-09-07 05:18:35 AM,05:19:23 AM,48,v2867727820,https://www.twitch.tv/videos/2867727820
2026-09-07 05:19:34 AM,05:20:22 AM,48,v2867728276,https://www.twitch.tv/videos/2867728276
2026-09-07 05:20:33 AM,05:21:21 AM,48,v2867728721,https://www.twitch.tv/videos/2867728721
2026-09-07 05:21:32 AM,05:22:14 AM,42,v2867729219,https://www.twitch.tv/videos/2867729219
2026-09-07 05:22:25 AM,05:23:05 AM,40,v2867729658,https://www.twitch.tv/videos/2867729658
2026-09-07 05:23:17 AM,05:23:58 AM,41,v2867730061,https://www.twitch.tv/videos/2867730061
2026-09-07 05:24:09 AM,05:24:54 AM,45,v2867730491,https://www.twitch.tv/videos/2867730491
2026-09-07 05:25:04 AM,05:25:38 AM,34,v2867730924,https://www.twitch.tv/videos/2867730924
2026-09-07 05:25:49 AM,05:26:24 AM,35,v2867731274,https://www.twitch.tv/videos/2867731274
2026-09-07 05:26:35 AM,05:27:10 AM,35,v2867731665,https://www.twitch.tv/videos/2867731665
2026-09-07 05:27:20 AM,05:27:56 AM,36,v2867732022,https://www.twitch.tv/videos/2867732022
2026-09-07 05:28:07 AM,05:28:43 AM,36,v2867732436,https://www.twitch.tv/videos/2867732436
2026-09-07 05:28:54 AM,05:29:30 AM,36,v2867732824,https://www.twitch.tv/videos/2867732824
2026-09-07 05:29:40 AM,05:30:18 AM,38,v2867733283,https://www.twitch.tv/videos/2867733283
2026-09-07 05:30:29 AM,05:31:07 AM,38,v2867733748,https://www.twitch.tv/videos/2867733748
2026-09-07 05:31:17 AM,05:31:55 AM,38,v2867734227,https://www.twitch.tv/videos/2867734227
2026-09-07 05:32:06 AM,05:32:41 AM,35,v2867734674,https://www.twitch.tv/videos/2867734674
2026-09-07 05:32:51 AM,05:33:22 AM,31,v2867735051,https://www.twitch.tv/videos/2867735051
2026-09-07 05:33:32 AM,05:34:04 AM,32,v2867735389,https://www.twitch.tv/videos/2867735389
2026-09-07 05:34:15 AM,05:34:47 AM,32,v2867735779,https://www.twitch.tv/videos/2867735779
2026-09-07 05:34:58 AM,05:35:30 AM,32,v2867736144,https://www.twitch.tv/videos/2867736144
2026-09-07 05:35:40 AM,05:36:09 AM,29,v2867736526,https://www.twitch.tv/videos/2867736526
2026-09-07 05:36:20 AM,05:36:46 AM,26,v2867736888,https://www.twitch.tv/videos/2867736888
2026-09-07 05:36:57 AM,05:37:23 AM,26,v2867737200,https://www.twitch.tv/videos/2867737200
2026-09-07 05:37:33 AM,05:37:59 AM,26,v2867737489,https://www.twitch.tv/videos/2867737489
2026-09-07 05:38:09 AM,05:38:39 AM,30,v2867737813,https://www.twitch.tv/videos/2867737813
2026-09-07 05:38:49 AM,05:39:19 AM,30,v2867738152,https://www.twitch.tv/videos/2867738152
2026-09-07 05:39:29 AM,05:39:59 AM,30,v2867738451,https://www.twitch.tv/videos/2867738451
2026-09-07 05:40:09 AM,05:40:39 AM,30,v2867738772,https://www.twitch.tv/videos/2867738772
2026-09-07 05:40:49 AM,05:41:19 AM,30,v2867739091,https://www.twitch.tv/videos/2867739091
2026-09-07 05:41:29 AM,05:41:59 AM,30,v2867739413,https://www.twitch.tv/videos/2867739413
2026-09-07 05:42:10 AM,05:42:40 AM,30,v2867739771,https://www.twitch.tv/videos/2867739771
2026-09-07 05:42:51 AM,05:43:21 AM,30,v2867740146,https://www.twitch.tv/videos/2867740146
2026-09-07 05:43:31 AM,05:44:05 AM,34,v2867740480,https://www.twitch.tv/videos/2867740480
2026-09-07 05:44:16 AM,05:44:45 AM,29,v2867740813,https://www.twitch.tv/videos/2867740813
2026-09-07 05:44:55 AM,05:45:24 AM,29,v2867741143,https://www.twitch.tv/videos/2867741143
2026-09-07 05:45:34 AM,05:46:04 AM,30,v2867741483,https://www.twitch.tv/videos/2867741483
2026-09-07 05:46:14 AM,05:46:44 AM,30,v2867741824,https://www.twitch.tv/videos/2867741824
2026-09-07 05:46:54 AM,05:47:22 AM,28,v2867742171,https://www.twitch.tv/videos/2867742171
2026-09-07 05:47:33 AM,05:48:00 AM,27,v2867742453,https://www.twitch.tv/videos/2867742453
2026-09-07 05:48:10 AM,05:48:33 AM,23,v2867742747,https://www.twitch.tv/videos/2867742747
2026-09-07 05:48:43 AM,05:49:07 AM,24,v2867743014,https://www.twitch.tv/videos/2867743014
2026-09-07 05:49:18 AM,05:49:42 AM,24,v2867743330,https://www.twitch.tv/videos/2867743330
2026-09-07 05:49:52 AM,05:50:21 AM,29,v2867743650,https://www.twitch.tv/videos/2867743650
2026-09-07 05:50:32 AM,05:51:07 AM,35,v2867744029,https://www.twitch.tv/videos/2867744029
2026-09-07 05:51:18 AM,05:51:56 AM,38,v2867744430,https://www.twitch.tv/videos/2867744430
2026-09-07 05:52:07 AM,05:52:47 AM,40,v2867744832,https://www.twitch.tv/videos/2867744832
2026-09-07 05:52:58 AM,05:53:40 AM,42,v2867745287,https://www.twitch.tv/videos/2867745287
2026-09-07 05:53:51 AM,05:54:33 AM,42,v2867745719,https://www.twitch.tv/videos/2867745719
2026-09-07 05:54:44 AM,05:55:26 AM,42,v2867746204,https://www.twitch.tv/videos/2867746204
2026-09-07 05:55:38 AM,05:56:24 AM,46,v2867746757,https://www.twitch.tv/videos/2867746757
2026-09-07 05:56:35 AM,05:57:18 AM,43,v2867747316,https://www.twitch.tv/videos/2867747316
2026-09-07 05:57:29 AM,05:58:09 AM,40,v2867747875,https://www.twitch.tv/videos/2867747875
2026-09-07 05:58:20 AM,05:59:00 AM,40,v2867748407,https://www.twitch.tv/videos/2867748407
2026-09-07 05:59:10 AM,05:59:52 AM,42,v2867748952,https://www.twitch.tv/videos/2867748952
2026-09-07 06:00:03 AM,06:00:46 AM,43,v2867749608,https://www.twitch.tv/videos/2867749608
2026-09-07 06:00:56 AM,06:01:36 AM,40,v2867750380,https://www.twitch.tv/videos/2867750380
2026-09-07 06:01:48 AM,06:02:26 AM,38,v2867751001,https://www.twitch.tv/videos/2867751001
2026-09-07 06:02:37 AM,06:03:15 AM,38,v2867751561,https://www.twitch.tv/videos/2867751561
2026-09-07 06:03:25 AM,06:04:15 AM,50,v2867752127,https://www.twitch.tv/videos/2867752127
2026-09-07 06:04:26 AM,06:05:16 AM,50,v2867752783,https://www.twitch.tv/videos/2867752783
2026-09-07 06:05:28 AM,06:06:19 AM,51,v2867753424,https://www.twitch.tv/videos/2867753424
2026-09-07 06:06:30 AM,06:07:18 AM,48,v2867754057,https://www.twitch.tv/videos/2867754057
2026-09-07 06:07:29 AM,06:08:16 AM,47,v2867754614,https://www.twitch.tv/videos/2867754614
2026-09-07 06:08:28 AM,06:09:17 AM,49,v2867755201,https://www.twitch.tv/videos/2867755201
2026-09-07 06:09:29 AM,06:10:23 AM,54,v2867755764,https://www.twitch.tv/videos/2867755764
2026-09-07 06:10:34 AM,06:11:18 AM,44,v2867756419,https://www.twitch.tv/videos/2867756419
2026-09-07 06:11:30 AM,06:12:24 AM,54,v2867756990,https://www.twitch.tv/videos/2867756990
2026-09-07 06:12:35 AM,06:13:28 AM,53,v2867757585,https://www.twitch.tv/videos/2867757585
2026-09-07 06:13:40 AM,06:14:30 AM,50,v2867758184,https://www.twitch.tv/videos/2867758184
2026-09-07 06:14:41 AM,06:15:32 AM,51,v2867758773,https://www.twitch.tv/videos/2867758773
2026-09-07 06:15:43 AM,06:16:29 AM,46,v2867759338,https://www.twitch.tv/videos/2867759338
2026-09-07 06:16:40 AM,06:17:28 AM,48,v2867759883,https://www.twitch.tv/videos/2867759883
2026-09-07 06:17:39 AM,06:18:27 AM,48,v2867760416,https://www.twitch.tv/videos/2867760416
2026-09-07 06:18:39 AM,06:19:24 AM,45,v2867760972,https://www.twitch.tv/videos/2867760972
2026-09-07 06:19:35 AM,06:20:24 AM,49,v2867761446,https://www.twitch.tv/videos/2867761446
2026-09-07 06:20:36 AM,06:21:28 AM,52,v2867761967,https://www.twitch.tv/videos/2867761967
2026-09-07 06:21:39 AM,06:22:34 AM,55,v2867762507,https://www.twitch.tv/videos/2867762507
2026-09-07 06:22:45 AM,06:23:42 AM,57,v2867763118,https://www.twitch.tv/videos/2867763118
2026-09-07 06:23:53 AM,06:24:47 AM,54,v2867763735,https://www.twitch.tv/videos/2867763735
2026-09-07 06:24:59 AM,06:25:52 AM,53,v2867764357,https://www.twitch.tv/videos/2867764357
2026-09-07 06:26:03 AM,06:26:52 AM,49,v2867764932,https://www.twitch.tv/videos/2867764932
2026-09-07 06:27:03 AM,06:27:48 AM,45,v2867765483,https://www.twitch.tv/videos/2867765483
2026-09-07 06:27:59 AM,06:28:36 AM,37,v2867765998,https://www.twitch.tv/videos/2867765998
2026-09-07 06:28:46 AM,06:29:19 AM,33,v2867766414,https://www.twitch.tv/videos/2867766414
2026-09-07 06:29:30 AM,06:30:05 AM,35,v2867766840,https://www.twitch.tv/videos/2867766840
2026-09-07 06:30:16 AM,06:30:51 AM,35,v2867767319,https://www.twitch.tv/videos/2867767319
2026-09-07 06:31:01 AM,06:31:39 AM,38,v2867767771,https://www.twitch.tv/videos/2867767771
2026-09-07 06:31:50 AM,06:32:29 AM,39,v2867768286,https://www.twitch.tv/videos/2867768286
2026-09-07 06:32:40 AM,06:33:23 AM,43,v2867768800,https://www.twitch.tv/videos/2867768800
2026-09-07 06:33:33 AM,06:34:14 AM,41,v2867769319,https://www.twitch.tv/videos/2867769319
2026-09-07 06:34:26 AM,06:35:08 AM,42,v2867769817,https://www.twitch.tv/videos/2867769817
2026-09-07 06:35:18 AM,06:35:56 AM,38,v2867770308,https://www.twitch.tv/videos/2867770308
2026-09-07 06:36:07 AM,06:36:47 AM,40,v2867770753,https://www.twitch.tv/videos/2867770753
2026-09-07 06:36:57 AM,06:37:34 AM,37,v2867771215,https://www.twitch.tv/videos/2867771215
2026-09-07 06:37:45 AM,06:38:20 AM,35,v2867771654,https://www.twitch.tv/videos/2867771654
2026-09-07 06:38:31 AM,06:39:06 AM,35,v2867772076,https://www.twitch.tv/videos/2867772076
2026-09-07 06:39:17 AM,06:39:52 AM,35,v2867772517,https://www.twitch.tv/videos/2867772517
2026-09-07 06:40:03 AM,06:40:34 AM,31,v2867772932,https://www.twitch.tv/videos/2867772932
2026-09-07 06:40:45 AM,06:41:16 AM,31,v2867773303,https://www.twitch.tv/videos/2867773303
2026-09-07 06:41:26 AM,06:41:57 AM,31,v2867773696,https://www.twitch.tv/videos/2867773696
2026-09-07 06:42:08 AM,06:42:41 AM,33,v2867774081,https://www.twitch.tv/videos/2867774081
2026-09-07 06:42:51 AM,06:43:23 AM,32,v2867774476,https://www.twitch.tv/videos/2867774476
2026-09-07 06:43:34 AM,06:44:06 AM,32,v2867774852,https://www.twitch.tv/videos/2867774852
2026-09-07 06:44:16 AM,06:44:55 AM,39,v2867775242,https://www.twitch.tv/videos/2867775242
2026-09-07 06:45:06 AM,06:45:40 AM,34,v2867775757,https://www.twitch.tv/videos/2867775757
2026-09-07 06:45:51 AM,06:46:27 AM,36,v2867776211,https://www.twitch.tv/videos/2867776211
2026-09-07 06:46:38 AM,06:47:14 AM,36,v2867776667,https://www.twitch.tv/videos/2867776667
2026-09-07 06:47:25 AM,06:48:01 AM,36,v2867777080,https://www.twitch.tv/videos/2867777080
2026-09-07 06:48:11 AM,06:48:44 AM,33,v2867777514,https://www.twitch.tv/videos/2867777514
2026-09-07 06:48:55 AM,06:49:24 AM,29,v2867777956,https://www.twitch.tv/videos/2867777956
2026-09-07 06:49:34 AM,06:50:03 AM,29,v2867778308,https://www.twitch.tv/videos/2867778308
2026-09-07 06:50:14 AM,06:50:37 AM,23,v2867778711,https://www.twitch.tv/videos/2867778711
2026-09-07 06:50:48 AM,06:51:12 AM,24,v2867779029,https://www.twitch.tv/videos/2867779029
2026-09-07 06:51:22 AM,06:51:47 AM,25,v2867779378,https://www.twitch.tv/videos/2867779378
2026-09-07 06:51:57 AM,06:52:21 AM,24,v2867779740,https://www.twitch.tv/videos/2867779740
2026-09-07 06:52:32 AM,06:52:56 AM,24,v2867780070,https://www.twitch.tv/videos/2867780070
2026-09-07 06:53:06 AM,06:53:26 AM,20,v2867780439,https://www.twitch.tv/videos/2867780439
2026-09-07 06:53:36 AM,06:53:57 AM,21,v2867780749,https://www.twitch.tv/videos/2867780749
2026-09-07 06:54:07 AM,06:54:29 AM,22,v2867781049,https://www.twitch.tv/videos/2867781049
2026-09-07 06:54:40 AM,06:55:02 AM,22,v2867781398,https://www.twitch.tv/videos/2867781398
2026-09-07 06:55:12 AM,06:55:34 AM,22,v2867781699,https://www.twitch.tv/videos/2867781699
2026-09-07 06:55:44 AM,06:56:05 AM,21,v2867782022,https://www.twitch.tv/videos/2867782022
2026-09-07 06:56:15 AM,06:56:36 AM,21,v2867782381,https://www.twitch.tv/videos/2867782381
2026-09-07 06:56:46 AM,06:57:07 AM,21,v2867782704,https://www.twitch.tv/videos/2867782704
2026-09-07 06:57:17 AM,06:57:38 AM,21,v2867783018,https://www.twitch.tv/videos/2867783018
2026-09-07 06:57:48 AM,06:58:09 AM,21,v2867783356,https://www.twitch.tv/videos/2867783356
2026-09-07 06:58:20 AM,06:58:41 AM,21,v2867783693,https://www.twitch.tv/videos/2867783693
2026-09-07 06:58:51 AM,06:59:13 AM,22,v2867784052,https://www.twitch.tv/videos/2867784052
2026-09-07 06:59:23 AM,06:59:45 AM,22,v2867784465,https://www.twitch.tv/videos/2867784465
2026-09-07 06:59:55 AM,07:00:21 AM,26,v2867784875,https://www.twitch.tv/videos/2867784875
2026-09-07 07:00:31 AM,07:00:57 AM,26,v2867785588,https://www.twitch.tv/videos/2867785588
2026-09-07 07:01:08 AM,07:01:33 AM,25,v2867786111,https://www.twitch.tv/videos/2867786111
2026-09-07 07:01:43 AM,07:02:10 AM,27,v2867786594,https://www.twitch.tv/videos/2867786594
2026-09-07 07:02:21 AM,07:02:48 AM,27,v2867787042,https://www.twitch.tv/videos/2867787042
2026-09-07 07:02:58 AM,07:03:28 AM,30,v2867787479,https://www.twitch.tv/videos/2867787479
2026-09-07 07:03:39 AM,07:04:09 AM,30,v2867787913,https://www.twitch.tv/videos/2867787913
2026-09-07 07:04:20 AM,07:04:49 AM,29,v2867788373,https://www.twitch.tv/videos/2867788373
2026-09-07 07:04:59 AM,07:05:28 AM,29,v2867788798,https://www.twitch.tv/videos/2867788798
2026-09-07 07:05:39 AM,07:06:07 AM,28,v2867789252,https://www.twitch.tv/videos/2867789252
2026-09-07 07:06:17 AM,07:06:42 AM,25,v2867789720,https://www.twitch.tv/videos/2867789720
2026-09-07 07:06:53 AM,07:07:16 AM,23,v2867790126,https://www.twitch.tv/videos/2867790126
2026-09-07 07:07:27 AM,07:07:50 AM,23,v2867790483,https://www.twitch.tv/videos/2867790483
2026-09-07 07:08:00 AM,07:08:25 AM,25,v2867790848,https://www.twitch.tv/videos/2867790848
2026-09-07 07:08:36 AM,07:08:59 AM,23,v2867791208,https://www.twitch.tv/videos/2867791208
2026-09-07 07:09:09 AM,07:09:32 AM,23,v2867791596,https://www.twitch.tv/videos/2867791596
2026-09-07 07:09:43 AM,07:10:08 AM,25,v2867791958,https://www.twitch.tv/videos/2867791958
2026-09-07 07:10:19 AM,07:10:41 AM,22,v2867792317,https://www.twitch.tv/videos/2867792317
2026-09-07 07:10:52 AM,07:11:14 AM,22,v2867792659,https://www.twitch.tv/videos/2867792659
2026-09-07 07:11:25 AM,07:11:48 AM,23,v2867792994,https://www.twitch.tv/videos/2867792994
2026-09-07 07:11:58 AM,07:12:21 AM,23,v2867793340,https://www.twitch.tv/videos/2867793340
2026-09-07 07:12:31 AM,07:12:55 AM,24,v2867793677,https://www.twitch.tv/videos/2867793677
2026-09-07 07:13:05 AM,07:13:29 AM,24,v2867794067,https://www.twitch.tv/videos/2867794067
2026-09-07 07:13:40 AM,07:14:04 AM,24,v2867794430,https://www.twitch.tv/videos/2867794430
2026-09-07 07:14:15 AM,07:14:41 AM,26,v2867794805,https://www.twitch.tv/videos/2867794805
2026-09-07 07:14:52 AM,07:15:18 AM,26,v2867795152,https://www.twitch.tv/videos/2867795152
2026-09-07 07:15:29 AM,07:15:55 AM,26,v2867795540,https://www.twitch.tv/videos/2867795540
2026-09-07 07:16:06 AM,07:16:32 AM,26,v2867795909,https://www.twitch.tv/videos/2867795909
2026-09-07 07:16:42 AM,07:17:08 AM,26,v2867796298,https://www.twitch.tv/videos/2867796298
2026-09-07 07:17:18 AM,07:17:44 AM,26,v2867796644,https://www.twitch.tv/videos/2867796644
2026-09-07 07:17:53 AM,07:18:19 AM,26,v2867796989,https://www.twitch.tv/videos/2867796989
2026-09-07 07:18:29 AM,07:18:55 AM,26,v2867797364,https://www.twitch.tv/videos/2867797364
2026-09-07 07:19:06 AM,07:19:32 AM,26,v2867797747,https://www.twitch.tv/videos/2867797747
2026-09-07 07:19:42 AM,07:20:09 AM,27,v2867798135,https://www.twitch.tv/videos/2867798135
2026-09-07 07:20:19 AM,07:20:46 AM,27,v2867798545,https://www.twitch.tv/videos/2867798545
2026-09-07 07:20:56 AM,07:21:23 AM,27,v2867798943,https://www.twitch.tv/videos/2867798943
2026-09-07 07:21:33 AM,07:22:03 AM,30,v2867799335,https://www.twitch.tv/videos/2867799335
2026-09-07 07:22:13 AM,07:22:43 AM,30,v2867799716,https://www.twitch.tv/videos/2867799716
2026-09-07 07:22:53 AM,07:23:23 AM,30,v2867800088,https://www.twitch.tv/videos/2867800088
2026-09-07 07:23:34 AM,07:24:09 AM,35,v2867800518,https://www.twitch.tv/videos/2867800518
2026-09-07 07:24:19 AM,07:24:54 AM,35,v2867800939,https://www.twitch.tv/videos/2867800939
2026-09-07 07:25:04 AM,07:25:39 AM,35,v2867801396,https://www.twitch.tv/videos/2867801396
2026-09-07 07:25:51 AM,07:26:27 AM,36,v2867801847,https://www.twitch.tv/videos/2867801847
2026-09-07 07:26:37 AM,07:27:13 AM,36,v2867802337,https://www.twitch.tv/videos/2867802337
2026-09-07 07:27:23 AM,07:27:59 AM,36,v2867802821,https://www.twitch.tv/videos/2867802821
2026-09-07 07:28:10 AM,07:28:45 AM,35,v2867803322,https://www.twitch.tv/videos/2867803322
2026-09-07 07:28:56 AM,07:29:31 AM,35,v2867803777,https://www.twitch.tv/videos/2867803777
2026-09-07 07:29:42 AM,07:30:17 AM,35,v2867804262,https://www.twitch.tv/videos/2867804262
2026-09-07 07:30:28 AM,07:31:01 AM,33,v2867804792,https://www.twitch.tv/videos/2867804792
2026-09-07 07:31:12 AM,07:31:46 AM,34,v2867805214,https://www.twitch.tv/videos/2867805214
2026-09-07 07:31:56 AM,07:32:28 AM,32,v2867805626,https://www.twitch.tv/videos/2867805626
2026-09-07 07:32:38 AM,07:33:05 AM,27,v2867806073,https://www.twitch.tv/videos/2867806073
2026-09-07 07:33:15 AM,07:33:42 AM,27,v2867806473,https://www.twitch.tv/videos/2867806473
2026-09-07 07:33:53 AM,07:34:19 AM,26,v2867806873,https://www.twitch.tv/videos/2867806873
2026-09-07 07:34:29 AM,07:34:54 AM,25,v2867807296,https://www.twitch.tv/videos/2867807296
2026-09-07 07:35:05 AM,07:35:30 AM,25,v2867807679,https://www.twitch.tv/videos/2867807679
2026-09-07 07:35:40 AM,07:36:04 AM,24,v2867808040,https://www.twitch.tv/videos/2867808040
2026-09-07 07:36:14 AM,07:36:39 AM,25,v2867808383,https://www.twitch.tv/videos/2867808383
2026-09-07 07:36:50 AM,07:37:15 AM,25,v2867808722,https://www.twitch.tv/videos/2867808722
2026-09-07 07:37:25 AM,07:37:50 AM,25,v2867809092,https://www.twitch.tv/videos/2867809092
2026-09-07 07:38:00 AM,07:38:24 AM,24,v2867809441,https://www.twitch.tv/videos/2867809441
2026-09-07 07:38:35 AM,07:38:59 AM,24,v2867809771,https://www.twitch.tv/videos/2867809771
2026-09-07 07:39:10 AM,07:39:35 AM,25,v2867810106,https://www.twitch.tv/videos/2867810106
2026-09-07 07:39:45 AM,07:40:08 AM,23,v2867810446,https://www.twitch.tv/videos/2867810446
2026-09-07 07:40:19 AM,07:40:42 AM,23,v2867810785,https://www.twitch.tv/videos/2867810785
2026-09-07 07:40:52 AM,07:41:14 AM,22,v2867811136,https://www.twitch.tv/videos/2867811136
2026-09-07 07:41:25 AM,07:41:46 AM,21,v2867811470,https://www.twitch.tv/videos/2867811470
2026-09-07 07:41:56 AM,07:42:16 AM,20,v2867811788,https://www.twitch.tv/videos/2867811788
2026-09-07 07:42:26 AM,07:42:46 AM,20,v2867812091,https://www.twitch.tv/videos/2867812091
2026-09-07 07:42:56 AM,07:43:16 AM,20,v2867812429,https://www.twitch.tv/videos/2867812429
2026-09-07 07:43:27 AM,07:43:47 AM,20,v2867812711,https://www.twitch.tv/videos/2867812711
2026-09-07 07:43:57 AM,07:44:17 AM,20,v2867813003,https://www.twitch.tv/videos/2867813003
2026-09-07 07:44:27 AM,07:44:44 AM,17,v2867813323,https://www.twitch.tv/videos/2867813323
2026-09-07 07:44:55 AM,07:45:12 AM,17,v2867813622,https://www.twitch.tv/videos/2867813622
2026-09-07 07:45:22 AM,07:45:39 AM,17,v2867813911,https://www.twitch.tv/videos/2867813911
2026-09-07 07:45:49 AM,07:46:06 AM,17,v2867814193,https://www.twitch.tv/videos/2867814193
2026-09-07 07:46:16 AM,07:46:33 AM,17,v2867814505,https://www.twitch.tv/videos/2867814505
2026-09-07 07:46:43 AM,07:47:02 AM,19,v2867814801,https://www.twitch.tv/videos/2867814801
2026-09-07 07:47:12 AM,07:47:30 AM,18,v2867815095,https://www.twitch.tv/videos/2867815095
2026-09-07 07:47:40 AM,07:47:58 AM,18,v2867815382,https://www.twitch.tv/videos/2867815382
2026-09-07 07:48:08 AM,07:48:26 AM,18,v2867815668,https://www.twitch.tv/videos/2867815668
2026-09-07 07:48:37 AM,07:48:57 AM,20,v2867815916,https://www.twitch.tv/videos/2867815916
2026-09-07 07:49:07 AM,07:49:28 AM,21,v2867816254,https://www.twitch.tv/videos/2867816254
2026-09-07 07:49:38 AM,07:49:57 AM,19,v2867816572,https://www.twitch.tv/videos/2867816572
2026-09-07 07:50:07 AM,07:50:26 AM,19,v2867816847,https://www.twitch.tv/videos/2867816847
2026-09-07 07:50:36 AM,07:50:55 AM,19,v2867817144,https://www.twitch.tv/videos/2867817144
2026-09-07 07:51:05 AM,07:51:24 AM,19,v2867817469,https://www.twitch.tv/videos/2867817469
2026-09-07 07:51:34 AM,07:51:53 AM,19,v2867817785,https://www.twitch.tv/videos/2867817785
2026-09-07 07:52:03 AM,07:52:24 AM,21,v2867818100,https://www.twitch.tv/videos/2867818100
2026-09-07 07:52:34 AM,07:52:55 AM,21,v2867818429,https://www.twitch.tv/videos/2867818429
2026-09-07 07:53:06 AM,07:53:27 AM,21,v2867818752,https://www.twitch.tv/videos/2867818752
2026-09-07 07:53:37 AM,07:53:58 AM,21,v2867819074,https://www.twitch.tv/videos/2867819074
2026-09-07 07:54:09 AM,07:54:30 AM,21,v2867819414,https://www.twitch.tv/videos/2867819414
2026-09-07 07:54:40 AM,07:55:01 AM,21,v2867819804,https://www.twitch.tv/videos/2867819804
2026-09-07 07:55:11 AM,07:55:32 AM,21,v2867820211,https://www.twitch.tv/videos/2867820211
2026-09-07 07:55:43 AM,07:56:05 AM,22,v2867820604,https://www.twitch.tv/videos/2867820604
2026-09-07 07:56:15 AM,07:56:36 AM,21,v2867821045,https://www.twitch.tv/videos/2867821045
2026-09-07 07:56:47 AM,07:57:08 AM,21,v2867821441,https://www.twitch.tv/videos/2867821441
2026-09-07 07:57:18 AM,07:57:39 AM,21,v2867821813,https://www.twitch.tv/videos/2867821813
2026-09-07 07:57:50 AM,07:58:13 AM,23,v2867822184,https://www.twitch.tv/videos/2867822184
2026-09-07 07:58:24 AM,07:58:47 AM,23,v2867822590,https://www.twitch.tv/videos/2867822590
2026-09-07 07:58:57 AM,07:59:22 AM,25,v2867823042,https://www.twitch.tv/videos/2867823042
2026-09-07 07:59:32 AM,07:59:57 AM,25,v2867823498,https://www.twitch.tv/videos/2867823498
2026-09-07 08:00:07 AM,08:00:32 AM,25,v2867824111,https://www.twitch.tv/videos/2867824111
2026-09-07 08:00:43 AM,08:01:07 AM,24,v2867824758,https://www.twitch.tv/videos/2867824758
2026-09-07 08:01:17 AM,08:01:41 AM,24,v2867825330,https://www.twitch.tv/videos/2867825330
2026-09-07 08:01:51 AM,08:02:15 AM,24,v2867825811,https://www.twitch.tv/videos/2867825811
2026-09-07 08:02:25 AM,08:02:49 AM,24,v2867826291,https://www.twitch.tv/videos/2867826291
2026-09-07 08:02:59 AM,08:03:23 AM,24,v2867826776,https://www.twitch.tv/videos/2867826776
2026-09-07 08:03:33 AM,08:03:56 AM,23,v2867827189,https://www.twitch.tv/videos/2867827189
2026-09-07 08:04:06 AM,08:04:29 AM,23,v2867827592,https://www.twitch.tv/videos/2867827592
2026-09-07 08:04:40 AM,08:05:05 AM,25,v2867828054,https://www.twitch.tv/videos/2867828054
2026-09-07 08:05:15 AM,08:05:40 AM,25,v2867828477,https://www.twitch.tv/videos/2867828477
2026-09-07 08:05:50 AM,08:06:14 AM,24,v2867828940,https://www.twitch.tv/videos/2867828940
2026-09-07 08:06:25 AM,08:06:48 AM,23,v2867829391,https://www.twitch.tv/videos/2867829391
2026-09-07 08:06:58 AM,08:07:21 AM,23,v2867829790,https://www.twitch.tv/videos/2867829790
2026-09-07 08:07:31 AM,08:07:54 AM,23,v2867830191,https://www.twitch.tv/videos/2867830191
2026-09-07 08:08:04 AM,08:08:27 AM,23,v2867830618,https://www.twitch.tv/videos/2867830618
2026-09-07 08:08:37 AM,08:09:00 AM,23,v2867830967,https://www.twitch.tv/videos/2867830967
2026-09-07 08:09:11 AM,08:09:36 AM,25,v2867831376,https://www.twitch.tv/videos/2867831376
2026-09-07 08:09:46 AM,08:10:09 AM,23,v2867831800,https://www.twitch.tv/videos/2867831800
2026-09-07 08:10:19 AM,08:10:41 AM,22,v2867832241,https://www.twitch.tv/videos/2867832241
2026-09-07 08:10:51 AM,08:11:12 AM,21,v2867832632,https://www.twitch.tv/videos/2867832632
2026-09-07 08:11:22 AM,08:11:43 AM,21,v2867832987,https://www.twitch.tv/videos/2867832987
2026-09-07 08:11:53 AM,08:12:11 AM,18,v2867833343,https://www.twitch.tv/videos/2867833343
2026-09-07 08:12:21 AM,08:12:39 AM,18,v2867833688,https://www.twitch.tv/videos/2867833688
2026-09-07 08:12:50 AM,08:13:08 AM,18,v2867833993,https://www.twitch.tv/videos/2867833993
2026-09-07 08:13:18 AM,08:13:36 AM,18,v2867834290,https://www.twitch.tv/videos/2867834290
2026-09-07 08:13:46 AM,08:14:04 AM,18,v2867834593,https://www.twitch.tv/videos/2867834593
2026-09-07 08:14:14 AM,08:14:33 AM,19,v2867834898,https://www.twitch.tv/videos/2867834898
2026-09-07 08:14:44 AM,08:15:03 AM,19,v2867835180,https://www.twitch.tv/videos/2867835180
2026-09-07 08:15:13 AM,08:15:32 AM,19,v2867835532,https://www.twitch.tv/videos/2867835532
2026-09-07 08:15:42 AM,08:16:01 AM,19,v2867835876,https://www.twitch.tv/videos/2867835876
2026-09-07 08:16:12 AM,08:16:31 AM,19,v2867836247,https://www.twitch.tv/videos/2867836247
2026-09-07 08:16:41 AM,08:16:59 AM,18,v2867836602,https://www.twitch.tv/videos/2867836602
2026-09-07 08:17:10 AM,08:17:28 AM,18,v2867836962,https://www.twitch.tv/videos/2867836962
2026-09-07 08:17:38 AM,08:17:56 AM,18,v2867837279,https://www.twitch.tv/videos/2867837279
2026-09-07 08:18:06 AM,08:18:26 AM,20,v2867837632,https://www.twitch.tv/videos/2867837632
2026-09-07 08:18:36 AM,08:18:57 AM,21,v2867837961,https://www.twitch.tv/videos/2867837961
2026-09-07 08:19:07 AM,08:19:28 AM,21,v2867838326,https://www.twitch.tv/videos/2867838326
2026-09-07 08:19:38 AM,08:19:59 AM,21,v2867838665,https://www.twitch.tv/videos/2867838665
2026-09-07 08:20:09 AM,08:20:30 AM,21,v2867839022,https://www.twitch.tv/videos/2867839022
2026-09-07 08:20:40 AM,08:21:00 AM,20,v2867839383,https://www.twitch.tv/videos/2867839383
2026-09-07 08:21:11 AM,08:21:30 AM,19,v2867839718,https://www.twitch.tv/videos/2867839718
2026-09-07 08:21:40 AM,08:21:59 AM,19,v2867840074,https://www.twitch.tv/videos/2867840074
2026-09-07 08:22:09 AM,08:22:29 AM,20,v2867840425,https://www.twitch.tv/videos/2867840425
2026-09-07 08:22:40 AM,08:23:00 AM,20,v2867840767,https://www.twitch.tv/videos/2867840767
2026-09-07 08:23:10 AM,08:23:30 AM,20,v2867841138,https://www.twitch.tv/videos/2867841138
2026-09-07 08:23:40 AM,08:24:00 AM,20,v2867841495,https://www.twitch.tv/videos/2867841495
2026-09-07 08:24:10 AM,08:24:29 AM,19,v2867841844,https://www.twitch.tv/videos/2867841844
2026-09-07 08:24:39 AM,08:24:58 AM,19,v2867842176,https://www.twitch.tv/videos/2867842176
2026-09-07 08:25:08 AM,08:25:27 AM,19,v2867842543,https://www.twitch.tv/videos/2867842543
2026-09-07 08:25:37 AM,08:25:53 AM,16,v2867842849,https://www.twitch.tv/videos/2867842849
2026-09-07 08:26:04 AM,08:26:20 AM,16,v2867843138,https://www.twitch.tv/videos/2867843138
2026-09-07 08:26:30 AM,08:26:46 AM,16,v2867843503,https://www.twitch.tv/videos/2867843503
2026-09-07 08:26:57 AM,08:27:13 AM,16,v2867843805,https://www.twitch.tv/videos/2867843805
2026-09-07 08:27:23 AM,08:27:44 AM,21,v2867844086,https://www.twitch.tv/videos/2867844086
2026-09-07 08:27:55 AM,08:28:14 AM,19,v2867844454,https://www.twitch.tv/videos/2867844454
2026-09-07 08:28:24 AM,08:28:43 AM,19,v2867844748,https://www.twitch.tv/videos/2867844748
2026-09-07 08:28:53 AM,08:29:12 AM,19,v2867845077,https://www.twitch.tv/videos/2867845077
2026-09-07 08:29:23 AM,08:29:45 AM,22,v2867845460,https://www.twitch.tv/videos/2867845460
2026-09-07 08:29:55 AM,08:30:18 AM,23,v2867845895,https://www.twitch.tv/videos/2867845895
2026-09-07 08:30:29 AM,08:30:51 AM,22,v2867846353,https://www.twitch.tv/videos/2867846353
2026-09-07 08:31:01 AM,08:31:23 AM,22,v2867846784,https://www.twitch.tv/videos/2867846784
2026-09-07 08:31:33 AM,08:31:54 AM,21,v2867847173,https://www.twitch.tv/videos/2867847173
2026-09-07 08:32:04 AM,08:32:25 AM,21,v2867847536,https://www.twitch.tv/videos/2867847536
2026-09-07 08:32:36 AM,08:32:58 AM,22,v2867847904,https://www.twitch.tv/videos/2867847904
2026-09-07 08:33:08 AM,08:33:30 AM,22,v2867848297,https://www.twitch.tv/videos/2867848297
2026-09-07 08:33:40 AM,08:34:02 AM,22,v2867848720,https://www.twitch.tv/videos/2867848720
2026-09-07 08:34:13 AM,08:34:36 AM,23,v2867849093,https://www.twitch.tv/videos/2867849093
2026-09-07 08:34:45 AM,08:35:08 AM,23,v2867849457,https://www.twitch.tv/videos/2867849457
2026-09-07 08:35:18 AM,08:35:41 AM,23,v2867849830,https://www.twitch.tv/videos/2867849830
2026-09-07 08:35:51 AM,08:36:14 AM,23,v2867850207,https://www.twitch.tv/videos/2867850207
2026-09-07 08:36:24 AM,08:36:44 AM,20,v2867850559,https://www.twitch.tv/videos/2867850559
2026-09-07 08:36:54 AM,08:37:16 AM,22,v2867850948,https://www.twitch.tv/videos/2867850948
2026-09-07 08:37:26 AM,08:37:48 AM,22,v2867851345,https://www.twitch.tv/videos/2867851345
2026-09-07 08:37:58 AM,08:38:20 AM,22,v2867851737,https://www.twitch.tv/videos/2867851737
2026-09-07 08:38:30 AM,08:38:52 AM,22,v2867852081,https://www.twitch.tv/videos/2867852081
2026-09-07 08:39:02 AM,08:39:24 AM,22,v2867852459,https://www.twitch.tv/videos/2867852459
2026-09-07 08:39:34 AM,08:39:56 AM,22,v2867852850,https://www.twitch.tv/videos/2867852850
2026-09-07 08:40:07 AM,08:40:29 AM,22,v2867853234,https://www.twitch.tv/videos/2867853234
2026-09-07 08:40:40 AM,08:41:04 AM,24,v2867853650,https://www.twitch.tv/videos/2867853650
2026-09-07 08:41:14 AM,08:41:38 AM,24,v2867854021,https://www.twitch.tv/videos/2867854021
2026-09-07 08:41:49 AM,08:42:15 AM,26,v2867854455,https://www.twitch.tv/videos/2867854455
2026-09-07 08:42:25 AM,08:42:51 AM,26,v2867854887,https://www.twitch.tv/videos/2867854887
2026-09-07 08:43:02 AM,08:43:28 AM,26,v2867855330,https://www.twitch.tv/videos/2867855330
2026-09-07 08:43:38 AM,08:44:05 AM,27,v2867855774,https://www.twitch.tv/videos/2867855774
2026-09-07 08:44:15 AM,08:44:42 AM,27,v2867856199,https://www.twitch.tv/videos/2867856199
2026-09-07 08:44:53 AM,08:45:21 AM,28,v2867856689,https://www.twitch.tv/videos/2867856689
2026-09-07 08:45:31 AM,08:45:59 AM,28,v2867857133,https://www.twitch.tv/videos/2867857133
2026-09-07 08:46:10 AM,08:46:39 AM,29,v2867857595,https://www.twitch.tv/videos/2867857595
2026-09-07 08:46:49 AM,08:47:18 AM,29,v2867858030,https://www.twitch.tv/videos/2867858030
2026-09-07 08:47:28 AM,08:47:57 AM,29,v2867858519,https://www.twitch.tv/videos/2867858519
2026-09-07 08:48:08 AM,08:48:36 AM,28,v2867859023,https://www.twitch.tv/videos/2867859023
2026-09-07 08:48:47 AM,08:49:13 AM,26,v2867859473,https://www.twitch.tv/videos/2867859473
2026-09-07 08:49:23 AM,08:49:49 AM,26,v2867859941,https://www.twitch.tv/videos/2867859941
2026-09-07 08:50:00 AM,08:50:26 AM,26,v2867860363,https://www.twitch.tv/videos/2867860363
2026-09-07 08:50:36 AM,08:51:05 AM,29,v2867860847,https://www.twitch.tv/videos/2867860847
2026-09-07 08:51:16 AM,08:51:46 AM,30,v2867861403,https://www.twitch.tv/videos/2867861403
2026-09-07 08:51:56 AM,08:52:22 AM,26,v2867861948,https://www.twitch.tv/videos/2867861948
2026-09-07 08:52:32 AM,08:52:58 AM,26,v2867862445,https://www.twitch.tv/videos/2867862445
2026-09-07 08:53:09 AM,08:53:32 AM,23,v2867862918,https://www.twitch.tv/videos/2867862918
2026-09-07 08:53:43 AM,08:54:06 AM,23,v2867863355,https://www.twitch.tv/videos/2867863355
2026-09-07 08:54:16 AM,08:54:38 AM,22,v2867863787,https://www.twitch.tv/videos/2867863787
2026-09-07 08:54:49 AM,08:55:15 AM,26,v2867864236,https://www.twitch.tv/videos/2867864236
2026-09-07 08:55:26 AM,08:55:52 AM,26,v2867864686,https://www.twitch.tv/videos/2867864686
2026-09-07 08:56:02 AM,08:56:27 AM,25,v2867865172,https://www.twitch.tv/videos/2867865172
2026-09-07 08:56:37 AM,08:57:02 AM,25,v2867865705,https://www.twitch.tv/videos/2867865705
2026-09-07 08:57:13 AM,08:57:38 AM,25,v2867866216,https://www.twitch.tv/videos/2867866216
2026-09-07 08:57:48 AM,08:58:12 AM,24,v2867866733,https://www.twitch.tv/videos/2867866733
2026-09-07 08:58:22 AM,08:58:46 AM,24,v2867867229,https://www.twitch.tv/videos/2867867229
2026-09-07 08:58:56 AM,08:59:20 AM,24,v2867867785,https://www.twitch.tv/videos/2867867785
2026-09-07 08:59:30 AM,08:59:54 AM,24,v2867868342,https://www.twitch.tv/videos/2867868342
2026-09-07 09:00:04 AM,09:00:32 AM,28,v2867869027,https://www.twitch.tv/videos/2867869027
2026-09-07 09:00:43 AM,09:01:10 AM,27,v2867869887,https://www.twitch.tv/videos/2867869887
2026-09-07 09:01:20 AM,09:01:50 AM,30,v2867870604,https://www.twitch.tv/videos/2867870604
2026-09-07 09:02:01 AM,09:02:28 AM,27,v2867871299,https://www.twitch.tv/videos/2867871299
2026-09-07 09:02:39 AM,09:03:05 AM,26,v2867871888,https://www.twitch.tv/videos/2867871888
2026-09-07 09:03:15 AM,09:03:41 AM,26,v2867872460,https://www.twitch.tv/videos/2867872460
2026-09-07 09:03:52 AM,09:04:21 AM,29,v2867872985,https://www.twitch.tv/videos/2867872985
2026-09-07 09:04:31 AM,09:04:58 AM,27,v2867873580,https://www.twitch.tv/videos/2867873580
2026-09-07 09:05:08 AM,09:05:33 AM,25,v2867874123,https://www.twitch.tv/videos/2867874123
2026-09-07 09:05:43 AM,09:06:08 AM,25,v2867874647,https://www.twitch.tv/videos/2867874647
2026-09-07 09:06:18 AM,09:06:44 AM,26,v2867875107,https://www.twitch.tv/videos/2867875107
2026-09-07 09:06:54 AM,09:07:17 AM,23,v2867875574,https://www.twitch.tv/videos/2867875574
2026-09-07 09:07:28 AM,09:07:51 AM,23,v2867876019,https://www.twitch.tv/videos/2867876019
2026-09-07 09:08:01 AM,09:08:24 AM,23,v2867876445,https://www.twitch.tv/videos/2867876445
2026-09-07 09:08:34 AM,09:09:00 AM,26,v2867876907,https://www.twitch.tv/videos/2867876907
2026-09-07 09:09:10 AM,09:09:33 AM,23,v2867877377,https://www.twitch.tv/videos/2867877377
2026-09-07 09:09:43 AM,09:10:06 AM,23,v2867877825,https://www.twitch.tv/videos/2867877825
2026-09-07 09:10:17 AM,09:10:39 AM,22,v2867878276,https://www.twitch.tv/videos/2867878276
2026-09-07 09:10:49 AM,09:11:11 AM,22,v2867878715,https://www.twitch.tv/videos/2867878715
2026-09-07 09:11:22 AM,09:11:45 AM,23,v2867879141,https://www.twitch.tv/videos/2867879141
2026-09-07 09:11:55 AM,09:12:15 AM,20,v2867879608,https://www.twitch.tv/videos/2867879608
2026-09-07 09:12:25 AM,09:12:45 AM,20,v2867880025,https://www.twitch.tv/videos/2867880025
2026-09-07 09:12:55 AM,09:13:16 AM,21,v2867880455,https://www.twitch.tv/videos/2867880455
2026-09-07 09:13:26 AM,09:13:47 AM,21,v2867880869,https://www.twitch.tv/videos/2867880869
2026-09-07 09:13:57 AM,09:14:18 AM,21,v2867881230,https://www.twitch.tv/videos/2867881230
2026-09-07 09:14:28 AM,09:14:49 AM,21,v2867881633,https://www.twitch.tv/videos/2867881633
2026-09-07 09:15:00 AM,09:15:20 AM,20,v2867882039,https://www.twitch.tv/videos/2867882039
2026-09-07 09:15:30 AM,09:15:50 AM,20,v2867882464,https://www.twitch.tv/videos/2867882464
2026-09-07 09:16:00 AM,09:16:21 AM,21,v2867882886,https://www.twitch.tv/videos/2867882886
2026-09-07 09:16:32 AM,09:16:53 AM,21,v2867883278,https://www.twitch.tv/videos/2867883278
2026-09-07 09:17:03 AM,09:17:24 AM,21,v2867883699,https://www.twitch.tv/videos/2867883699
2026-09-07 09:17:34 AM,09:17:56 AM,22,v2867884115,https://www.twitch.tv/videos/2867884115
2026-09-07 09:18:07 AM,09:18:28 AM,21,v2867884544,https://www.twitch.tv/videos/2867884544
2026-09-07 09:18:38 AM,09:18:59 AM,21,v2867884926,https://www.twitch.tv/videos/2867884926
2026-09-07 09:19:10 AM,09:19:31 AM,21,v2867885371,https://www.twitch.tv/videos/2867885371
2026-09-07 09:19:41 AM,09:20:03 AM,22,v2867885799,https://www.twitch.tv/videos/2867885799
2026-09-07 09:20:13 AM,09:20:33 AM,20,v2867886213,https://www.twitch.tv/videos/2867886213
2026-09-07 09:20:44 AM,09:21:03 AM,19,v2867886627,https://www.twitch.tv/videos/2867886627
2026-09-07 09:21:13 AM,09:21:32 AM,19,v2867887021,https://www.twitch.tv/videos/2867887021
2026-09-07 09:21:43 AM,09:22:04 AM,21,v2867887398,https://www.twitch.tv/videos/2867887398
2026-09-07 09:22:14 AM,09:22:34 AM,20,v2867887817,https://www.twitch.tv/videos/2867887817
2026-09-07 09:22:44 AM,09:23:03 AM,19,v2867888191,https://www.twitch.tv/videos/2867888191
2026-09-07 09:23:14 AM,09:23:33 AM,19,v2867888566,https://www.twitch.tv/videos/2867888566
2026-09-07 09:23:43 AM,09:24:02 AM,19,v2867888957,https://www.twitch.tv/videos/2867888957
2026-09-07 09:24:12 AM,09:24:32 AM,20,v2867889358,https://www.twitch.tv/videos/2867889358
2026-09-07 09:24:42 AM,09:25:01 AM,19,v2867889734,https://www.twitch.tv/videos/2867889734
2026-09-07 09:25:11 AM,09:25:30 AM,19,v2867890130,https://www.twitch.tv/videos/2867890130
2026-09-07 09:25:39 AM,09:25:58 AM,19,v2867890547,https://www.twitch.tv/videos/2867890547
2026-09-07 09:26:08 AM,09:26:27 AM,19,v2867890958,https://www.twitch.tv/videos/2867890958
2026-09-07 09:26:37 AM,09:26:55 AM,18,v2867891380,https://www.twitch.tv/videos/2867891380
2026-09-07 09:27:05 AM,09:27:21 AM,16,v2867891780,https://www.twitch.tv/videos/2867891780
2026-09-07 09:27:32 AM,09:27:48 AM,16,v2867892131,https://www.twitch.tv/videos/2867892131
2026-09-07 09:27:58 AM,09:28:14 AM,16,v2867892486,https://www.twitch.tv/videos/2867892486
2026-09-07 09:28:25 AM,09:28:42 AM,17,v2867892853,https://www.twitch.tv/videos/2867892853
2026-09-07 09:28:51 AM,09:29:08 AM,17,v2867893211,https://www.twitch.tv/videos/2867893211
2026-09-07 09:29:18 AM,09:29:34 AM,16,v2867893555,https://www.twitch.tv/videos/2867893555
2026-09-07 09:29:44 AM,09:30:00 AM,16,v2867893910,https://www.twitch.tv/videos/2867893910
2026-09-07 09:30:11 AM,09:30:30 AM,19,v2867894333,https://www.twitch.tv/videos/2867894333
2026-09-07 09:30:41 AM,09:31:01 AM,20,v2867894769,https://www.twitch.tv/videos/2867894769
2026-09-07 09:31:11 AM,09:31:30 AM,19,v2867895194,https://www.twitch.tv/videos/2867895194
2026-09-07 09:31:40 AM,09:31:59 AM,19,v2867895625,https://www.twitch.tv/videos/2867895625
2026-09-07 09:32:10 AM,09:32:29 AM,19,v2867896057,https://www.twitch.tv/videos/2867896057
2026-09-07 09:32:39 AM,09:33:04 AM,25,v2867896449,https://www.twitch.tv/videos/2867896449
2026-09-07 09:33:15 AM,09:33:40 AM,25,v2867896912,https://www.twitch.tv/videos/2867896912
2026-09-07 09:33:51 AM,09:34:22 AM,31,v2867897408,https://www.twitch.tv/videos/2867897408
2026-09-07 09:34:32 AM,09:35:03 AM,31,v2867897969,https://www.twitch.tv/videos/2867897969
2026-09-07 09:35:14 AM,09:35:47 AM,33,v2867898557,https://www.twitch.tv/videos/2867898557
2026-09-07 09:35:58 AM,09:36:30 AM,32,v2867899145,https://www.twitch.tv/videos/2867899145
2026-09-07 09:36:41 AM,09:37:15 AM,34,v2867899703,https://www.twitch.tv/videos/2867899703
2026-09-07 09:37:25 AM,09:37:59 AM,34,v2867900326,https://www.twitch.tv/videos/2867900326
2026-09-07 09:38:10 AM,09:38:44 AM,34,v2867900915,https://www.twitch.tv/videos/2867900915
2026-09-07 09:38:54 AM,09:39:31 AM,37,v2867901500,https://www.twitch.tv/videos/2867901500
2026-09-07 09:39:42 AM,09:40:20 AM,38,v2867902158,https://www.twitch.tv/videos/2867902158
2026-09-07 09:40:31 AM,09:41:09 AM,38,v2867902786,https://www.twitch.tv/videos/2867902786
2026-09-07 09:41:20 AM,09:41:48 AM,28,v2867903462,https://www.twitch.tv/videos/2867903462
2026-09-07 09:41:59 AM,09:42:27 AM,28,v2867903975,https://www.twitch.tv/videos/2867903975
2026-09-07 09:42:38 AM,09:43:06 AM,28,v2867904463,https://www.twitch.tv/videos/2867904463
2026-09-07 09:43:17 AM,09:43:49 AM,32,v2867904972,https://www.twitch.tv/videos/2867904972
2026-09-07 09:43:59 AM,09:44:35 AM,36,v2867905553,https://www.twitch.tv/videos/2867905553
2026-09-07 09:44:46 AM,09:45:22 AM,36,v2867906153,https://www.twitch.tv/videos/2867906153
2026-09-07 09:45:33 AM,09:46:09 AM,36,v2867906787,https://www.twitch.tv/videos/2867906787
2026-09-07 09:46:19 AM,09:46:48 AM,29,v2867907439,https://www.twitch.tv/videos/2867907439
2026-09-07 09:46:59 AM,09:47:28 AM,29,v2867907967,https://www.twitch.tv/videos/2867907967
2026-09-07 09:47:38 AM,09:48:07 AM,29,v2867908509,https://www.twitch.tv/videos/2867908509
2026-09-07 09:48:17 AM,09:48:49 AM,32,v2867909056,https://www.twitch.tv/videos/2867909056
2026-09-07 09:49:00 AM,09:49:32 AM,32,v2867909587,https://www.twitch.tv/videos/2867909587
2026-09-07 09:49:43 AM,09:50:15 AM,32,v2867910187,https://www.twitch.tv/videos/2867910187
2026-09-07 09:50:26 AM,09:51:05 AM,39,v2867910850,https://www.twitch.tv/videos/2867910850
2026-09-07 09:51:16 AM,09:51:53 AM,37,v2867911570,https://www.twitch.tv/videos/2867911570
2026-09-07 09:52:04 AM,09:52:43 AM,39,v2867912240,https://www.twitch.tv/videos/2867912240
2026-09-07 09:52:53 AM,09:53:28 AM,35,v2867912908,https://www.twitch.tv/videos/2867912908
2026-09-07 09:53:38 AM,09:54:09 AM,31,v2867913585,https://www.twitch.tv/videos/2867913585
2026-09-07 09:54:20 AM,09:54:50 AM,30,v2867914198,https://www.twitch.tv/videos/2867914198
2026-09-07 09:55:00 AM,09:55:30 AM,30,v2867914851,https://www.twitch.tv/videos/2867914851
2026-09-07 09:55:41 AM,09:56:13 AM,32,v2867915523,https://www.twitch.tv/videos/2867915523
2026-09-07 09:56:23 AM,09:56:56 AM,33,v2867916224,https://www.twitch.tv/videos/2867916224
2026-09-07 09:57:07 AM,09:57:37 AM,30,v2867916915,https://www.twitch.tv/videos/2867916915
2026-09-07 09:57:47 AM,09:58:10 AM,23,v2867917564,https://www.twitch.tv/videos/2867917564
2026-09-07 09:58:21 AM,09:58:46 AM,25,v2867918084,https://www.twitch.tv/videos/2867918084
2026-09-07 09:58:56 AM,09:59:18 AM,22,v2867918659,https://www.twitch.tv/videos/2867918659
2026-09-07 09:59:29 AM,09:59:51 AM,22,v2867919267,https://www.twitch.tv/videos/2867919267
2026-09-07 10:00:01 AM,10:00:23 AM,22,v2867919971,https://www.twitch.tv/videos/2867919971
2026-09-07 10:00:33 AM,10:00:55 AM,22,v2867920911,https://www.twitch.tv/videos/2867920911
2026-09-07 10:01:05 AM,10:01:28 AM,23,v2867921688,https://www.twitch.tv/videos/2867921688
2026-09-07 10:01:38 AM,10:02:01 AM,23,v2867922391,https://www.twitch.tv/videos/2867922391
2026-09-07 10:02:11 AM,10:02:33 AM,22,v2867923045,https://www.twitch.tv/videos/2867923045
2026-09-07 10:02:44 AM,10:03:06 AM,22,v2867923705,https://www.twitch.tv/videos/2867923705
2026-09-07 10:03:16 AM,10:03:38 AM,22,v2867924275,https://www.twitch.tv/videos/2867924275
2026-09-07 10:03:48 AM,10:04:09 AM,21,v2867924827,https://www.twitch.tv/videos/2867924827
2026-09-07 10:04:19 AM,10:04:40 AM,21,v2867925385,https://www.twitch.tv/videos/2867925385
2026-09-07 10:04:51 AM,10:05:14 AM,23,v2867925913,https://www.twitch.tv/videos/2867925913
2026-09-07 10:05:24 AM,10:05:47 AM,23,v2867926473,https://www.twitch.tv/videos/2867926473
2026-09-07 10:05:58 AM,10:06:20 AM,22,v2867926958,https://www.twitch.tv/videos/2867926958
2026-09-07 10:06:30 AM,10:06:52 AM,22,v2867927485,https://www.twitch.tv/videos/2867927485
2026-09-07 10:07:03 AM,10:07:28 AM,25,v2867928015,https://www.twitch.tv/videos/2867928015
2026-09-07 10:07:38 AM,10:08:01 AM,23,v2867928565,https://www.twitch.tv/videos/2867928565
2026-09-07 10:08:12 AM,10:08:35 AM,23,v2867929095,https://www.twitch.tv/videos/2867929095
2026-09-07 10:08:46 AM,10:09:12 AM,26,v2867929549,https://www.twitch.tv/videos/2867929549
2026-09-07 10:09:22 AM,10:09:48 AM,26,v2867930104,https://www.twitch.tv/videos/2867930104
2026-09-07 10:09:59 AM,10:10:26 AM,27,v2867930621,https://www.twitch.tv/videos/2867930621
2026-09-07 10:10:36 AM,10:11:03 AM,27,v2867931186,https://www.twitch.tv/videos/2867931186
2026-09-07 10:11:14 AM,10:11:41 AM,27,v2867931734,https://www.twitch.tv/videos/2867931734
2026-09-07 10:11:52 AM,10:12:16 AM,24,v2867932322,https://www.twitch.tv/videos/2867932322
2026-09-07 10:12:26 AM,10:12:50 AM,24,v2867932813,https://www.twitch.tv/videos/2867932813
2026-09-07 10:13:01 AM,10:13:26 AM,25,v2867933292,https://www.twitch.tv/videos/2867933292
2026-09-07 10:13:37 AM,10:14:06 AM,29,v2867933777,https://www.twitch.tv/videos/2867933777
2026-09-07 10:14:16 AM,10:14:42 AM,26,v2867934349,https://www.twitch.tv/videos/2867934349
2026-09-07 10:14:52 AM,10:15:18 AM,26,v2867934885,https://www.twitch.tv/videos/2867934885
2026-09-07 10:15:29 AM,10:15:55 AM,26,v2867935412,https://www.twitch.tv/videos/2867935412
2026-09-07 10:16:06 AM,10:16:30 AM,24,v2867935988,https://www.twitch.tv/videos/2867935988
2026-09-07 10:16:40 AM,10:17:02 AM,22,v2867936493,https://www.twitch.tv/videos/2867936493
2026-09-07 10:17:12 AM,10:17:34 AM,22,v2867936940,https://www.twitch.tv/videos/2867936940
2026-09-07 10:17:44 AM,10:18:08 AM,24,v2867937350,https://www.twitch.tv/videos/2867937350
2026-09-07 10:18:18 AM,10:18:41 AM,23,v2867937807,https://www.twitch.tv/videos/2867937807
2026-09-07 10:18:51 AM,10:19:15 AM,24,v2867938321,https://www.twitch.tv/videos/2867938321
2026-09-07 10:19:25 AM,10:19:49 AM,24,v2867938784,https://www.twitch.tv/videos/2867938784
2026-09-07 10:20:00 AM,10:20:28 AM,28,v2867939258,https://www.twitch.tv/videos/2867939258
2026-09-07 10:20:38 AM,10:21:04 AM,26,v2867939823,https://www.twitch.tv/videos/2867939823
2026-09-07 10:21:14 AM,10:21:41 AM,27,v2867940339,https://www.twitch.tv/videos/2867940339
2026-09-07 10:21:51 AM,10:22:17 AM,26,v2867940886,https://www.twitch.tv/videos/2867940886
2026-09-07 10:22:28 AM,10:22:54 AM,26,v2867941467,https://www.twitch.tv/videos/2867941467
2026-09-07 10:23:04 AM,10:23:29 AM,25,v2867942031,https://www.twitch.tv/videos/2867942031
2026-09-07 10:23:39 AM,10:24:04 AM,25,v2867942538,https://www.twitch.tv/videos/2867942538
2026-09-07 10:24:14 AM,10:24:36 AM,22,v2867943044,https://www.twitch.tv/videos/2867943044
2026-09-07 10:24:47 AM,10:25:09 AM,22,v2867943522,https://www.twitch.tv/videos/2867943522
2026-09-07 10:25:19 AM,10:25:41 AM,22,v2867944005,https://www.twitch.tv/videos/2867944005
2026-09-07 10:25:52 AM,10:26:09 AM,17,v2867944486,https://www.twitch.tv/videos/2867944486
2026-09-07 10:26:18 AM,10:26:35 AM,17,v2867944851,https://www.twitch.tv/videos/2867944851
2026-09-07 10:26:45 AM,10:27:04 AM,19,v2867945235,https://www.twitch.tv/videos/2867945235
2026-09-07 10:27:14 AM,10:27:33 AM,19,v2867945666,https://www.twitch.tv/videos/2867945666
2026-09-07 10:27:43 AM,10:28:03 AM,20,v2867946059,https://www.twitch.tv/videos/2867946059
2026-09-07 10:28:13 AM,10:28:33 AM,20,v2867946499,https://www.twitch.tv/videos/2867946499
2026-09-07 10:28:44 AM,10:29:04 AM,20,v2867946968,https://www.twitch.tv/videos/2867946968
2026-09-07 10:29:14 AM,10:29:35 AM,21,v2867947403,https://www.twitch.tv/videos/2867947403
2026-09-07 10:29:45 AM,10:30:06 AM,21,v2867947907,https://www.twitch.tv/videos/2867947907
2026-09-07 10:30:16 AM,10:30:37 AM,21,v2867948422,https://www.twitch.tv/videos/2867948422
2026-09-07 10:30:47 AM,10:31:09 AM,22,v2867948923,https://www.twitch.tv/videos/2867948923
2026-09-07 10:31:19 AM,10:31:41 AM,22,v2867949407,https://www.twitch.tv/videos/2867949407
2026-09-07 10:31:52 AM,10:32:14 AM,22,v2867949931,https://www.twitch.tv/videos/2867949931
2026-09-07 10:32:24 AM,10:32:46 AM,22,v2867950434,https://www.twitch.tv/videos/2867950434
2026-09-07 10:32:56 AM,10:33:17 AM,21,v2867950925,https://www.twitch.tv/videos/2867950925
2026-09-07 10:33:27 AM,10:33:46 AM,19,v2867951409,https://www.twitch.tv/videos/2867951409
2026-09-07 10:33:57 AM,10:34:16 AM,19,v2867951858,https://www.twitch.tv/videos/2867951858
2026-09-07 10:34:26 AM,10:34:46 AM,20,v2867952260,https://www.twitch.tv/videos/2867952260
2026-09-07 10:34:56 AM,10:35:14 AM,18,v2867952675,https://www.twitch.tv/videos/2867952675
2026-09-07 10:35:24 AM,10:35:42 AM,18,v2867953054,https://www.twitch.tv/videos/2867953054
2026-09-07 10:35:52 AM,10:36:08 AM,16,v2867953457,https://www.twitch.tv/videos/2867953457
2026-09-07 10:36:18 AM,10:36:33 AM,15,v2867953860,https://www.twitch.tv/videos/2867953860
2026-09-07 10:36:44 AM,10:36:59 AM,15,v2867954242,https://www.twitch.tv/videos/2867954242
2026-09-07 10:37:09 AM,10:37:27 AM,18,v2867954630,https://www.twitch.tv/videos/2867954630
2026-09-07 10:37:37 AM,10:37:55 AM,18,v2867955036,https://www.twitch.tv/videos/2867955036
2026-09-07 10:38:06 AM,10:38:24 AM,18,v2867955448,https://www.twitch.tv/videos/2867955448
2026-09-07 10:38:34 AM,10:38:52 AM,18,v2867955833,https://www.twitch.tv/videos/2867955833
2026-09-07 10:39:03 AM,10:39:21 AM,18,v2867956223,https://www.twitch.tv/videos/2867956223
2026-09-07 10:39:32 AM,10:39:51 AM,19,v2867956627,https://www.twitch.tv/videos/2867956627
2026-09-07 10:40:01 AM,10:40:20 AM,19,v2867957040,https://www.twitch.tv/videos/2867957040
2026-09-07 10:40:30 AM,10:40:49 AM,19,v2867957435,https://www.twitch.tv/videos/2867957435
2026-09-07 10:41:00 AM,10:41:20 AM,20,v2867957837,https://www.twitch.tv/videos/2867957837
2026-09-07 10:41:30 AM,10:41:50 AM,20,v2867958269,https://www.twitch.tv/videos/2867958269
2026-09-07 10:42:00 AM,10:42:21 AM,21,v2867958691,https://www.twitch.tv/videos/2867958691
2026-09-07 10:42:31 AM,10:42:53 AM,22,v2867959138,https://www.twitch.tv/videos/2867959138
2026-09-07 10:43:04 AM,10:43:26 AM,22,v2867959619,https://www.twitch.tv/videos/2867959619
2026-09-07 10:43:36 AM,10:43:58 AM,22,v2867960101,https://www.twitch.tv/videos/2867960101
2026-09-07 10:44:08 AM,10:44:32 AM,24,v2867960623,https://www.twitch.tv/videos/2867960623
2026-09-07 10:44:43 AM,10:45:07 AM,24,v2867961137,https://www.twitch.tv/videos/2867961137
2026-09-07 10:45:18 AM,10:45:42 AM,24,v2867961650,https://www.twitch.tv/videos/2867961650
2026-09-07 10:45:52 AM,10:46:16 AM,24,v2867962128,https://www.twitch.tv/videos/2867962128
2026-09-07 10:46:26 AM,10:46:50 AM,24,v2867962608,https://www.twitch.tv/videos/2867962608
2026-09-07 10:47:00 AM,10:47:25 AM,25,v2867963071,https://www.twitch.tv/videos/2867963071
2026-09-07 10:47:35 AM,10:48:00 AM,25,v2867963583,https://www.twitch.tv/videos/2867963583
2026-09-07 10:48:11 AM,10:48:39 AM,28,v2867964061,https://www.twitch.tv/videos/2867964061
2026-09-07 10:48:49 AM,10:49:17 AM,28,v2867964614,https://www.twitch.tv/videos/2867964614
2026-09-07 10:49:28 AM,10:49:56 AM,28,v2867965206,https://www.twitch.tv/videos/2867965206
2026-09-07 10:50:07 AM,10:50:35 AM,28,v2867965806,https://www.twitch.tv/videos/2867965806
2026-09-07 10:50:45 AM,10:51:13 AM,28,v2867966481,https://www.twitch.tv/videos/2867966481
2026-09-07 10:51:24 AM,10:51:53 AM,29,v2867967102,https://www.twitch.tv/videos/2867967102
2026-09-07 10:52:04 AM,10:52:33 AM,29,v2867967722,https://www.twitch.tv/videos/2867967722
2026-09-07 10:52:43 AM,10:53:14 AM,31,v2867968325,https://www.twitch.tv/videos/2867968325
2026-09-07 10:53:25 AM,10:53:56 AM,31,v2867969035,https://www.twitch.tv/videos/2867969035
2026-09-07 10:54:06 AM,10:54:39 AM,33,v2867969687,https://www.twitch.tv/videos/2867969687
2026-09-07 10:54:50 AM,10:55:25 AM,35,v2867970387,https://www.twitch.tv/videos/2867970387
2026-09-07 10:55:36 AM,10:56:10 AM,34,v2867971190,https://www.twitch.tv/videos/2867971190
2026-09-07 10:56:21 AM,10:56:55 AM,34,v2867972005,https://www.twitch.tv/videos/2867972005
2026-09-07 10:57:06 AM,10:57:43 AM,37,v2867972782,https://www.twitch.tv/videos/2867972782
2026-09-07 10:57:54 AM,10:58:31 AM,37,v2867973686,https://www.twitch.tv/videos/2867973686
2026-09-07 10:58:42 AM,10:59:21 AM,39,v2867974581,https://www.twitch.tv/videos/2867974581
2026-09-07 10:59:31 AM,11:00:06 AM,35,v2867975479,https://www.twitch.tv/videos/2867975479
2026-09-07 11:00:17 AM,11:00:52 AM,35,v2867976671,https://www.twitch.tv/videos/2867976671
2026-09-07 11:01:03 AM,11:01:41 AM,38,v2867977776,https://www.twitch.tv/videos/2867977776
2026-09-07 11:01:53 AM,11:02:31 AM,38,v2867978790,https://www.twitch.tv/videos/2867978790
2026-09-07 11:02:42 AM,11:03:20 AM,38,v2867979763,https://www.twitch.tv/videos/2867979763
2026-09-07 02:27:45 PM,02:27:57 PM,12,v2868160392,https://www.twitch.tv/videos/2868160392
2026-09-07 02:28:07 PM,02:28:19 PM,12,v2868160663,https://www.twitch.tv/videos/2868160663
2026-09-07 02:28:29 PM,02:28:41 PM,12,v2868160913,https://www.twitch.tv/videos/2868160913
2026-09-07 02:28:51 PM,02:29:07 PM,16,v2868161175,https://www.twitch.tv/videos/2868161175
2026-09-07 02:29:16 PM,02:29:32 PM,16,v2868161453,https://www.twitch.tv/videos/2868161453
2026-09-07 02:29:42 PM,02:30:00 PM,18,v2868161772,https://www.twitch.tv/videos/2868161772
2026-09-07 02:30:10 PM,02:30:28 PM,18,v2868162127,https://www.twitch.tv/videos/2868162127
2026-09-07 02:30:38 PM,02:31:01 PM,23,v2868162508,https://www.twitch.tv/videos/2868162508
2026-09-07 02:31:11 PM,02:31:36 PM,25,v2868162903,https://www.twitch.tv/videos/2868162903
2026-09-07 02:31:46 PM,02:32:11 PM,25,v2868163329,https://www.twitch.tv/videos/2868163329
2026-09-07 02:32:21 PM,02:32:45 PM,24,v2868163757,https://www.twitch.tv/videos/2868163757
2026-09-07 02:32:55 PM,02:33:16 PM,21,v2868164232,https://www.twitch.tv/videos/2868164232
2026-09-07 02:33:26 PM,02:33:49 PM,23,v2868164641,https://www.twitch.tv/videos/2868164641
2026-09-07 02:33:59 PM,02:34:22 PM,23,v2868165036,https://www.twitch.tv/videos/2868165036
2026-09-07 02:34:32 PM,02:34:55 PM,23,v2868165424,https://www.twitch.tv/videos/2868165424
2026-09-07 02:35:05 PM,02:35:27 PM,22,v2868165840,https://www.twitch.tv/videos/2868165840
2026-09-07 02:35:37 PM,02:35:58 PM,21,v2868166253,https://www.twitch.tv/videos/2868166253
2026-09-07 02:36:08 PM,02:36:29 PM,21,v2868166625,https://www.twitch.tv/videos/2868166625
2026-09-07 02:36:40 PM,02:37:03 PM,23,v2868167006,https://www.twitch.tv/videos/2868167006
2026-09-07 02:37:13 PM,02:37:34 PM,21,v2868167410,https://www.twitch.tv/videos/2868167410
2026-09-07 02:37:44 PM,02:38:06 PM,22,v2868167757,https://www.twitch.tv/videos/2868167757
2026-09-07 02:38:16 PM,02:38:38 PM,22,v2868168098,https://www.twitch.tv/videos/2868168098
2026-09-07 02:38:48 PM,02:39:12 PM,24,v2868168437,https://www.twitch.tv/videos/2868168437
2026-09-07 02:39:21 PM,02:39:45 PM,24,v2868168837,https://www.twitch.tv/videos/2868168837
2026-09-07 02:39:55 PM,02:40:22 PM,27,v2868169246,https://www.twitch.tv/videos/2868169246
2026-09-07 02:40:32 PM,02:40:57 PM,25,v2868169674,https://www.twitch.tv/videos/2868169674
2026-09-07 02:41:07 PM,02:41:31 PM,24,v2868170093,https://www.twitch.tv/videos/2868170093
2026-09-07 02:41:41 PM,02:42:05 PM,24,v2868170494,https://www.twitch.tv/videos/2868170494
2026-09-07 02:42:15 PM,02:42:39 PM,24,v2868170909,https://www.twitch.tv/videos/2868170909
2026-09-07 02:42:50 PM,02:43:15 PM,25,v2868171287,https://www.twitch.tv/videos/2868171287
2026-09-07 02:43:25 PM,02:43:49 PM,24,v2868171679,https://www.twitch.tv/videos/2868171679
2026-09-07 02:43:59 PM,02:44:23 PM,24,v2868172070,https://www.twitch.tv/videos/2868172070
2026-09-07 02:44:34 PM,02:44:58 PM,24,v2868172465,https://www.twitch.tv/videos/2868172465
2026-09-07 02:45:09 PM,02:45:34 PM,25,v2868172851,https://www.twitch.tv/videos/2868172851
2026-09-07 02:45:44 PM,02:46:08 PM,24,v2868173235,https://www.twitch.tv/videos/2868173235
2026-09-07 02:46:18 PM,02:46:42 PM,24,v2868173657,https://www.twitch.tv/videos/2868173657
2026-09-07 02:46:52 PM,02:47:16 PM,24,v2868174043,https://www.twitch.tv/videos/2868174043
2026-09-07 02:47:26 PM,02:47:49 PM,23,v2868174425,https://www.twitch.tv/videos/2868174425
2026-09-07 02:47:59 PM,02:48:22 PM,23,v2868174830,https://www.twitch.tv/videos/2868174830
2026-09-07 02:48:32 PM,02:48:54 PM,22,v2868175221,https://www.twitch.tv/videos/2868175221
2026-09-07 02:49:04 PM,02:49:25 PM,21,v2868175610,https://www.twitch.tv/videos/2868175610
2026-09-07 02:49:36 PM,02:49:56 PM,20,v2868176020,https://www.twitch.tv/videos/2868176020
2026-09-07 02:50:06 PM,02:50:26 PM,20,v2868176388,https://www.twitch.tv/videos/2868176388
2026-09-07 02:50:36 PM,02:50:56 PM,20,v2868176741,https://www.twitch.tv/videos/2868176741
2026-09-07 02:51:06 PM,02:51:26 PM,20,v2868177097,https://www.twitch.tv/videos/2868177097
2026-09-07 02:51:36 PM,02:51:56 PM,20,v2868177459,https://www.twitch.tv/videos/2868177459
2026-09-07 02:52:06 PM,02:52:26 PM,20,v2868177815,https://www.twitch.tv/videos/2868177815
2026-09-07 02:52:36 PM,02:52:56 PM,20,v2868178148,https://www.twitch.tv/videos/2868178148
2026-09-07 02:53:06 PM,02:53:27 PM,21,v2868178503,https://www.twitch.tv/videos/2868178503
2026-09-07 02:53:37 PM,02:53:58 PM,21,v2868178928,https://www.twitch.tv/videos/2868178928
2026-09-07 02:54:08 PM,02:54:30 PM,22,v2868179303,https://www.twitch.tv/videos/2868179303
2026-09-07 02:54:40 PM,02:55:05 PM,25,v2868179699,https://www.twitch.tv/videos/2868179699
2026-09-07 02:55:15 PM,02:55:40 PM,25,v2868180181,https://www.twitch.tv/videos/2868180181
2026-09-07 02:55:51 PM,02:56:15 PM,24,v2868180647,https://www.twitch.tv/videos/2868180647
2026-09-07 02:56:25 PM,02:56:49 PM,24,v2868181053,https://www.twitch.tv/videos/2868181053
2026-09-07 02:56:59 PM,02:57:23 PM,24,v2868181507,https://www.twitch.tv/videos/2868181507
2026-09-07 02:57:33 PM,02:57:57 PM,24,v2868181931,https://www.twitch.tv/videos/2868181931
2026-09-07 02:58:07 PM,02:58:31 PM,24,v2868182357,https://www.twitch.tv/videos/2868182357
2026-09-07 02:58:42 PM,02:59:06 PM,24,v2868182803,https://www.twitch.tv/videos/2868182803
2026-09-07 02:59:16 PM,02:59:37 PM,21,v2868183240,https://www.twitch.tv/videos/2868183240
2026-09-07 02:59:48 PM,03:00:08 PM,20,v2868183740,https://www.twitch.tv/videos/2868183740
2026-09-07 03:00:18 PM,03:00:36 PM,18,v2868184363,https://www.twitch.tv/videos/2868184363
2026-09-07 03:00:46 PM,03:01:04 PM,18,v2868184836,https://www.twitch.tv/videos/2868184836
2026-09-07 03:01:14 PM,03:01:32 PM,18,v2868185273,https://www.twitch.tv/videos/2868185273
2026-09-07 03:01:41 PM,03:01:58 PM,17,v2868185764,https://www.twitch.tv/videos/2868185764
2026-09-07 03:02:09 PM,03:02:26 PM,17,v2868186173,https://www.twitch.tv/videos/2868186173
2026-09-07 03:02:36 PM,03:02:53 PM,17,v2868186539,https://www.twitch.tv/videos/2868186539
2026-09-07 03:03:03 PM,03:03:22 PM,19,v2868186961,https://www.twitch.tv/videos/2868186961
2026-09-07 03:03:32 PM,03:03:51 PM,19,v2868187356,https://www.twitch.tv/videos/2868187356
2026-09-07 03:04:01 PM,03:04:20 PM,19,v2868187725,https://www.twitch.tv/videos/2868187725
2026-09-07 03:04:30 PM,03:04:48 PM,18,v2868188136,https://www.twitch.tv/videos/2868188136
2026-09-07 03:04:58 PM,03:05:17 PM,19,v2868188507,https://www.twitch.tv/videos/2868188507
2026-09-07 03:05:27 PM,03:05:46 PM,19,v2868188883,https://www.twitch.tv/videos/2868188883
2026-09-07 03:05:56 PM,03:06:16 PM,20,v2868189246,https://www.twitch.tv/videos/2868189246
2026-09-07 03:06:26 PM,03:06:46 PM,20,v2868189621,https://www.twitch.tv/videos/2868189621
2026-09-07 03:06:56 PM,03:07:15 PM,19,v2868190006,https://www.twitch.tv/videos/2868190006
2026-09-07 03:07:26 PM,03:07:45 PM,19,v2868190395,https://www.twitch.tv/videos/2868190395
2026-09-07 03:07:55 PM,03:08:17 PM,22,v2868190789,https://www.twitch.tv/videos/2868190789
2026-09-07 03:08:28 PM,03:08:50 PM,22,v2868191191,https://www.twitch.tv/videos/2868191191
2026-09-07 03:09:00 PM,03:09:24 PM,24,v2868191619,https://www.twitch.tv/videos/2868191619
2026-09-07 03:09:34 PM,03:09:58 PM,24,v2868192072,https://www.twitch.tv/videos/2868192072
2026-09-07 03:10:08 PM,03:10:32 PM,24,v2868192538,https://www.twitch.tv/videos/2868192538
2026-09-07 03:10:42 PM,03:11:09 PM,27,v2868192964,https://www.twitch.tv/videos/2868192964
2026-09-07 03:11:20 PM,03:11:46 PM,26,v2868193421,https://www.twitch.tv/videos/2868193421
2026-09-07 03:11:56 PM,03:12:22 PM,26,v2868193878,https://www.twitch.tv/videos/2868193878
2026-09-07 03:12:33 PM,03:13:00 PM,27,v2868194365,https://www.twitch.tv/videos/2868194365
2026-09-07 03:13:10 PM,03:13:36 PM,26,v2868194820,https://www.twitch.tv/videos/2868194820
2026-09-07 03:13:46 PM,03:14:12 PM,26,v2868195219,https://www.twitch.tv/videos/2868195219
2026-09-07 03:14:22 PM,03:14:51 PM,29,v2868195678,https://www.twitch.tv/videos/2868195678
2026-09-07 03:15:02 PM,03:15:32 PM,30,v2868196147,https://www.twitch.tv/videos/2868196147
2026-09-07 03:15:42 PM,03:16:10 PM,28,v2868196643,https://www.twitch.tv/videos/2868196643
2026-09-07 03:16:21 PM,03:16:47 PM,26,v2868197153,https://www.twitch.tv/videos/2868197153
2026-09-07 03:16:57 PM,03:17:21 PM,24,v2868197623,https://www.twitch.tv/videos/2868197623
2026-09-07 03:17:31 PM,03:17:53 PM,22,v2868198050,https://www.twitch.tv/videos/2868198050
2026-09-07 03:18:03 PM,03:18:25 PM,22,v2868198440,https://www.twitch.tv/videos/2868198440
2026-09-07 03:18:35 PM,03:18:58 PM,23,v2868198815,https://www.twitch.tv/videos/2868198815
2026-09-07 03:19:08 PM,03:19:31 PM,23,v2868199254,https://www.twitch.tv/videos/2868199254
2026-09-07 03:19:41 PM,03:20:05 PM,24,v2868199638,https://www.twitch.tv/videos/2868199638
2026-09-07 03:20:15 PM,03:20:39 PM,24,v2868200043,https://www.twitch.tv/videos/2868200043
2026-09-07 03:20:49 PM,03:21:13 PM,24,v2868200431,https://www.twitch.tv/videos/2868200431
2026-09-07 03:21:23 PM,03:21:45 PM,22,v2868200824,https://www.twitch.tv/videos/2868200824
2026-09-07 03:21:56 PM,03:22:19 PM,23,v2868201213,https://www.twitch.tv/videos/2868201213
2026-09-07 03:22:28 PM,03:22:50 PM,22,v2868201626,https://www.twitch.tv/videos/2868201626
2026-09-07 03:23:01 PM,03:23:23 PM,22,v2868202031,https://www.twitch.tv/videos/2868202031
2026-09-07 03:23:34 PM,03:23:55 PM,21,v2868202437,https://www.twitch.tv/videos/2868202437
2026-09-07 03:24:05 PM,03:24:26 PM,21,v2868202881,https://www.twitch.tv/videos/2868202881
2026-09-07 03:24:36 PM,03:24:57 PM,21,v2868203253,https://www.twitch.tv/videos/2868203253
2026-09-07 03:25:07 PM,03:25:25 PM,18,v2868203632,https://www.twitch.tv/videos/2868203632
2026-09-07 03:25:35 PM,03:25:53 PM,18,v2868203969,https://www.twitch.tv/videos/2868203969
2026-09-07 03:26:03 PM,03:26:21 PM,18,v2868204309,https://www.twitch.tv/videos/2868204309
2026-09-07 03:26:31 PM,03:26:49 PM,18,v2868204677,https://www.twitch.tv/videos/2868204677
2026-09-07 03:26:59 PM,03:27:16 PM,17,v2868205021,https://www.twitch.tv/videos/2868205021
2026-09-07 03:27:26 PM,03:27:43 PM,17,v2868205361,https://www.twitch.tv/videos/2868205361
2026-09-07 03:27:53 PM,03:28:11 PM,18,v2868205687,https://www.twitch.tv/videos/2868205687
2026-09-07 03:28:22 PM,03:28:40 PM,18,v2868206017,https://www.twitch.tv/videos/2868206017
2026-09-07 03:28:50 PM,03:29:08 PM,18,v2868206384,https://www.twitch.tv/videos/2868206384
2026-09-07 03:29:19 PM,03:29:37 PM,18,v2868206770,https://www.twitch.tv/videos/2868206770
2026-09-07 03:29:47 PM,03:30:05 PM,18,v2868207133,https://www.twitch.tv/videos/2868207133
2026-09-07 03:30:16 PM,03:30:38 PM,22,v2868207546,https://www.twitch.tv/videos/2868207546
2026-09-07 03:30:48 PM,03:31:09 PM,21,v2868208008,https://www.twitch.tv/videos/2868208008
2026-09-07 03:31:19 PM,03:31:40 PM,21,v2868208436,https://www.twitch.tv/videos/2868208436
2026-09-07 03:31:51 PM,03:32:15 PM,24,v2868208848,https://www.twitch.tv/videos/2868208848
2026-09-07 03:32:25 PM,03:32:50 PM,25,v2868209267,https://www.twitch.tv/videos/2868209267
2026-09-07 03:33:00 PM,03:33:25 PM,25,v2868209691,https://www.twitch.tv/videos/2868209691
2026-09-07 03:33:34 PM,03:34:01 PM,27,v2868210148,https://www.twitch.tv/videos/2868210148
2026-09-07 03:34:12 PM,03:34:41 PM,29,v2868210619,https://www.twitch.tv/videos/2868210619
2026-09-07 03:34:52 PM,03:35:20 PM,28,v2868211096,https://www.twitch.tv/videos/2868211096
2026-09-07 03:35:30 PM,03:35:58 PM,28,v2868211567,https://www.twitch.tv/videos/2868211567
2026-09-07 03:36:09 PM,03:36:39 PM,30,v2868212019,https://www.twitch.tv/videos/2868212019
2026-09-07 03:36:49 PM,03:37:18 PM,29,v2868212516,https://www.twitch.tv/videos/2868212516
2026-09-07 03:37:29 PM,03:37:53 PM,24,v2868213036,https://www.twitch.tv/videos/2868213036
2026-09-07 03:38:04 PM,03:38:29 PM,25,v2868213528,https://www.twitch.tv/videos/2868213528
2026-09-07 03:38:39 PM,03:39:01 PM,22,v2868213947,https://www.twitch.tv/videos/2868213947
2026-09-07 03:39:12 PM,03:39:34 PM,22,v2868214305,https://www.twitch.tv/videos/2868214305
2026-09-07 03:39:44 PM,03:40:05 PM,21,v2868214687,https://www.twitch.tv/videos/2868214687
2026-09-07 03:40:16 PM,03:40:37 PM,21,v2868215064,https://www.twitch.tv/videos/2868215064
2026-09-07 03:40:47 PM,03:41:08 PM,21,v2868215453,https://www.twitch.tv/videos/2868215453
2026-09-07 03:41:18 PM,03:41:39 PM,21,v2868215793,https://www.twitch.tv/videos/2868215793
2026-09-07 03:41:49 PM,03:42:10 PM,21,v2868216148,https://www.twitch.tv/videos/2868216148
2026-09-07 03:42:20 PM,03:42:39 PM,19,v2868216498,https://www.twitch.tv/videos/2868216498
2026-09-07 03:42:49 PM,03:43:06 PM,17,v2868216834,https://www.twitch.tv/videos/2868216834
2026-09-07 03:43:16 PM,03:43:33 PM,17,v2868217174,https://www.twitch.tv/videos/2868217174
2026-09-07 03:43:44 PM,03:44:04 PM,20,v2868217475,https://www.twitch.tv/videos/2868217475
2026-09-07 03:44:14 PM,03:44:34 PM,20,v2868217840,https://www.twitch.tv/videos/2868217840
2026-09-07 03:44:44 PM,03:45:06 PM,22,v2868218821,https://www.twitch.tv/videos/2868218821
2026-09-07 03:45:17 PM,03:45:40 PM,23,v2868219292,https://www.twitch.tv/videos/2868219292
2026-09-07 03:45:51 PM,03:46:14 PM,23,v2868219741,https://www.twitch.tv/videos/2868219741
2026-09-07 03:46:24 PM,03:46:48 PM,24,v2868220156,https://www.twitch.tv/videos/2868220156
2026-09-07 03:46:59 PM,03:47:24 PM,25,v2868220611,https://www.twitch.tv/videos/2868220611
2026-09-07 03:47:34 PM,03:47:59 PM,25,v2868221009,https://www.twitch.tv/videos/2868221009
2026-09-07 03:48:09 PM,03:48:34 PM,25,v2868221492,https://www.twitch.tv/videos/2868221492
2026-09-07 03:48:44 PM,03:49:13 PM,29,v2868221893,https://www.twitch.tv/videos/2868221893
2026-09-07 03:49:23 PM,03:49:52 PM,29,v2868222343,https://www.twitch.tv/videos/2868222343
2026-09-07 03:50:02 PM,03:50:28 PM,26,v2868222834,https://www.twitch.tv/videos/2868222834
2026-09-07 03:50:39 PM,03:51:05 PM,26,v2868223311,https://www.twitch.tv/videos/2868223311
2026-09-07 03:51:15 PM,03:51:41 PM,26,v2868223786,https://www.twitch.tv/videos/2868223786
2026-09-07 03:51:52 PM,03:52:18 PM,26,v2868224286,https://www.twitch.tv/videos/2868224286
2026-09-07 03:52:28 PM,03:52:55 PM,27,v2868224764,https://www.twitch.tv/videos/2868224764
2026-09-07 03:53:06 PM,03:53:33 PM,27,v2868225231,https://www.twitch.tv/videos/2868225231
2026-09-07 03:53:44 PM,03:54:11 PM,27,v2868225715,https://www.twitch.tv/videos/2868225715
2026-09-07 03:54:22 PM,03:54:49 PM,27,v2868226198,https://www.twitch.tv/videos/2868226198
2026-09-07 03:54:59 PM,03:55:29 PM,30,v2868226699,https://www.twitch.tv/videos/2868226699
2026-09-07 03:55:40 PM,03:56:11 PM,31,v2868227275,https://www.twitch.tv/videos/2868227275
2026-09-07 03:56:22 PM,03:56:53 PM,31,v2868227817,https://www.twitch.tv/videos/2868227817
2026-09-07 03:57:03 PM,03:57:34 PM,31,v2868228343,https://www.twitch.tv/videos/2868228343
2026-09-07 03:57:45 PM,03:58:19 PM,34,v2868228909,https://www.twitch.tv/videos/2868228909
2026-09-07 03:58:30 PM,03:59:04 PM,34,v2868229558,https://www.twitch.tv/videos/2868229558
2026-09-07 03:59:14 PM,03:59:48 PM,34,v2868230197,https://www.twitch.tv/videos/2868230197
2026-09-07 03:59:59 PM,04:00:33 PM,34,v2868230953,https://www.twitch.tv/videos/2868230953
2026-09-07 04:00:44 PM,04:01:18 PM,34,v2868231926,https://www.twitch.tv/videos/2868231926
2026-09-07 04:01:29 PM,04:02:05 PM,36,v2868232780,https://www.twitch.tv/videos/2868232780
2026-09-07 04:02:16 PM,04:02:52 PM,36,v2868233548,https://www.twitch.tv/videos/2868233548
2026-09-07 04:03:02 PM,04:03:38 PM,36,v2868234213,https://www.twitch.tv/videos/2868234213
2026-09-07 04:03:49 PM,04:04:31 PM,42,v2868234842,https://www.twitch.tv/videos/2868234842
2026-09-07 04:04:42 PM,04:05:25 PM,43,v2868235612,https://www.twitch.tv/videos/2868235612
2026-09-07 04:05:35 PM,04:06:18 PM,43,v2868236393,https://www.twitch.tv/videos/2868236393
2026-09-07 04:06:29 PM,04:07:13 PM,44,v2868237198,https://www.twitch.tv/videos/2868237198
2026-09-07 04:07:24 PM,04:08:08 PM,44,v2868237897,https://www.twitch.tv/videos/2868237897
2026-09-07 04:08:19 PM,04:09:03 PM,44,v2868238643,https://www.twitch.tv/videos/2868238643
2026-09-07 04:09:13 PM,04:09:55 PM,42,v2868239351,https://www.twitch.tv/videos/2868239351
2026-09-07 04:10:06 PM,04:10:48 PM,42,v2868240016,https://www.twitch.tv/videos/2868240016
2026-09-07 04:10:58 PM,04:11:41 PM,43,v2868240742,https://www.twitch.tv/videos/2868240742
2026-09-07 04:11:52 PM,04:12:32 PM,40,v2868241478,https://www.twitch.tv/videos/2868241478
2026-09-07 04:12:43 PM,04:13:23 PM,40,v2868242152,https://www.twitch.tv/videos/2868242152
2026-09-07 04:13:34 PM,04:14:14 PM,40,v2868242811,https://www.twitch.tv/videos/2868242811
2026-09-07 04:14:25 PM,04:15:11 PM,46,v2868243434,https://www.twitch.tv/videos/2868243434
2026-09-07 04:15:22 PM,04:16:04 PM,42,v2868244146,https://www.twitch.tv/videos/2868244146
2026-09-07 04:16:15 PM,04:16:57 PM,42,v2868244784,https://www.twitch.tv/videos/2868244784
2026-09-07 04:17:08 PM,04:17:51 PM,43,v2868245457,https://www.twitch.tv/videos/2868245457
2026-09-07 04:18:02 PM,04:18:46 PM,44,v2868246107,https://www.twitch.tv/videos/2868246107
2026-09-07 04:18:57 PM,04:19:41 PM,44,v2868246791,https://www.twitch.tv/videos/2868246791
2026-09-07 04:19:52 PM,04:20:36 PM,44,v2868247453,https://www.twitch.tv/videos/2868247453
2026-09-07 04:20:47 PM,04:21:31 PM,44,v2868248117,https://www.twitch.tv/videos/2868248117
2026-09-07 04:21:42 PM,04:22:26 PM,44,v2868248807,https://www.twitch.tv/videos/2868248807
2026-09-07 04:22:36 PM,04:23:18 PM,42,v2868249488,https://www.twitch.tv/videos/2868249488
2026-09-07 04:23:29 PM,04:24:11 PM,42,v2868250094,https://www.twitch.tv/videos/2868250094
2026-09-07 04:24:22 PM,04:25:03 PM,41,v2868250719,https://www.twitch.tv/videos/2868250719
2026-09-07 04:25:14 PM,04:25:55 PM,41,v2868251332,https://www.twitch.tv/videos/2868251332
2026-09-07 04:26:05 PM,04:26:48 PM,43,v2868252034,https://www.twitch.tv/videos/2868252034
2026-09-07 04:26:59 PM,04:27:42 PM,43,v2868252748,https://www.twitch.tv/videos/2868252748
2026-09-07 04:27:53 PM,04:28:33 PM,40,v2868253431,https://www.twitch.tv/videos/2868253431
2026-09-07 04:28:44 PM,04:29:23 PM,39,v2868254017,https://www.twitch.tv/videos/2868254017
2026-09-07 04:29:34 PM,04:30:13 PM,39,v2868254667,https://www.twitch.tv/videos/2868254667
2026-09-07 04:30:23 PM,04:31:02 PM,39,v2868255355,https://www.twitch.tv/videos/2868255355
2026-09-07 04:31:13 PM,04:31:50 PM,37,v2868256087,https://www.twitch.tv/videos/2868256087
2026-09-07 04:32:00 PM,04:32:37 PM,37,v2868256712,https://www.twitch.tv/videos/2868256712
2026-09-07 04:32:48 PM,04:33:28 PM,40,v2868257340,https://www.twitch.tv/videos/2868257340
2026-09-07 04:33:39 PM,04:34:17 PM,38,v2868257996,https://www.twitch.tv/videos/2868257996
2026-09-07 04:34:27 PM,04:35:05 PM,38,v2868258583,https://www.twitch.tv/videos/2868258583
2026-09-07 04:35:16 PM,04:35:54 PM,38,v2868259173,https://www.twitch.tv/videos/2868259173
2026-09-07 04:36:04 PM,04:36:41 PM,37,v2868259767,https://www.twitch.tv/videos/2868259767
2026-09-07 04:36:52 PM,04:37:29 PM,37,v2868260363,https://www.twitch.tv/videos/2868260363
2026-09-07 04:37:40 PM,04:38:17 PM,37,v2868260923,https://www.twitch.tv/videos/2868260923
2026-09-07 04:38:27 PM,04:39:08 PM,41,v2868261486,https://www.twitch.tv/videos/2868261486
2026-09-07 04:39:19 PM,04:40:00 PM,41,v2868262091,https://www.twitch.tv/videos/2868262091
2026-09-07 04:40:11 PM,04:40:52 PM,41,v2868262677,https://www.twitch.tv/videos/2868262677
2026-09-07 04:41:02 PM,04:41:43 PM,41,v2868263316,https://www.twitch.tv/videos/2868263316
2026-09-07 04:41:54 PM,04:42:35 PM,41,v2868263937,https://www.twitch.tv/videos/2868263937
2026-09-07 04:42:45 PM,04:43:27 PM,42,v2868264505,https://www.twitch.tv/videos/2868264505
2026-09-07 04:43:39 PM,04:44:21 PM,42,v2868265146,https://www.twitch.tv/videos/2868265146
2026-09-07 04:44:32 PM,04:45:14 PM,42,v2868265725,https://www.twitch.tv/videos/2868265725
2026-09-07 04:45:25 PM,04:46:06 PM,41,v2868266342,https://www.twitch.tv/videos/2868266342
2026-09-07 04:46:17 PM,04:46:58 PM,41,v2868267031,https://www.twitch.tv/videos/2868267031
2026-09-07 04:47:09 PM,04:47:50 PM,41,v2868267669,https://www.twitch.tv/videos/2868267669
2026-09-07 04:48:01 PM,04:48:42 PM,41,v2868268363,https://www.twitch.tv/videos/2868268363
2026-09-07 04:48:53 PM,04:49:29 PM,36,v2868269028,https://www.twitch.tv/videos/2868269028
2026-09-07 04:49:40 PM,04:50:16 PM,36,v2868269556,https://www.twitch.tv/videos/2868269556
2026-09-07 04:50:26 PM,04:51:06 PM,40,v2868270152,https://www.twitch.tv/videos/2868270152
2026-09-07 04:51:17 PM,04:51:57 PM,40,v2868270797,https://www.twitch.tv/videos/2868270797
2026-09-07 04:52:08 PM,04:52:45 PM,37,v2868271491,https://www.twitch.tv/videos/2868271491
2026-09-07 04:52:56 PM,04:53:30 PM,34,v2868272169,https://www.twitch.tv/videos/2868272169
2026-09-07 04:53:41 PM,04:54:15 PM,34,v2868272749,https://www.twitch.tv/videos/2868272749
2026-09-07 04:54:26 PM,04:55:00 PM,34,v2868273354,https://www.twitch.tv/videos/2868273354
2026-09-07 04:55:11 PM,04:55:46 PM,35,v2868273980,https://www.twitch.tv/videos/2868273980
2026-09-07 04:55:56 PM,04:56:28 PM,32,v2868274589,https://www.twitch.tv/videos/2868274589
2026-09-07 04:56:39 PM,04:57:05 PM,26,v2868275139,https://www.twitch.tv/videos/2868275139
2026-09-07 04:57:16 PM,04:57:44 PM,28,v2868275634,https://www.twitch.tv/videos/2868275634
2026-09-07 04:57:54 PM,04:58:22 PM,28,v2868276180,https://www.twitch.tv/videos/2868276180
2026-09-07 04:58:32 PM,04:59:00 PM,28,v2868276696,https://www.twitch.tv/videos/2868276696
2026-09-07 04:59:10 PM,04:59:38 PM,28,v2868277273,https://www.twitch.tv/videos/2868277273
2026-09-07 04:59:49 PM,05:00:14 PM,25,v2868277922,https://www.twitch.tv/videos/2868277922
2026-09-07 05:00:24 PM,05:00:48 PM,24,v2868278699,https://www.twitch.tv/videos/2868278699
2026-09-07 05:00:58 PM,05:01:21 PM,23,v2868279407,https://www.twitch.tv/videos/2868279407
2026-09-07 05:01:31 PM,05:01:54 PM,23,v2868279981,https://www.twitch.tv/videos/2868279981
2026-09-07 05:02:04 PM,05:02:25 PM,21,v2868280537,https://www.twitch.tv/videos/2868280537
2026-09-07 05:02:35 PM,05:02:55 PM,20,v2868281042,https://www.twitch.tv/videos/2868281042
2026-09-07 05:03:06 PM,05:03:26 PM,20,v2868281540,https://www.twitch.tv/videos/2868281540
2026-09-07 05:03:36 PM,05:03:56 PM,20,v2868281959,https://www.twitch.tv/videos/2868281959
2026-09-07 05:04:06 PM,05:04:24 PM,18,v2868282412,https://www.twitch.tv/videos/2868282412
2026-09-07 05:04:34 PM,05:04:50 PM,16,v2868282844,https://www.twitch.tv/videos/2868282844
2026-09-07 05:05:00 PM,05:05:16 PM,16,v2868283247,https://www.twitch.tv/videos/2868283247
2026-09-07 05:05:27 PM,05:05:43 PM,16,v2868283634,https://www.twitch.tv/videos/2868283634
2026-09-07 05:05:53 PM,05:06:10 PM,17,v2868284006,https://www.twitch.tv/videos/2868284006
2026-09-07 05:06:20 PM,05:06:37 PM,17,v2868284401,https://www.twitch.tv/videos/2868284401
2026-09-07 05:06:48 PM,05:07:05 PM,17,v2868284798,https://www.twitch.tv/videos/2868284798
2026-09-07 05:07:15 PM,05:07:36 PM,21,v2868285180,https://www.twitch.tv/videos/2868285180
2026-09-07 05:07:46 PM,05:08:07 PM,21,v2868285647,https://www.twitch.tv/videos/2868285647
2026-09-07 05:08:18 PM,05:08:39 PM,21,v2868286096,https://www.twitch.tv/videos/2868286096
2026-09-07 05:08:48 PM,05:09:09 PM,21,v2868286538,https://www.twitch.tv/videos/2868286538
2026-09-07 05:09:19 PM,05:09:40 PM,21,v2868286945,https://www.twitch.tv/videos/2868286945
2026-09-07 05:09:50 PM,05:10:11 PM,21,v2868287334,https://www.twitch.tv/videos/2868287334
2026-09-07 05:10:21 PM,05:10:47 PM,26,v2868287720,https://www.twitch.tv/videos/2868287720
2026-09-07 05:10:57 PM,05:11:23 PM,26,v2868288175,https://www.twitch.tv/videos/2868288175
2026-09-07 05:11:33 PM,05:11:59 PM,26,v2868288653,https://www.twitch.tv/videos/2868288653
2026-09-07 05:12:09 PM,05:12:35 PM,26,v2868289118,https://www.twitch.tv/videos/2868289118
2026-09-07 05:12:45 PM,05:13:14 PM,29,v2868289567,https://www.twitch.tv/videos/2868289567
2026-09-07 05:13:24 PM,05:13:53 PM,29,v2868290064,https://www.twitch.tv/videos/2868290064
2026-09-07 05:14:04 PM,05:14:34 PM,30,v2868290569,https://www.twitch.tv/videos/2868290569
2026-09-07 05:14:45 PM,05:15:16 PM,31,v2868291121,https://www.twitch.tv/videos/2868291121
2026-09-07 05:15:26 PM,05:15:58 PM,32,v2868291644,https://www.twitch.tv/videos/2868291644
2026-09-07 05:16:09 PM,05:16:41 PM,32,v2868292231,https://www.twitch.tv/videos/2868292231
2026-09-07 05:16:51 PM,05:17:23 PM,32,v2868292734,https://www.twitch.tv/videos/2868292734
2026-09-07 05:17:33 PM,05:18:06 PM,33,v2868293278,https://www.twitch.tv/videos/2868293278
2026-09-07 05:18:16 PM,05:18:49 PM,33,v2868293862,https://www.twitch.tv/videos/2868293862
2026-09-07 05:19:00 PM,05:19:33 PM,33,v2868294453,https://www.twitch.tv/videos/2868294453
2026-09-07 05:19:43 PM,05:20:16 PM,33,v2868294947,https://www.twitch.tv/videos/2868294947
2026-09-07 05:20:27 PM,05:21:05 PM,38,v2868295477,https://www.twitch.tv/videos/2868295477
2026-09-07 05:21:16 PM,05:21:54 PM,38,v2868296098,https://www.twitch.tv/videos/2868296098
2026-09-07 05:22:05 PM,05:22:43 PM,38,v2868296743,https://www.twitch.tv/videos/2868296743
2026-09-07 05:22:54 PM,05:23:29 PM,35,v2868297412,https://www.twitch.tv/videos/2868297412
2026-09-07 05:23:40 PM,05:24:14 PM,34,v2868297962,https://www.twitch.tv/videos/2868297962
2026-09-07 05:24:25 PM,05:24:57 PM,32,v2868298499,https://www.twitch.tv/videos/2868298499
2026-09-07 05:25:07 PM,05:25:39 PM,32,v2868299038,https://www.twitch.tv/videos/2868299038
2026-09-07 05:25:50 PM,05:26:22 PM,32,v2868299580,https://www.twitch.tv/videos/2868299580
2026-09-07 05:26:33 PM,05:27:06 PM,33,v2868300095,https://www.twitch.tv/videos/2868300095
2026-09-07 05:27:16 PM,05:27:49 PM,33,v2868300573,https://www.twitch.tv/videos/2868300573
2026-09-07 05:28:00 PM,05:28:35 PM,35,v2868301157,https://www.twitch.tv/videos/2868301157
2026-09-07 05:28:45 PM,05:29:20 PM,35,v2868301779,https://www.twitch.tv/videos/2868301779
2026-09-07 05:29:31 PM,05:30:06 PM,35,v2868302373,https://www.twitch.tv/videos/2868302373
2026-09-07 05:30:16 PM,05:30:51 PM,35,v2868303047,https://www.twitch.tv/videos/2868303047
2026-09-07 05:31:02 PM,05:31:37 PM,35,v2868303729,https://www.twitch.tv/videos/2868303729
2026-09-07 05:31:47 PM,05:32:16 PM,29,v2868304359,https://www.twitch.tv/videos/2868304359
2026-09-07 05:32:27 PM,05:32:57 PM,30,v2868304859,https://www.twitch.tv/videos/2868304859
2026-09-07 05:33:08 PM,05:33:38 PM,30,v2868305379,https://www.twitch.tv/videos/2868305379
2026-09-07 05:33:48 PM,05:34:17 PM,29,v2868305869,https://www.twitch.tv/videos/2868305869
2026-09-07 05:34:28 PM,05:34:57 PM,29,v2868306412,https://www.twitch.tv/videos/2868306412
2026-09-07 05:35:07 PM,05:35:37 PM,30,v2868306910,https://www.twitch.tv/videos/2868306910
2026-09-07 05:35:48 PM,05:36:18 PM,30,v2868307504,https://www.twitch.tv/videos/2868307504
2026-09-07 05:36:29 PM,05:36:59 PM,30,v2868308064,https://www.twitch.tv/videos/2868308064
2026-09-07 05:37:10 PM,05:37:45 PM,35,v2868308623,https://www.twitch.tv/videos/2868308623
2026-09-07 05:37:56 PM,05:38:31 PM,35,v2868309226,https://www.twitch.tv/videos/2868309226
2026-09-07 05:38:41 PM,05:39:14 PM,33,v2868309795,https://www.twitch.tv/videos/2868309795
2026-09-07 05:39:25 PM,05:39:58 PM,33,v2868310349,https://www.twitch.tv/videos/2868310349
2026-09-07 05:40:09 PM,05:40:40 PM,31,v2868310937,https://www.twitch.tv/videos/2868310937
2026-09-07 05:40:50 PM,05:41:21 PM,31,v2868311441,https://www.twitch.tv/videos/2868311441
2026-09-07 05:41:32 PM,05:42:03 PM,31,v2868311926,https://www.twitch.tv/videos/2868311926
2026-09-07 05:42:14 PM,05:42:47 PM,33,v2868312447,https://www.twitch.tv/videos/2868312447
2026-09-07 05:42:57 PM,05:43:30 PM,33,v2868312961,https://www.twitch.tv/videos/2868312961
2026-09-07 05:43:40 PM,05:44:14 PM,34,v2868313501,https://www.twitch.tv/videos/2868313501
2026-09-07 05:44:25 PM,05:45:01 PM,36,v2868314070,https://www.twitch.tv/videos/2868314070
2026-09-07 05:45:11 PM,05:45:47 PM,36,v2868314617,https://www.twitch.tv/videos/2868314617
2026-09-07 05:45:58 PM,05:46:32 PM,34,v2868315186,https://www.twitch.tv/videos/2868315186
2026-09-07 05:46:42 PM,05:47:16 PM,34,v2868315751,https://www.twitch.tv/videos/2868315751
2026-09-07 05:47:26 PM,05:47:58 PM,32,v2868316301,https://www.twitch.tv/videos/2868316301
2026-09-07 05:48:08 PM,05:48:40 PM,32,v2868316776,https://www.twitch.tv/videos/2868316776
2026-09-07 05:48:51 PM,05:49:21 PM,30,v2868317291,https://www.twitch.tv/videos/2868317291
2026-09-07 05:49:32 PM,05:50:03 PM,31,v2868317773,https://www.twitch.tv/videos/2868317773
2026-09-07 05:50:13 PM,05:50:44 PM,31,v2868318319,https://www.twitch.tv/videos/2868318319
2026-09-07 05:50:54 PM,05:51:26 PM,32,v2868318819,https://www.twitch.tv/videos/2868318819
2026-09-07 05:51:37 PM,05:52:09 PM,32,v2868319376,https://www.twitch.tv/videos/2868319376
2026-09-07 05:52:20 PM,05:52:52 PM,32,v2868319915,https://www.twitch.tv/videos/2868319915
2026-09-07 05:53:03 PM,05:53:33 PM,30,v2868320436,https://www.twitch.tv/videos/2868320436
2026-09-07 05:53:43 PM,05:54:13 PM,30,v2868320921,https://www.twitch.tv/videos/2868320921
2026-09-07 05:54:23 PM,05:54:53 PM,30,v2868321448,https://www.twitch.tv/videos/2868321448
2026-09-07 05:55:03 PM,05:55:33 PM,30,v2868321932,https://www.twitch.tv/videos/2868321932
2026-09-07 05:55:43 PM,05:56:15 PM,32,v2868322449,https://www.twitch.tv/videos/2868322449
2026-09-07 05:56:26 PM,05:56:59 PM,33,v2868323038,https://www.twitch.tv/videos/2868323038
2026-09-07 05:57:09 PM,05:57:41 PM,32,v2868323623,https://www.twitch.tv/videos/2868323623
2026-09-07 05:57:51 PM,05:58:23 PM,32,v2868324229,https://www.twitch.tv/videos/2868324229
2026-09-07 05:58:33 PM,05:59:03 PM,30,v2868324815,https://www.twitch.tv/videos/2868324815
2026-09-07 05:59:13 PM,05:59:41 PM,28,v2868325364,https://www.twitch.tv/videos/2868325364
2026-09-07 05:59:52 PM,06:00:20 PM,28,v2868325916,https://www.twitch.tv/videos/2868325916
2026-09-07 06:00:30 PM,06:00:58 PM,28,v2868326714,https://www.twitch.tv/videos/2868326714
2026-09-07 06:01:09 PM,06:01:40 PM,31,v2868327383,https://www.twitch.tv/videos/2868327383
2026-09-07 06:01:50 PM,06:02:20 PM,30,v2868328074,https://www.twitch.tv/videos/2868328074
2026-09-07 06:02:31 PM,06:02:58 PM,27,v2868328669,https://www.twitch.tv/videos/2868328669
2026-09-07 06:03:08 PM,06:03:35 PM,27,v2868329214,https://www.twitch.tv/videos/2868329214
2026-09-07 06:03:45 PM,06:04:11 PM,26,v2868329764,https://www.twitch.tv/videos/2868329764
2026-09-07 06:04:21 PM,06:04:47 PM,26,v2868330324,https://www.twitch.tv/videos/2868330324
2026-09-07 06:04:58 PM,06:05:24 PM,26,v2868330861,https://www.twitch.tv/videos/2868330861
2026-09-07 06:05:35 PM,06:06:03 PM,28,v2868331377,https://www.twitch.tv/videos/2868331377
2026-09-07 06:06:12 PM,06:06:38 PM,26,v2868331892,https://www.twitch.tv/videos/2868331892
2026-09-07 06:06:49 PM,06:07:15 PM,26,v2868332394,https://www.twitch.tv/videos/2868332394
2026-09-07 06:07:26 PM,06:07:52 PM,26,v2868332903,https://www.twitch.tv/videos/2868332903
2026-09-07 06:08:03 PM,06:08:34 PM,31,v2868333369,https://www.twitch.tv/videos/2868333369
2026-09-07 06:08:44 PM,06:09:13 PM,29,v2868333896,https://www.twitch.tv/videos/2868333896
2026-09-07 06:09:24 PM,06:09:53 PM,29,v2868334419,https://www.twitch.tv/videos/2868334419
2026-09-07 06:10:03 PM,06:10:34 PM,31,v2868334939,https://www.twitch.tv/videos/2868334939
2026-09-07 06:10:45 PM,06:11:12 PM,27,v2868335512,https://www.twitch.tv/videos/2868335512
2026-09-07 06:11:22 PM,06:11:51 PM,29,v2868336000,https://www.twitch.tv/videos/2868336000
2026-09-07 06:12:03 PM,06:12:33 PM,30,v2868336525,https://www.twitch.tv/videos/2868336525
2026-09-07 06:12:43 PM,06:13:12 PM,29,v2868337020,https://www.twitch.tv/videos/2868337020
2026-09-07 06:13:23 PM,06:13:47 PM,24,v2868337506,https://www.twitch.tv/videos/2868337506
2026-09-07 06:13:57 PM,06:14:20 PM,23,v2868337942,https://www.twitch.tv/videos/2868337942
2026-09-07 06:14:30 PM,06:14:49 PM,19,v2868338345,https://www.twitch.tv/videos/2868338345
2026-09-07 06:14:59 PM,06:15:18 PM,19,v2868338709,https://www.twitch.tv/videos/2868338709
2026-09-07 06:15:28 PM,06:15:47 PM,19,v2868339052,https://www.twitch.tv/videos/2868339052
2026-09-07 06:15:56 PM,06:16:15 PM,19,v2868339407,https://www.twitch.tv/videos/2868339407
2026-09-07 06:16:25 PM,06:16:45 PM,20,v2868339773,https://www.twitch.tv/videos/2868339773
2026-09-07 06:16:55 PM,06:17:15 PM,20,v2868340153,https://www.twitch.tv/videos/2868340153
2026-09-07 06:17:25 PM,06:17:44 PM,19,v2868340522,https://www.twitch.tv/videos/2868340522
2026-09-07 06:17:55 PM,06:18:14 PM,19,v2868340918,https://www.twitch.tv/videos/2868340918
2026-09-07 06:18:25 PM,06:18:45 PM,20,v2868341252,https://www.twitch.tv/videos/2868341252
2026-09-07 06:18:55 PM,06:19:15 PM,20,v2868341653,https://www.twitch.tv/videos/2868341653
2026-09-07 06:19:26 PM,06:19:48 PM,22,v2868342024,https://www.twitch.tv/videos/2868342024
2026-09-07 06:19:59 PM,06:20:20 PM,21,v2868342424,https://www.twitch.tv/videos/2868342424
2026-09-07 06:20:31 PM,06:20:52 PM,21,v2868342812,https://www.twitch.tv/videos/2868342812
2026-09-07 06:21:03 PM,06:21:24 PM,21,v2868343220,https://www.twitch.tv/videos/2868343220
2026-09-07 06:21:34 PM,06:21:58 PM,24,v2868343620,https://www.twitch.tv/videos/2868343620
2026-09-07 06:22:08 PM,06:22:32 PM,24,v2868343989,https://www.twitch.tv/videos/2868343989
2026-09-07 06:22:42 PM,06:23:08 PM,26,v2868344328,https://www.twitch.tv/videos/2868344328
2026-09-07 06:23:18 PM,06:23:44 PM,26,v2868344765,https://www.twitch.tv/videos/2868344765
2026-09-07 06:23:55 PM,06:24:19 PM,24,v2868345187,https://www.twitch.tv/videos/2868345187
2026-09-07 06:24:29 PM,06:24:53 PM,24,v2868345607,https://www.twitch.tv/videos/2868345607
2026-09-07 06:25:04 PM,06:25:28 PM,24,v2868346061,https://www.twitch.tv/videos/2868346061
2026-09-07 06:25:39 PM,06:26:02 PM,23,v2868346516,https://www.twitch.tv/videos/2868346516
2026-09-07 06:26:12 PM,06:26:35 PM,23,v2868346917,https://www.twitch.tv/videos/2868346917
2026-09-07 06:26:44 PM,06:27:07 PM,23,v2868347312,https://www.twitch.tv/videos/2868347312
2026-09-07 06:27:17 PM,06:27:40 PM,23,v2868347680,https://www.twitch.tv/videos/2868347680
2026-09-07 06:27:50 PM,06:28:15 PM,25,v2868348069,https://www.twitch.tv/videos/2868348069
2026-09-07 06:28:26 PM,06:28:51 PM,25,v2868348534,https://www.twitch.tv/videos/2868348534
2026-09-07 06:29:02 PM,06:29:27 PM,25,v2868348911,https://www.twitch.tv/videos/2868348911
2026-09-07 06:29:37 PM,06:30:05 PM,28,v2868349338,https://www.twitch.tv/videos/2868349338
2026-09-07 06:30:16 PM,06:30:41 PM,25,v2868349861,https://www.twitch.tv/videos/2868349861
2026-09-07 06:30:51 PM,06:31:18 PM,27,v2868350357,https://www.twitch.tv/videos/2868350357
2026-09-07 06:31:28 PM,06:31:55 PM,27,v2868350879,https://www.twitch.tv/videos/2868350879
2026-09-07 06:32:06 PM,06:32:33 PM,27,v2868351388,https://www.twitch.tv/videos/2868351388
2026-09-07 06:32:44 PM,06:33:13 PM,29,v2868351895,https://www.twitch.tv/videos/2868351895
2026-09-07 06:33:23 PM,06:33:52 PM,29,v2868352363,https://www.twitch.tv/videos/2868352363
2026-09-07 06:34:03 PM,06:34:32 PM,29,v2868352803,https://www.twitch.tv/videos/2868352803
2026-09-07 06:34:43 PM,06:35:11 PM,28,v2868353272,https://www.twitch.tv/videos/2868353272
2026-09-07 06:35:21 PM,06:35:44 PM,23,v2868353717,https://www.twitch.tv/videos/2868353717
2026-09-07 06:35:54 PM,06:36:14 PM,20,v2868354135,https://www.twitch.tv/videos/2868354135
2026-09-07 06:36:25 PM,06:36:45 PM,20,v2868354495,https://www.twitch.tv/videos/2868354495
2026-09-07 06:36:55 PM,06:37:14 PM,19,v2868354858,https://www.twitch.tv/videos/2868354858
2026-09-07 06:37:24 PM,06:37:43 PM,19,v2868355192,https://www.twitch.tv/videos/2868355192
2026-09-07 06:37:54 PM,06:38:12 PM,18,v2868355536,https://www.twitch.tv/videos/2868355536
2026-09-07 06:38:22 PM,06:38:40 PM,18,v2868355877,https://www.twitch.tv/videos/2868355877
2026-09-07 06:38:51 PM,06:39:09 PM,18,v2868356199,https://www.twitch.tv/videos/2868356199
2026-09-07 06:39:19 PM,06:39:38 PM,19,v2868356520,https://www.twitch.tv/videos/2868356520
2026-09-07 06:39:48 PM,06:40:07 PM,19,v2868356869,https://www.twitch.tv/videos/2868356869
2026-09-07 06:40:18 PM,06:40:41 PM,23,v2868357204,https://www.twitch.tv/videos/2868357204
2026-09-07 06:40:51 PM,06:41:14 PM,23,v2868357617,https://www.twitch.tv/videos/2868357617
2026-09-07 06:41:24 PM,06:41:47 PM,23,v2868358012,https://www.twitch.tv/videos/2868358012
2026-09-07 06:41:58 PM,06:42:24 PM,26,v2868358419,https://www.twitch.tv/videos/2868358419
2026-09-07 06:42:34 PM,06:43:01 PM,27,v2868358854,https://www.twitch.tv/videos/2868358854
2026-09-07 06:43:12 PM,06:43:41 PM,29,v2868359257,https://www.twitch.tv/videos/2868359257
2026-09-07 06:43:51 PM,06:44:20 PM,29,v2868359697,https://www.twitch.tv/videos/2868359697
2026-09-07 06:44:31 PM,06:44:59 PM,28,v2868360089,https://www.twitch.tv/videos/2868360089
2026-09-07 06:45:09 PM,06:45:37 PM,28,v2868360530,https://www.twitch.tv/videos/2868360530
2026-09-07 06:45:48 PM,06:46:16 PM,28,v2868361005,https://www.twitch.tv/videos/2868361005
2026-09-07 06:46:26 PM,06:46:51 PM,25,v2868361472,https://www.twitch.tv/videos/2868361472
2026-09-07 06:47:02 PM,06:47:27 PM,25,v2868361879,https://www.twitch.tv/videos/2868361879
2026-09-07 06:47:37 PM,06:48:00 PM,23,v2868362279,https://www.twitch.tv/videos/2868362279
2026-09-07 06:48:10 PM,06:48:30 PM,20,v2868362613,https://www.twitch.tv/videos/2868362613
2026-09-07 06:48:40 PM,06:48:59 PM,19,v2868362902,https://www.twitch.tv/videos/2868362902
2026-09-07 06:49:09 PM,06:49:26 PM,17,v2868363198,https://www.twitch.tv/videos/2868363198
2026-09-07 06:49:37 PM,06:49:54 PM,17,v2868363508,https://www.twitch.tv/videos/2868363508
2026-09-07 06:50:04 PM,06:50:25 PM,21,v2868363827,https://www.twitch.tv/videos/2868363827
2026-09-07 06:50:35 PM,06:50:56 PM,21,v2868364154,https://www.twitch.tv/videos/2868364154
2026-09-07 06:51:07 PM,06:51:30 PM,23,v2868364525,https://www.twitch.tv/videos/2868364525
2026-09-07 06:51:39 PM,06:52:02 PM,23,v2868364908,https://www.twitch.tv/videos/2868364908
2026-09-07 06:52:12 PM,06:52:34 PM,22,v2868365268,https://www.twitch.tv/videos/2868365268
2026-09-07 06:52:44 PM,06:53:06 PM,22,v2868365624,https://www.twitch.tv/videos/2868365624
2026-09-07 06:53:16 PM,06:53:38 PM,22,v2868365992,https://www.twitch.tv/videos/2868365992
2026-09-07 06:53:48 PM,06:54:08 PM,20,v2868366360,https://www.twitch.tv/videos/2868366360
2026-09-07 06:54:18 PM,06:54:38 PM,20,v2868366697,https://www.twitch.tv/videos/2868366697
2026-09-07 06:54:49 PM,06:55:09 PM,20,v2868367038,https://www.twitch.tv/videos/2868367038
2026-09-07 06:55:19 PM,06:55:39 PM,20,v2868367421,https://www.twitch.tv/videos/2868367421
2026-09-07 06:55:50 PM,06:56:13 PM,23,v2868367791,https://www.twitch.tv/videos/2868367791
2026-09-07 06:56:23 PM,06:56:46 PM,23,v2868368196,https://www.twitch.tv/videos/2868368196
2026-09-07 06:56:56 PM,06:57:21 PM,25,v2868368565,https://www.twitch.tv/videos/2868368565
2026-09-07 06:57:31 PM,06:57:57 PM,26,v2868368970,https://www.twitch.tv/videos/2868368970
2026-09-07 06:58:07 PM,06:58:33 PM,26,v2868369404,https://www.twitch.tv/videos/2868369404
2026-09-07 06:58:43 PM,06:59:05 PM,22,v2868369822,https://www.twitch.tv/videos/2868369822
2026-09-07 06:59:15 PM,06:59:37 PM,22,v2868370222,https://www.twitch.tv/videos/2868370222
2026-09-07 06:59:47 PM,07:00:08 PM,21,v2868370670,https://www.twitch.tv/videos/2868370670
2026-09-07 07:00:17 PM,07:00:38 PM,21,v2868371209,https://www.twitch.tv/videos/2868371209
2026-09-07 07:00:48 PM,07:01:12 PM,24,v2868371696,https://www.twitch.tv/videos/2868371696
2026-09-07 07:01:22 PM,07:01:44 PM,22,v2868372190,https://www.twitch.tv/videos/2868372190
2026-09-07 07:01:54 PM,07:02:16 PM,22,v2868372623,https://www.twitch.tv/videos/2868372623
2026-09-07 07:02:26 PM,07:02:46 PM,20,v2868373050,https://www.twitch.tv/videos/2868373050
2026-09-07 07:02:57 PM,07:03:15 PM,18,v2868373434,https://www.twitch.tv/videos/2868373434
2026-09-07 07:03:25 PM,07:03:44 PM,19,v2868373825,https://www.twitch.tv/videos/2868373825
2026-09-07 07:03:55 PM,07:04:14 PM,19,v2868374174,https://www.twitch.tv/videos/2868374174
2026-09-07 07:04:24 PM,07:04:44 PM,20,v2868374552,https://www.twitch.tv/videos/2868374552
2026-09-07 07:04:54 PM,07:05:14 PM,20,v2868374882,https://www.twitch.tv/videos/2868374882
2026-09-07 07:05:24 PM,07:05:44 PM,20,v2868375253,https://www.twitch.tv/videos/2868375253
2026-09-07 07:05:54 PM,07:06:14 PM,20,v2868375599,https://www.twitch.tv/videos/2868375599
2026-09-07 07:06:25 PM,07:06:45 PM,20,v2868376011,https://www.twitch.tv/videos/2868376011
2026-09-07 07:06:56 PM,07:07:17 PM,21,v2868376364,https://www.twitch.tv/videos/2868376364
2026-09-07 07:07:27 PM,07:07:48 PM,21,v2868376705,https://www.twitch.tv/videos/2868376705
2026-09-07 07:07:58 PM,07:08:22 PM,24,v2868377101,https://www.twitch.tv/videos/2868377101
2026-09-07 07:08:33 PM,07:08:58 PM,25,v2868377533,https://www.twitch.tv/videos/2868377533
2026-09-07 07:09:09 PM,07:09:33 PM,24,v2868377948,https://www.twitch.tv/videos/2868377948
2026-09-07 07:09:43 PM,07:10:07 PM,24,v2868378312,https://www.twitch.tv/videos/2868378312
2026-09-07 07:10:18 PM,07:10:44 PM,26,v2868378701,https://www.twitch.tv/videos/2868378701
2026-09-07 07:10:55 PM,07:11:20 PM,25,v2868379136,https://www.twitch.tv/videos/2868379136
2026-09-07 07:11:31 PM,07:11:54 PM,23,v2868379554,https://www.twitch.tv/videos/2868379554
2026-09-07 07:12:05 PM,07:12:30 PM,25,v2868379940,https://www.twitch.tv/videos/2868379940
2026-09-07 07:12:40 PM,07:13:04 PM,24,v2868380366,https://www.twitch.tv/videos/2868380366
2026-09-07 07:13:14 PM,07:13:38 PM,24,v2868380740,https://www.twitch.tv/videos/2868380740
2026-09-07 07:13:49 PM,07:14:12 PM,23,v2868381097,https://www.twitch.tv/videos/2868381097
2026-09-07 07:14:23 PM,07:14:46 PM,23,v2868381483,https://www.twitch.tv/videos/2868381483
2026-09-07 07:14:57 PM,07:15:22 PM,25,v2868381890,https://www.twitch.tv/videos/2868381890
2026-09-07 07:15:32 PM,07:15:57 PM,25,v2868382246,https://www.twitch.tv/videos/2868382246
2026-09-07 07:16:07 PM,07:16:32 PM,25,v2868382638,https://www.twitch.tv/videos/2868382638
2026-09-07 07:16:42 PM,07:17:10 PM,28,v2868383012,https://www.twitch.tv/videos/2868383012
2026-09-07 07:17:20 PM,07:17:48 PM,28,v2868383449,https://www.twitch.tv/videos/2868383449
2026-09-07 07:17:58 PM,07:18:28 PM,30,v2868383843,https://www.twitch.tv/videos/2868383843
2026-09-07 07:18:38 PM,07:19:06 PM,28,v2868384277,https://www.twitch.tv/videos/2868384277
2026-09-07 07:19:17 PM,07:19:45 PM,28,v2868384683,https://www.twitch.tv/videos/2868384683
2026-09-07 07:19:55 PM,07:20:23 PM,28,v2868385096,https://www.twitch.tv/videos/2868385096
2026-09-07 07:20:33 PM,07:21:00 PM,27,v2868385514,https://www.twitch.tv/videos/2868385514
2026-09-07 07:21:11 PM,07:21:38 PM,27,v2868385902,https://www.twitch.tv/videos/2868385902
2026-09-07 07:21:48 PM,07:22:20 PM,32,v2868386314,https://www.twitch.tv/videos/2868386314
2026-09-07 07:22:31 PM,07:23:03 PM,32,v2868386785,https://www.twitch.tv/videos/2868386785
2026-09-07 07:23:13 PM,07:23:46 PM,33,v2868387265,https://www.twitch.tv/videos/2868387265
2026-09-07 07:23:57 PM,07:24:30 PM,33,v2868387738,https://www.twitch.tv/videos/2868387738
2026-09-07 07:24:40 PM,07:25:11 PM,31,v2868388196,https://www.twitch.tv/videos/2868388196
2026-09-07 07:25:22 PM,07:25:53 PM,31,v2868388667,https://www.twitch.tv/videos/2868388667
2026-09-07 07:26:03 PM,07:26:34 PM,31,v2868389096,https://www.twitch.tv/videos/2868389096
2026-09-07 07:26:45 PM,07:27:16 PM,31,v2868389496,https://www.twitch.tv/videos/2868389496
2026-09-07 07:27:27 PM,07:27:58 PM,31,v2868389951,https://www.twitch.tv/videos/2868389951
2026-09-07 07:28:08 PM,07:28:40 PM,32,v2868390444,https://www.twitch.tv/videos/2868390444
2026-09-07 07:28:51 PM,07:29:23 PM,32,v2868390946,https://www.twitch.tv/videos/2868390946
2026-09-07 07:29:34 PM,07:30:09 PM,35,v2868391416,https://www.twitch.tv/videos/2868391416
2026-09-07 07:30:20 PM,07:30:55 PM,35,v2868391943,https://www.twitch.tv/videos/2868391943
2026-09-07 07:31:06 PM,07:31:43 PM,37,v2868392475,https://www.twitch.tv/videos/2868392475
2026-09-07 07:31:54 PM,07:32:31 PM,37,v2868393030,https://www.twitch.tv/videos/2868393030
2026-09-07 07:32:42 PM,07:33:14 PM,32,v2868393520,https://www.twitch.tv/videos/2868393520
2026-09-07 07:33:24 PM,07:33:54 PM,30,v2868393964,https://www.twitch.tv/videos/2868393964
2026-09-07 07:34:04 PM,07:34:34 PM,30,v2868394401,https://www.twitch.tv/videos/2868394401
2026-09-07 07:34:44 PM,07:35:11 PM,27,v2868394822,https://www.twitch.tv/videos/2868394822
2026-09-07 07:35:22 PM,07:35:46 PM,24,v2868395226,https://www.twitch.tv/videos/2868395226
2026-09-07 07:35:56 PM,07:36:19 PM,23,v2868395621,https://www.twitch.tv/videos/2868395621
2026-09-07 07:36:30 PM,07:36:53 PM,23,v2868395987,https://www.twitch.tv/videos/2868395987
2026-09-07 07:37:03 PM,07:37:27 PM,24,v2868396318,https://www.twitch.tv/videos/2868396318
2026-09-07 07:37:37 PM,07:37:59 PM,22,v2868396680,https://www.twitch.tv/videos/2868396680
2026-09-07 07:38:09 PM,07:38:32 PM,23,v2868397041,https://www.twitch.tv/videos/2868397041
2026-09-07 07:38:43 PM,07:39:04 PM,21,v2868397352,https://www.twitch.tv/videos/2868397352
2026-09-07 07:39:14 PM,07:39:35 PM,21,v2868397689,https://www.twitch.tv/videos/2868397689
2026-09-07 07:39:46 PM,07:40:10 PM,24,v2868397997,https://www.twitch.tv/videos/2868397997
2026-09-07 07:40:20 PM,07:40:45 PM,25,v2868398349,https://www.twitch.tv/videos/2868398349
2026-09-07 07:40:55 PM,07:41:20 PM,25,v2868398674,https://www.twitch.tv/videos/2868398674
2026-09-07 07:41:30 PM,07:41:54 PM,24,v2868399052,https://www.twitch.tv/videos/2868399052
2026-09-07 07:42:04 PM,07:42:27 PM,23,v2868399439,https://www.twitch.tv/videos/2868399439
2026-09-07 07:42:37 PM,07:43:00 PM,23,v2868399838,https://www.twitch.tv/videos/2868399838
2026-09-07 07:43:11 PM,07:43:33 PM,22,v2868400226,https://www.twitch.tv/videos/2868400226
2026-09-07 07:43:42 PM,07:44:04 PM,22,v2868400542,https://www.twitch.tv/videos/2868400542
2026-09-07 07:44:14 PM,07:44:34 PM,20,v2868400860,https://www.twitch.tv/videos/2868400860
2026-09-07 07:44:45 PM,07:45:05 PM,20,v2868401143,https://www.twitch.tv/videos/2868401143
2026-09-07 07:45:15 PM,07:45:35 PM,20,v2868401458,https://www.twitch.tv/videos/2868401458
2026-09-07 07:45:45 PM,07:46:07 PM,22,v2868401758,https://www.twitch.tv/videos/2868401758
2026-09-07 07:46:17 PM,07:46:39 PM,22,v2868402073,https://www.twitch.tv/videos/2868402073
2026-09-07 07:46:49 PM,07:47:07 PM,18,v2868402367,https://www.twitch.tv/videos/2868402367
2026-09-07 07:47:17 PM,07:47:35 PM,18,v2868402644,https://www.twitch.tv/videos/2868402644
2026-09-07 07:47:45 PM,07:48:03 PM,18,v2868402898,https://www.twitch.tv/videos/2868402898
2026-09-07 07:48:13 PM,07:48:33 PM,20,v2868403145,https://www.twitch.tv/videos/2868403145
2026-09-07 07:48:43 PM,07:49:03 PM,20,v2868403403,https://www.twitch.tv/videos/2868403403
2026-09-07 07:49:13 PM,07:49:33 PM,20,v2868403720,https://www.twitch.tv/videos/2868403720
2026-09-07 07:49:44 PM,07:50:04 PM,20,v2868404037,https://www.twitch.tv/videos/2868404037
2026-09-07 07:50:14 PM,07:50:34 PM,20,v2868404347,https://www.twitch.tv/videos/2868404347
2026-09-07 07:50:45 PM,07:51:13 PM,28,v2868404665,https://www.twitch.tv/videos/2868404665
2026-09-07 07:51:23 PM,07:51:51 PM,28,v2868405064,https://www.twitch.tv/videos/2868405064
2026-09-07 07:52:01 PM,07:52:34 PM,33,v2868405429,https://www.twitch.tv/videos/2868405429
2026-09-07 07:52:45 PM,07:53:17 PM,32,v2868405880,https://www.twitch.tv/videos/2868405880
2026-09-07 07:53:28 PM,07:54:00 PM,32,v2868406282,https://www.twitch.tv/videos/2868406282
2026-09-07 07:54:11 PM,07:54:43 PM,32,v2868406687,https://www.twitch.tv/videos/2868406687
2026-09-07 07:54:53 PM,07:55:29 PM,36,v2868407105,https://www.twitch.tv/videos/2868407105
2026-09-07 07:55:40 PM,07:56:18 PM,38,v2868407610,https://www.twitch.tv/videos/2868407610
2026-09-07 07:56:29 PM,07:57:07 PM,38,v2868408122,https://www.twitch.tv/videos/2868408122
2026-09-07 07:57:17 PM,07:57:56 PM,39,v2868408651,https://www.twitch.tv/videos/2868408651
2026-09-07 07:58:07 PM,07:58:41 PM,34,v2868409124,https://www.twitch.tv/videos/2868409124
2026-09-07 07:58:52 PM,07:59:23 PM,31,v2868409559,https://www.twitch.tv/videos/2868409559
2026-09-07 07:59:33 PM,08:00:05 PM,32,v2868410049,https://www.twitch.tv/videos/2868410049
2026-09-07 08:00:16 PM,08:00:49 PM,33,v2868410576,https://www.twitch.tv/videos/2868410576
2026-09-07 08:00:59 PM,08:01:32 PM,33,v2868411141,https://www.twitch.tv/videos/2868411141
2026-09-07 08:01:42 PM,08:02:15 PM,33,v2868411661,https://www.twitch.tv/videos/2868411661
2026-09-07 08:02:26 PM,08:02:59 PM,33,v2868412162,https://www.twitch.tv/videos/2868412162
2026-09-07 08:03:10 PM,08:03:45 PM,35,v2868412627,https://www.twitch.tv/videos/2868412627
2026-09-07 08:03:56 PM,08:04:29 PM,33,v2868413164,https://www.twitch.tv/videos/2868413164
2026-09-07 08:04:39 PM,08:05:08 PM,29,v2868413585,https://www.twitch.tv/videos/2868413585
2026-09-07 08:05:18 PM,08:05:48 PM,30,v2868413952,https://www.twitch.tv/videos/2868413952
2026-09-07 08:05:58 PM,08:06:29 PM,31,v2868414356,https://www.twitch.tv/videos/2868414356
2026-09-07 08:06:39 PM,08:07:09 PM,30,v2868414784,https://www.twitch.tv/videos/2868414784
2026-09-07 08:07:20 PM,08:07:53 PM,33,v2868415182,https://www.twitch.tv/videos/2868415182
2026-09-07 08:08:03 PM,08:08:38 PM,35,v2868415611,https://www.twitch.tv/videos/2868415611
2026-09-07 08:08:49 PM,08:09:22 PM,33,v2868416042,https://www.twitch.tv/videos/2868416042
2026-09-07 08:09:32 PM,08:10:01 PM,29,v2868416471,https://www.twitch.tv/videos/2868416471
2026-09-07 08:10:11 PM,08:10:40 PM,29,v2868416853,https://www.twitch.tv/videos/2868416853
2026-09-07 08:10:50 PM,08:11:19 PM,29,v2868417260,https://www.twitch.tv/videos/2868417260
2026-09-07 08:11:30 PM,08:12:13 PM,43,v2868417633,https://www.twitch.tv/videos/2868417633
2026-09-07 08:12:24 PM,08:13:08 PM,44,v2868418154,https://www.twitch.tv/videos/2868418154
2026-09-07 08:13:19 PM,08:14:05 PM,46,v2868418699,https://www.twitch.tv/videos/2868418699
2026-09-07 08:14:16 PM,08:15:06 PM,50,v2868419255,https://www.twitch.tv/videos/2868419255
2026-09-07 08:15:17 PM,08:16:07 PM,50,v2868419757,https://www.twitch.tv/videos/2868419757
2026-09-07 08:16:18 PM,08:17:18 PM,60,v2868420328,https://www.twitch.tv/videos/2868420328
2026-09-07 08:17:29 PM,08:18:38 PM,69,v2868420998,https://www.twitch.tv/videos/2868420998
2026-09-07 09:08:39 PM,09:08:51 PM,12,v2868446990,https://www.twitch.tv/videos/2868446990
2026-09-07 09:09:01 PM,09:09:13 PM,12,v2868447137,https://www.twitch.tv/videos/2868447137
2026-09-07 09:09:23 PM,09:09:35 PM,12,v2868447304,https://www.twitch.tv/videos/2868447304
2026-09-07 09:09:45 PM,09:10:02 PM,17,v2868447512,https://www.twitch.tv/videos/2868447512
2026-09-07 09:10:12 PM,09:10:29 PM,17,v2868447718,https://www.twitch.tv/videos/2868447718
2026-09-07 09:10:39 PM,09:10:56 PM,17,v2868447922,https://www.twitch.tv/videos/2868447922
2026-09-07 09:11:06 PM,09:11:23 PM,17,v2868448111,https://www.twitch.tv/videos/2868448111
2026-09-07 09:11:33 PM,09:11:50 PM,17,v2868448313,https://www.twitch.tv/videos/2868448313
2026-09-07 09:12:00 PM,09:12:26 PM,26,v2868448512,https://www.twitch.tv/videos/2868448512
2026-09-07 09:12:36 PM,09:13:02 PM,26,v2868448829,https://www.twitch.tv/videos/2868448829
2026-09-07 09:13:13 PM,09:13:39 PM,26,v2868449143,https://www.twitch.tv/videos/2868449143
2026-09-07 09:13:49 PM,09:14:15 PM,26,v2868449419,https://www.twitch.tv/videos/2868449419
2026-09-07 09:14:26 PM,09:14:58 PM,32,v2868449693,https://www.twitch.tv/videos/2868449693
2026-09-07 09:15:08 PM,09:15:40 PM,32,v2868450035,https://www.twitch.tv/videos/2868450035
2026-09-07 09:15:51 PM,09:16:28 PM,37,v2868450351,https://www.twitch.tv/videos/2868450351
2026-09-07 09:16:39 PM,09:17:19 PM,40,v2868450721,https://www.twitch.tv/videos/2868450721
2026-09-07 09:17:30 PM,09:18:10 PM,40,v2868451060,https://www.twitch.tv/videos/2868451060
2026-09-07 09:18:21 PM,09:19:01 PM,40,v2868451404,https://www.twitch.tv/videos/2868451404
2026-09-07 09:19:12 PM,09:19:59 PM,47,v2868451794,https://www.twitch.tv/videos/2868451794
2026-09-07 09:20:09 PM,09:20:54 PM,45,v2868452267,https://www.twitch.tv/videos/2868452267
2026-09-07 09:21:06 PM,09:21:55 PM,49,v2868452765,https://www.twitch.tv/videos/2868452765
2026-09-07 09:22:06 PM,09:22:55 PM,49,v2868453225,https://www.twitch.tv/videos/2868453225
2026-09-07 09:23:06 PM,09:23:55 PM,49,v2868453637,https://www.twitch.tv/videos/2868453637
2026-09-07 09:24:06 PM,09:24:55 PM,49,v2868454057,https://www.twitch.tv/videos/2868454057
2026-09-07 09:25:06 PM,09:25:55 PM,49,v2868454441,https://www.twitch.tv/videos/2868454441
2026-09-07 09:26:07 PM,09:26:55 PM,48,v2868454861,https://www.twitch.tv/videos/2868454861
2026-09-07 09:27:05 PM,09:27:49 PM,44,v2868455296,https://www.twitch.tv/videos/2868455296
2026-09-07 09:28:01 PM,09:28:45 PM,44,v2868455728,https://www.twitch.tv/videos/2868455728
2026-09-07 09:28:56 PM,09:29:40 PM,44,v2868456140,https://www.twitch.tv/videos/2868456140
2026-09-07 09:29:51 PM,09:30:35 PM,44,v2868456514,https://www.twitch.tv/videos/2868456514
2026-09-07 09:30:46 PM,09:31:30 PM,44,v2868456937,https://www.twitch.tv/videos/2868456937
2026-09-07 09:31:41 PM,09:32:22 PM,41,v2868457337,https://www.twitch.tv/videos/2868457337
2026-09-07 09:32:33 PM,09:33:13 PM,40,v2868457690,https://www.twitch.tv/videos/2868457690
2026-09-07 09:33:24 PM,09:34:04 PM,40,v2868458089,https://www.twitch.tv/videos/2868458089
2026-09-07 09:34:15 PM,09:34:55 PM,40,v2868458471,https://www.twitch.tv/videos/2868458471
2026-09-07 09:35:05 PM,09:35:43 PM,38,v2868458871,https://www.twitch.tv/videos/2868458871
2026-09-07 09:35:54 PM,09:36:32 PM,38,v2868459190,https://www.twitch.tv/videos/2868459190
2026-09-07 09:36:43 PM,09:37:20 PM,37,v2868459525,https://www.twitch.tv/videos/2868459525
2026-09-07 09:37:30 PM,09:38:07 PM,37,v2868459878,https://www.twitch.tv/videos/2868459878
2026-09-07 09:38:18 PM,09:38:55 PM,37,v2868460199,https://www.twitch.tv/videos/2868460199
2026-09-07 09:39:06 PM,09:39:41 PM,35,v2868460533,https://www.twitch.tv/videos/2868460533
2026-09-07 09:39:52 PM,09:40:27 PM,35,v2868460851,https://www.twitch.tv/videos/2868460851
2026-09-07 09:40:38 PM,09:41:13 PM,35,v2868461195,https://www.twitch.tv/videos/2868461195
2026-09-07 09:41:24 PM,09:41:52 PM,28,v2868461553,https://www.twitch.tv/videos/2868461553
2026-09-07 09:42:02 PM,09:42:30 PM,28,v2868461876,https://www.twitch.tv/videos/2868461876
2026-09-07 09:42:41 PM,09:43:09 PM,28,v2868462150,https://www.twitch.tv/videos/2868462150
2026-09-07 09:43:20 PM,09:43:46 PM,26,v2868462399,https://www.twitch.tv/videos/2868462399
2026-09-07 09:43:56 PM,09:44:22 PM,26,v2868462629,https://www.twitch.tv/videos/2868462629
2026-09-07 09:44:32 PM,09:44:58 PM,26,v2868462888,https://www.twitch.tv/videos/2868462888
2026-09-07 09:45:09 PM,09:45:35 PM,26,v2868463136,https://www.twitch.tv/videos/2868463136
2026-09-07 09:45:45 PM,09:46:10 PM,25,v2868463365,https://www.twitch.tv/videos/2868463365
2026-09-07 09:46:20 PM,09:46:45 PM,25,v2868463600,https://www.twitch.tv/videos/2868463600
2026-09-07 09:46:55 PM,09:47:20 PM,25,v2868463854,https://www.twitch.tv/videos/2868463854
2026-09-07 09:47:30 PM,09:47:55 PM,25,v2868464098,https://www.twitch.tv/videos/2868464098
2026-09-07 09:48:05 PM,09:48:27 PM,22,v2868464333,https://www.twitch.tv/videos/2868464333
2026-09-07 09:48:37 PM,09:48:58 PM,21,v2868464568,https://www.twitch.tv/videos/2868464568
2026-09-07 09:49:07 PM,09:49:28 PM,21,v2868464788,https://www.twitch.tv/videos/2868464788
2026-09-07 09:49:38 PM,09:49:59 PM,21,v2868464979,https://www.twitch.tv/videos/2868464979
2026-09-07 09:50:08 PM,09:50:27 PM,19,v2868465170,https://www.twitch.tv/videos/2868465170
2026-09-07 09:50:37 PM,09:50:56 PM,19,v2868465390,https://www.twitch.tv/videos/2868465390
2026-09-07 09:51:07 PM,09:51:22 PM,15,v2868465579,https://www.twitch.tv/videos/2868465579
2026-09-07 09:51:32 PM,09:51:47 PM,15,v2868465739,https://www.twitch.tv/videos/2868465739
2026-09-07 09:51:57 PM,09:52:12 PM,15,v2868465922,https://www.twitch.tv/videos/2868465922
2026-09-07 09:52:23 PM,09:52:38 PM,15,v2868466064,https://www.twitch.tv/videos/2868466064
2026-09-07 09:52:48 PM,09:53:03 PM,15,v2868466207,https://www.twitch.tv/videos/2868466207
2026-09-07 09:53:13 PM,09:53:28 PM,15,v2868466373,https://www.twitch.tv/videos/2868466373
2026-09-07 09:53:38 PM,09:53:53 PM,15,v2868466513,https://www.twitch.tv/videos/2868466513
2026-09-07 09:54:04 PM,09:54:19 PM,15,v2868466693,https://www.twitch.tv/videos/2868466693
2026-09-07 09:54:29 PM,09:54:44 PM,15,v2868466863,https://www.twitch.tv/videos/2868466863
2026-09-07 09:54:55 PM,09:55:10 PM,15,v2868467029,https://www.twitch.tv/videos/2868467029
2026-09-07 09:55:20 PM,09:55:35 PM,15,v2868467203,https://www.twitch.tv/videos/2868467203
2026-09-07 09:55:46 PM,09:56:03 PM,17,v2868467388,https://www.twitch.tv/videos/2868467388
2026-09-07 09:56:13 PM,09:56:30 PM,17,v2868467591,https://www.twitch.tv/videos/2868467591
2026-09-07 09:56:40 PM,09:56:57 PM,17,v2868467770,https://www.twitch.tv/videos/2868467770
2026-09-07 09:57:07 PM,09:57:24 PM,17,v2868467938,https://www.twitch.tv/videos/2868467938
2026-09-07 09:57:34 PM,09:57:51 PM,17,v2868468106,https://www.twitch.tv/videos/2868468106
2026-09-07 09:58:00 PM,09:58:19 PM,19,v2868468290,https://www.twitch.tv/videos/2868468290
2026-09-07 09:58:30 PM,09:58:49 PM,19,v2868468517,https://www.twitch.tv/videos/2868468517
2026-09-07 09:58:59 PM,09:59:18 PM,19,v2868468709,https://www.twitch.tv/videos/2868468709
2026-09-07 09:59:28 PM,09:59:51 PM,23,v2868468909,https://www.twitch.tv/videos/2868468909
2026-09-07 10:00:01 PM,10:00:24 PM,23,v2868469138,https://www.twitch.tv/videos/2868469138
2026-09-07 10:00:34 PM,10:00:57 PM,23,v2868469401,https://www.twitch.tv/videos/2868469401
2026-09-07 10:01:07 PM,10:01:30 PM,23,v2868469653,https://www.twitch.tv/videos/2868469653
2026-09-07 10:01:40 PM,10:02:03 PM,23,v2868469912,https://www.twitch.tv/videos/2868469912
2026-09-07 10:02:13 PM,10:02:39 PM,26,v2868470149,https://www.twitch.tv/videos/2868470149
2026-09-07 10:02:49 PM,10:03:15 PM,26,v2868470415,https://www.twitch.tv/videos/2868470415
2026-09-07 10:03:25 PM,10:03:51 PM,26,v2868470664,https://www.twitch.tv/videos/2868470664
2026-09-07 10:04:01 PM,10:04:30 PM,29,v2868470893,https://www.twitch.tv/videos/2868470893
2026-09-07 10:04:40 PM,10:05:09 PM,29,v2868471152,https://www.twitch.tv/videos/2868471152
2026-09-07 10:05:20 PM,10:05:49 PM,29,v2868471432,https://www.twitch.tv/videos/2868471432
2026-09-07 10:05:58 PM,10:06:27 PM,29,v2868471711,https://www.twitch.tv/videos/2868471711
2026-09-07 10:06:38 PM,10:07:10 PM,32,v2868471961,https://www.twitch.tv/videos/2868471961
2026-09-07 10:07:20 PM,10:07:52 PM,32,v2868472220,https://www.twitch.tv/videos/2868472220
2026-09-07 10:08:03 PM,10:08:35 PM,32,v2868472493,https://www.twitch.tv/videos/2868472493
2026-09-07 10:08:45 PM,10:09:16 PM,31,v2868472745,https://www.twitch.tv/videos/2868472745
2026-09-07 10:09:26 PM,10:09:57 PM,31,v2868473027,https://www.twitch.tv/videos/2868473027
2026-09-07 10:10:08 PM,10:10:39 PM,31,v2868473327,https://www.twitch.tv/videos/2868473327
2026-09-07 10:10:49 PM,10:11:20 PM,31,v2868473601,https://www.twitch.tv/videos/2868473601
2026-09-07 10:11:31 PM,10:12:06 PM,35,v2868473867,https://www.twitch.tv/videos/2868473867
2026-09-07 10:12:17 PM,10:12:52 PM,35,v2868474137,https://www.twitch.tv/videos/2868474137
2026-09-07 10:13:03 PM,10:13:38 PM,35,v2868474394,https://www.twitch.tv/videos/2868474394
2026-09-07 10:13:49 PM,10:14:25 PM,36,v2868474650,https://www.twitch.tv/videos/2868474650
2026-09-07 10:14:36 PM,10:15:12 PM,36,v2868474906,https://www.twitch.tv/videos/2868474906
2026-09-07 10:15:23 PM,10:15:59 PM,36,v2868475191,https://www.twitch.tv/videos/2868475191
2026-09-07 10:16:10 PM,10:16:56 PM,46,v2868475510,https://www.twitch.tv/videos/2868475510
2026-09-07 10:17:06 PM,10:17:52 PM,46,v2868475870,https://www.twitch.tv/videos/2868475870
2026-09-07 10:18:03 PM,10:18:51 PM,48,v2868476207,https://www.twitch.tv/videos/2868476207
2026-09-07 10:19:02 PM,10:19:50 PM,48,v2868476541,https://www.twitch.tv/videos/2868476541
2026-09-07 10:20:02 PM,10:20:50 PM,48,v2868476899,https://www.twitch.tv/videos/2868476899
2026-09-07 10:21:01 PM,10:21:52 PM,51,v2868477266,https://www.twitch.tv/videos/2868477266
2026-09-07 10:22:03 PM,10:22:54 PM,51,v2868477639,https://www.twitch.tv/videos/2868477639
2026-09-07 10:23:05 PM,10:23:58 PM,53,v2868478011,https://www.twitch.tv/videos/2868478011
2026-09-07 10:24:10 PM,10:25:02 PM,52,v2868478462,https://www.twitch.tv/videos/2868478462
2026-09-07 10:25:13 PM,10:26:05 PM,52,v2868478827,https://www.twitch.tv/videos/2868478827
2026-09-07 10:26:16 PM,10:27:08 PM,52,v2868479181,https://www.twitch.tv/videos/2868479181
2026-09-07 10:27:19 PM,10:28:15 PM,56,v2868479558,https://www.twitch.tv/videos/2868479558
2026-09-07 10:28:26 PM,10:29:22 PM,56,v2868479900,https://www.twitch.tv/videos/2868479900
2026-09-07 10:29:34 PM,10:30:38 PM,64,v2868480332,https://www.twitch.tv/videos/2868480332
2026-09-07 10:30:50 PM,10:31:52 PM,62,v2868480888,https://www.twitch.tv/videos/2868480888
2026-09-07 10:32:04 PM,10:33:06 PM,62,v2868481351,https://www.twitch.tv/videos/2868481351
2026-09-07 10:33:17 PM,10:34:10 PM,53,v2868481795,https://www.twitch.tv/videos/2868481795
2026-09-07 10:34:22 PM,10:35:15 PM,53,v2868482148,https://www.twitch.tv/videos/2868482148
2026-09-07 10:35:25 PM,10:36:14 PM,49,v2868482504,https://www.twitch.tv/videos/2868482504
2026-09-07 10:36:26 PM,10:37:15 PM,49,v2868482882,https://www.twitch.tv/videos/2868482882
2026-09-07 10:37:26 PM,10:38:12 PM,46,v2868483262,https://www.twitch.tv/videos/2868483262
2026-09-07 10:38:23 PM,10:39:09 PM,46,v2868483629,https://www.twitch.tv/videos/2868483629
2026-09-07 10:39:20 PM,10:40:06 PM,46,v2868483961,https://www.twitch.tv/videos/2868483961
2026-09-07 10:40:16 PM,10:40:55 PM,39,v2868484284,https://www.twitch.tv/videos/2868484284
2026-09-07 10:41:06 PM,10:41:45 PM,39,v2868484575,https://www.twitch.tv/videos/2868484575
2026-09-07 10:41:55 PM,10:42:37 PM,42,v2868484845,https://www.twitch.tv/videos/2868484845
2026-09-07 10:42:48 PM,10:43:20 PM,32,v2868485123,https://www.twitch.tv/videos/2868485123
2026-09-07 10:43:30 PM,10:44:02 PM,32,v2868485351,https://www.twitch.tv/videos/2868485351
2026-09-07 10:44:13 PM,10:44:49 PM,36,v2868485610,https://www.twitch.tv/videos/2868485610
2026-09-07 10:45:00 PM,10:45:36 PM,36,v2868485913,https://www.twitch.tv/videos/2868485913
2026-09-07 10:45:46 PM,10:46:22 PM,36,v2868486182,https://www.twitch.tv/videos/2868486182
2026-09-07 10:46:33 PM,10:47:11 PM,38,v2868486431,https://www.twitch.tv/videos/2868486431
2026-09-07 10:47:22 PM,10:48:00 PM,38,v2868486718,https://www.twitch.tv/videos/2868486718
2026-09-07 10:48:12 PM,10:48:53 PM,41,v2868486997,https://www.twitch.tv/videos/2868486997
2026-09-07 10:49:04 PM,10:49:48 PM,44,v2868487277,https://www.twitch.tv/videos/2868487277
2026-09-07 10:49:59 PM,10:50:41 PM,42,v2868487541,https://www.twitch.tv/videos/2868487541
2026-09-07 10:50:53 PM,10:51:40 PM,47,v2868487856,https://www.twitch.tv/videos/2868487856
2026-09-07 10:51:51 PM,10:52:37 PM,46,v2868488225,https://www.twitch.tv/videos/2868488225
2026-09-07 10:52:48 PM,10:53:30 PM,42,v2868488553,https://www.twitch.tv/videos/2868488553
2026-09-07 10:53:41 PM,10:54:22 PM,41,v2868488798,https://www.twitch.tv/videos/2868488798
2026-09-07 10:54:33 PM,10:55:11 PM,38,v2868489092,https://www.twitch.tv/videos/2868489092
2026-09-07 10:55:21 PM,10:55:59 PM,38,v2868489346,https://www.twitch.tv/videos/2868489346
2026-09-07 10:56:10 PM,10:56:48 PM,38,v2868489606,https://www.twitch.tv/videos/2868489606
2026-09-07 10:56:58 PM,10:57:30 PM,32,v2868489882,https://www.twitch.tv/videos/2868489882
2026-09-07 10:57:41 PM,10:58:12 PM,31,v2868490126,https://www.twitch.tv/videos/2868490126
2026-09-07 10:58:23 PM,10:58:54 PM,31,v2868490360,https://www.twitch.tv/videos/2868490360
2026-09-07 10:59:04 PM,10:59:35 PM,31,v2868490626,https://www.twitch.tv/videos/2868490626
2026-09-07 10:59:46 PM,11:00:17 PM,31,v2868490850,https://www.twitch.tv/videos/2868490850
2026-09-07 11:00:28 PM,11:00:59 PM,31,v2868491146,https://www.twitch.tv/videos/2868491146
2026-09-07 11:01:09 PM,11:01:40 PM,31,v2868491428,https://www.twitch.tv/videos/2868491428
2026-09-07 11:01:51 PM,11:02:17 PM,26,v2868491678,https://www.twitch.tv/videos/2868491678
2026-09-07 11:02:27 PM,11:02:54 PM,27,v2868491875,https://www.twitch.tv/videos/2868491875
2026-09-07 11:03:05 PM,11:03:32 PM,27,v2868492080,https://www.twitch.tv/videos/2868492080
2026-09-07 11:03:42 PM,11:04:09 PM,27,v2868492285,https://www.twitch.tv/videos/2868492285
2026-09-07 11:04:19 PM,11:04:47 PM,28,v2868492498,https://www.twitch.tv/videos/2868492498
2026-09-07 11:04:57 PM,11:05:25 PM,28,v2868492724,https://www.twitch.tv/videos/2868492724
2026-09-07 11:05:36 PM,11:06:03 PM,27,v2868492947,https://www.twitch.tv/videos/2868492947
2026-09-07 11:06:13 PM,11:06:40 PM,27,v2868493184,https://www.twitch.tv/videos/2868493184
2026-09-07 11:06:51 PM,11:07:19 PM,28,v2868493405,https://www.twitch.tv/videos/2868493405
2026-09-07 11:07:29 PM,11:07:57 PM,28,v2868493614,https://www.twitch.tv/videos/2868493614
2026-09-07 11:08:07 PM,11:08:35 PM,28,v2868493798,https://www.twitch.tv/videos/2868493798
2026-09-07 11:08:46 PM,11:09:14 PM,28,v2868494015,https://www.twitch.tv/videos/2868494015
2026-09-07 11:09:25 PM,11:09:53 PM,28,v2868494194,https://www.twitch.tv/videos/2868494194
2026-09-07 11:10:04 PM,11:10:32 PM,28,v2868494387,https://www.twitch.tv/videos/2868494387
2026-09-07 11:10:44 PM,11:11:17 PM,33,v2868494593,https://www.twitch.tv/videos/2868494593
2026-09-07 11:11:27 PM,11:12:00 PM,33,v2868494841,https://www.twitch.tv/videos/2868494841
2026-09-07 11:12:11 PM,11:12:44 PM,33,v2868495090,https://www.twitch.tv/videos/2868495090
2026-09-07 11:12:54 PM,11:13:25 PM,31,v2868495350,https://www.twitch.tv/videos/2868495350
2026-09-07 11:13:36 PM,11:14:07 PM,31,v2868495593,https://www.twitch.tv/videos/2868495593
2026-09-07 11:14:18 PM,11:14:46 PM,28,v2868495815,https://www.twitch.tv/videos/2868495815
2026-09-07 11:14:57 PM,11:15:25 PM,28,v2868496019,https://www.twitch.tv/videos/2868496019
2026-09-07 11:15:35 PM,11:16:03 PM,28,v2868496235,https://www.twitch.tv/videos/2868496235
2026-09-07 11:16:14 PM,11:16:50 PM,36,v2868496438,https://www.twitch.tv/videos/2868496438
2026-09-07 11:17:01 PM,11:17:37 PM,36,v2868496688,https://www.twitch.tv/videos/2868496688
2026-09-07 11:17:48 PM,11:18:24 PM,36,v2868496921,https://www.twitch.tv/videos/2868496921
2026-09-07 11:18:35 PM,11:19:14 PM,39,v2868497193,https://www.twitch.tv/videos/2868497193
2026-09-07 11:19:25 PM,11:20:04 PM,39,v2868497483,https://www.twitch.tv/videos/2868497483
2026-09-07 11:20:14 PM,11:20:53 PM,39,v2868497762,https://www.twitch.tv/videos/2868497762
2026-09-07 11:21:03 PM,11:21:39 PM,36,v2868498005,https://www.twitch.tv/videos/2868498005
2026-09-07 11:21:50 PM,11:22:26 PM,36,v2868498231,https://www.twitch.tv/videos/2868498231
2026-09-07 11:22:38 PM,11:23:14 PM,36,v2868498489,https://www.twitch.tv/videos/2868498489
2026-09-07 11:23:24 PM,11:23:59 PM,35,v2868498719,https://www.twitch.tv/videos/2868498719
2026-09-07 11:24:10 PM,11:24:45 PM,35,v2868498917,https://www.twitch.tv/videos/2868498917
2026-09-07 11:24:55 PM,11:25:30 PM,35,v2868499147,https://www.twitch.tv/videos/2868499147
2026-09-07 11:25:41 PM,11:26:15 PM,34,v2868499403,https://www.twitch.tv/videos/2868499403
2026-09-07 11:26:25 PM,11:26:59 PM,34,v2868499686,https://www.twitch.tv/videos/2868499686
2026-09-07 11:27:10 PM,11:27:42 PM,32,v2868499933,https://www.twitch.tv/videos/2868499933
2026-09-07 11:27:52 PM,11:28:20 PM,28,v2868500150,https://www.twitch.tv/videos/2868500150
2026-09-07 11:28:31 PM,11:28:59 PM,28,v2868500345,https://www.twitch.tv/videos/2868500345
2026-09-07 11:29:10 PM,11:29:38 PM,28,v2868500537,https://www.twitch.tv/videos/2868500537
2026-09-07 11:29:49 PM,11:30:19 PM,30,v2868500740,https://www.twitch.tv/videos/2868500740
2026-09-07 11:30:30 PM,11:31:00 PM,30,v2868500983,https://www.twitch.tv/videos/2868500983
2026-09-07 11:31:11 PM,11:31:41 PM,30,v2868501202,https://www.twitch.tv/videos/2868501202
2026-09-07 11:31:52 PM,11:32:15 PM,23,v2868501398,https://www.twitch.tv/videos/2868501398
2026-09-07 11:32:25 PM,11:32:48 PM,23,v2868501572,https://www.twitch.tv/videos/2868501572
2026-09-07 11:32:58 PM,11:33:21 PM,23,v2868501761,https://www.twitch.tv/videos/2868501761
2026-09-07 11:33:31 PM,11:33:51 PM,20,v2868501926,https://www.twitch.tv/videos/2868501926
2026-09-07 11:34:01 PM,11:34:21 PM,20,v2868502095,https://www.twitch.tv/videos/2868502095
2026-09-07 11:34:31 PM,11:34:51 PM,20,v2868502272,https://www.twitch.tv/videos/2868502272
2026-09-07 11:35:01 PM,11:35:20 PM,19,v2868502431,https://www.twitch.tv/videos/2868502431
2026-09-07 11:35:31 PM,11:35:50 PM,19,v2868502595,https://www.twitch.tv/videos/2868502595
2026-09-07 11:36:00 PM,11:36:19 PM,19,v2868502724,https://www.twitch.tv/videos/2868502724
2026-09-07 11:36:30 PM,11:36:50 PM,20,v2868502919,https://www.twitch.tv/videos/2868502919
2026-09-07 11:37:01 PM,11:37:21 PM,20,v2868503079,https://www.twitch.tv/videos/2868503079
2026-09-07 11:37:31 PM,11:37:51 PM,20,v2868503223,https://www.twitch.tv/videos/2868503223
2026-09-07 11:38:01 PM,11:38:22 PM,21,v2868503375,https://www.twitch.tv/videos/2868503375
2026-09-07 11:38:33 PM,11:38:54 PM,21,v2868503515,https://www.twitch.tv/videos/2868503515
2026-09-07 11:39:04 PM,11:39:24 PM,20,v2868503668,https://www.twitch.tv/videos/2868503668
2026-09-07 11:39:35 PM,11:39:55 PM,20,v2868503819,https://www.twitch.tv/videos/2868503819
2026-09-07 11:40:05 PM,11:40:25 PM,20,v2868503991,https://www.twitch.tv/videos/2868503991
2026-09-07 11:40:36 PM,11:40:56 PM,20,v2868504167,https://www.twitch.tv/videos/2868504167
2026-09-07 11:41:06 PM,11:41:26 PM,20,v2868504342,https://www.twitch.tv/videos/2868504342
2026-09-07 11:41:37 PM,11:41:59 PM,22,v2868504510,https://www.twitch.tv/videos/2868504510
2026-09-07 11:42:09 PM,11:42:31 PM,22,v2868504683,https://www.twitch.tv/videos/2868504683
2026-09-07 11:42:40 PM,11:43:03 PM,23,v2868504830,https://www.twitch.tv/videos/2868504830
2026-09-07 11:43:14 PM,11:43:37 PM,23,v2868504993,https://www.twitch.tv/videos/2868504993
2026-09-07 11:43:47 PM,11:44:08 PM,21,v2868505172,https://www.twitch.tv/videos/2868505172
2026-09-07 11:44:19 PM,11:44:40 PM,21,v2868505304,https://www.twitch.tv/videos/2868505304
2026-09-07 11:44:51 PM,11:45:11 PM,20,v2868505432,https://www.twitch.tv/videos/2868505432
2026-09-07 11:45:21 PM,11:45:41 PM,20,v2868505582,https://www.twitch.tv/videos/2868505582
2026-09-07 11:45:51 PM,11:46:11 PM,20,v2868505745,https://www.twitch.tv/videos/2868505745
2026-09-07 11:46:20 PM,11:46:40 PM,20,v2868505920,https://www.twitch.tv/videos/2868505920
2026-09-07 11:46:51 PM,11:47:13 PM,22,v2868506061,https://www.twitch.tv/videos/2868506061
2026-09-07 11:47:22 PM,11:47:44 PM,22,v2868506239,https://www.twitch.tv/videos/2868506239
2026-09-07 11:47:55 PM,11:48:17 PM,22,v2868506448,https://www.twitch.tv/videos/2868506448
2026-09-07 11:48:27 PM,11:48:49 PM,22,v2868506600,https://www.twitch.tv/videos/2868506600
2026-09-07 11:48:59 PM,11:49:21 PM,22,v2868506761,https://www.twitch.tv/videos/2868506761
2026-09-07 11:49:31 PM,11:49:53 PM,22,v2868506931,https://www.twitch.tv/videos/2868506931
2026-09-07 11:50:04 PM,11:50:25 PM,21,v2868507085,https://www.twitch.tv/videos/2868507085
2026-09-07 11:50:35 PM,11:50:56 PM,21,v2868507263,https://www.twitch.tv/videos/2868507263
2026-09-07 11:51:06 PM,11:51:27 PM,21,v2868507425,https://www.twitch.tv/videos/2868507425
2026-09-07 11:51:37 PM,11:51:58 PM,21,v2868507585,https://www.twitch.tv/videos/2868507585
2026-09-07 11:52:08 PM,11:52:29 PM,21,v2868507722,https://www.twitch.tv/videos/2868507722
2026-09-07 11:52:39 PM,11:53:00 PM,21,v2868507856,https://www.twitch.tv/videos/2868507856
2026-09-07 11:53:11 PM,11:53:32 PM,21,v2868508020,https://www.twitch.tv/videos/2868508020
2026-09-07 11:53:43 PM,11:54:04 PM,21,v2868508176,https://www.twitch.tv/videos/2868508176
2026-09-07 11:54:14 PM,11:54:35 PM,21,v2868508342,https://www.twitch.tv/videos/2868508342
2026-09-07 11:54:46 PM,11:55:07 PM,21,v2868508529,https://www.twitch.tv/videos/2868508529
2026-09-07 11:55:17 PM,11:55:40 PM,23,v2868508737,https://www.twitch.tv/videos/2868508737
2026-09-07 11:55:51 PM,11:56:14 PM,23,v2868508909,https://www.twitch.tv/videos/2868508909
2026-09-07 11:56:25 PM,11:56:49 PM,24,v2868509072,https://www.twitch.tv/videos/2868509072
2026-09-07 11:56:59 PM,11:57:23 PM,24,v2868509254,https://www.twitch.tv/videos/2868509254
2026-09-07 11:57:33 PM,11:57:57 PM,24,v2868509433,https://www.twitch.tv/videos/2868509433
2026-09-07 11:58:08 PM,11:58:34 PM,26,v2868509610,https://www.twitch.tv/videos/2868509610
2026-09-07 11:58:44 PM,11:59:10 PM,26,v2868509780,https://www.twitch.tv/videos/2868509780
2026-09-07 11:59:21 PM,11:59:47 PM,26,v2868509969,https://www.twitch.tv/videos/2868509969
2026-09-07 11:59:58 PM,12:00:25 AM,27,v2868510180,https://www.twitch.tv/videos/2868510180
2026-09-08 12:00:35 AM,12:01:02 AM,27,v2868510492,https://www.twitch.tv/videos/2868510492
2026-09-08 12:01:12 AM,12:01:39 AM,27,v2868510726,https://www.twitch.tv/videos/2868510726
2026-09-08 12:01:50 AM,12:02:17 AM,27,v2868510968,https://www.twitch.tv/videos/2868510968
2026-09-08 12:02:27 AM,12:02:58 AM,31,v2868511171,https://www.twitch.tv/videos/2868511171
2026-09-08 12:03:09 AM,12:03:40 AM,31,v2868511415,https://www.twitch.tv/videos/2868511415
2026-09-08 12:03:51 AM,12:04:26 AM,35,v2868511668,https://www.twitch.tv/videos/2868511668
2026-09-08 12:04:36 AM,12:05:09 AM,33,v2868511916,https://www.twitch.tv/videos/2868511916
2026-09-08 12:05:20 AM,12:05:53 AM,33,v2868512136,https://www.twitch.tv/videos/2868512136
2026-09-08 12:06:03 AM,12:06:35 AM,32,v2868512358,https://www.twitch.tv/videos/2868512358
2026-09-08 12:06:46 AM,12:07:18 AM,32,v2868512561,https://www.twitch.tv/videos/2868512561
2026-09-08 12:07:29 AM,12:08:01 AM,32,v2868512795,https://www.twitch.tv/videos/2868512795
2026-09-08 12:08:12 AM,12:08:44 AM,32,v2868513028,https://www.twitch.tv/videos/2868513028
2026-09-08 12:08:55 AM,12:09:27 AM,32,v2868513293,https://www.twitch.tv/videos/2868513293
2026-09-08 12:09:38 AM,12:10:13 AM,35,v2868513508,https://www.twitch.tv/videos/2868513508
2026-09-08 12:10:23 AM,12:10:58 AM,35,v2868513738,https://www.twitch.tv/videos/2868513738
2026-09-08 12:11:09 AM,12:11:45 AM,36,v2868513982,https://www.twitch.tv/videos/2868513982
2026-09-08 12:11:56 AM,12:12:33 AM,37,v2868514227,https://www.twitch.tv/videos/2868514227
2026-09-08 12:12:44 AM,12:13:21 AM,37,v2868514424,https://www.twitch.tv/videos/2868514424
2026-09-08 12:13:31 AM,12:14:07 AM,36,v2868514642,https://www.twitch.tv/videos/2868514642
2026-09-08 12:14:18 AM,12:14:52 AM,34,v2868514878,https://www.twitch.tv/videos/2868514878
2026-09-08 12:15:03 AM,12:15:34 AM,31,v2868515125,https://www.twitch.tv/videos/2868515125
2026-09-08 12:15:45 AM,12:16:19 AM,34,v2868515351,https://www.twitch.tv/videos/2868515351
2026-09-08 12:16:30 AM,12:16:58 AM,28,v2868515586,https://www.twitch.tv/videos/2868515586
2026-09-08 12:17:08 AM,12:17:36 AM,28,v2868515790,https://www.twitch.tv/videos/2868515790
2026-09-08 12:17:46 AM,12:18:11 AM,25,v2868515974,https://www.twitch.tv/videos/2868515974
2026-09-08 12:18:21 AM,12:18:46 AM,25,v2868516128,https://www.twitch.tv/videos/2868516128
2026-09-08 12:18:56 AM,12:19:22 AM,26,v2868516308,https://www.twitch.tv/videos/2868516308
2026-09-08 12:19:32 AM,12:19:56 AM,24,v2868516463,https://www.twitch.tv/videos/2868516463
2026-09-08 12:20:07 AM,12:20:29 AM,22,v2868516650,https://www.twitch.tv/videos/2868516650
2026-09-08 12:20:40 AM,12:21:03 AM,23,v2868516780,https://www.twitch.tv/videos/2868516780
2026-09-08 12:21:14 AM,12:21:39 AM,25,v2868516959,https://www.twitch.tv/videos/2868516959
2026-09-08 12:21:49 AM,12:22:14 AM,25,v2868517142,https://www.twitch.tv/videos/2868517142
2026-09-08 12:22:24 AM,12:22:47 AM,23,v2868517334,https://www.twitch.tv/videos/2868517334
2026-09-08 12:22:58 AM,12:23:21 AM,23,v2868517532,https://www.twitch.tv/videos/2868517532
2026-09-08 12:23:31 AM,12:23:54 AM,23,v2868517702,https://www.twitch.tv/videos/2868517702
2026-09-08 12:24:06 AM,12:24:40 AM,34,v2868517880,https://www.twitch.tv/videos/2868517880
2026-09-08 12:24:50 AM,12:25:22 AM,32,v2868518069,https://www.twitch.tv/videos/2868518069
2026-09-08 12:25:33 AM,12:26:05 AM,32,v2868518275,https://www.twitch.tv/videos/2868518275
2026-09-08 12:26:16 AM,12:26:51 AM,35,v2868518487,https://www.twitch.tv/videos/2868518487
2026-09-08 12:27:02 AM,12:27:37 AM,35,v2868518692,https://www.twitch.tv/videos/2868518692
2026-09-08 12:27:47 AM,12:28:24 AM,37,v2868518893,https://www.twitch.tv/videos/2868518893
2026-09-08 12:28:35 AM,12:29:14 AM,39,v2868519137,https://www.twitch.tv/videos/2868519137
2026-09-08 12:29:25 AM,12:30:02 AM,37,v2868519408,https://www.twitch.tv/videos/2868519408
2026-09-08 12:30:13 AM,12:30:51 AM,38,v2868519704,https://www.twitch.tv/videos/2868519704
2026-09-08 12:31:02 AM,12:31:39 AM,37,v2868519950,https://www.twitch.tv/videos/2868519950
2026-09-08 12:31:50 AM,12:32:27 AM,37,v2868520204,https://www.twitch.tv/videos/2868520204
2026-09-08 12:32:38 AM,12:33:15 AM,37,v2868520447,https://www.twitch.tv/videos/2868520447
2026-09-08 12:33:27 AM,12:34:10 AM,43,v2868520662,https://www.twitch.tv/videos/2868520662
2026-09-08 12:34:20 AM,12:34:56 AM,36,v2868520935,https://www.twitch.tv/videos/2868520935
2026-09-08 12:35:08 AM,12:35:47 AM,39,v2868521163,https://www.twitch.tv/videos/2868521163
2026-09-08 12:35:57 AM,12:36:36 AM,39,v2868521424,https://www.twitch.tv/videos/2868521424
2026-09-08 12:36:47 AM,12:37:23 AM,36,v2868521666,https://www.twitch.tv/videos/2868521666
2026-09-08 12:37:34 AM,12:38:07 AM,33,v2868521910,https://www.twitch.tv/videos/2868521910
2026-09-08 12:38:18 AM,12:38:51 AM,33,v2868522105,https://www.twitch.tv/videos/2868522105
2026-09-08 12:39:01 AM,12:39:34 AM,33,v2868522305,https://www.twitch.tv/videos/2868522305
2026-09-08 12:39:45 AM,12:40:23 AM,38,v2868522493,https://www.twitch.tv/videos/2868522493
2026-09-08 12:40:34 AM,12:41:12 AM,38,v2868522727,https://www.twitch.tv/videos/2868522727
2026-09-08 12:41:24 AM,12:42:04 AM,40,v2868522964,https://www.twitch.tv/videos/2868522964
2026-09-08 12:42:15 AM,12:42:57 AM,42,v2868523237,https://www.twitch.tv/videos/2868523237
2026-09-08 12:43:09 AM,12:43:47 AM,38,v2868523505,https://www.twitch.tv/videos/2868523505
2026-09-08 12:43:58 AM,12:44:35 AM,37,v2868523753,https://www.twitch.tv/videos/2868523753
2026-09-08 12:44:46 AM,12:45:21 AM,35,v2868523993,https://www.twitch.tv/videos/2868523993
2026-09-08 12:45:31 AM,12:46:03 AM,32,v2868524191,https://www.twitch.tv/videos/2868524191
2026-09-08 12:46:14 AM,12:46:46 AM,32,v2868524385,https://www.twitch.tv/videos/2868524385
2026-09-08 12:46:56 AM,12:47:28 AM,32,v2868524582,https://www.twitch.tv/videos/2868524582
2026-09-08 12:47:39 AM,12:48:13 AM,34,v2868524751,https://www.twitch.tv/videos/2868524751
2026-09-08 12:48:24 AM,12:48:54 AM,30,v2868524950,https://www.twitch.tv/videos/2868524950
2026-09-08 12:49:04 AM,12:49:34 AM,30,v2868525142,https://www.twitch.tv/videos/2868525142
2026-09-08 12:49:45 AM,12:50:10 AM,25,v2868525332,https://www.twitch.tv/videos/2868525332
2026-09-08 12:50:21 AM,12:50:44 AM,23,v2868525540,https://www.twitch.tv/videos/2868525540
2026-09-08 12:50:55 AM,12:51:18 AM,23,v2868525739,https://www.twitch.tv/videos/2868525739
2026-09-08 12:51:29 AM,12:51:56 AM,27,v2868525906,https://www.twitch.tv/videos/2868525906
2026-09-08 12:52:07 AM,12:52:34 AM,27,v2868526095,https://www.twitch.tv/videos/2868526095
2026-09-08 12:52:45 AM,12:53:12 AM,27,v2868526265,https://www.twitch.tv/videos/2868526265
2026-09-08 12:53:23 AM,12:53:50 AM,27,v2868526447,https://www.twitch.tv/videos/2868526447
2026-09-08 12:54:01 AM,12:54:29 AM,28,v2868526628,https://www.twitch.tv/videos/2868526628
2026-09-08 12:54:39 AM,12:55:07 AM,28,v2868526783,https://www.twitch.tv/videos/2868526783
2026-09-08 12:55:17 AM,12:55:45 AM,28,v2868526958,https://www.twitch.tv/videos/2868526958
2026-09-08 12:55:56 AM,12:56:24 AM,28,v2868527138,https://www.twitch.tv/videos/2868527138
2026-09-08 12:56:35 AM,12:57:03 AM,28,v2868527332,https://www.twitch.tv/videos/2868527332
2026-09-08 12:57:14 AM,12:57:44 AM,30,v2868527534,https://www.twitch.tv/videos/2868527534
2026-09-08 12:57:55 AM,12:58:27 AM,32,v2868527786,https://www.twitch.tv/videos/2868527786
2026-09-08 12:58:38 AM,12:59:10 AM,32,v2868528014,https://www.twitch.tv/videos/2868528014
2026-09-08 12:59:21 AM,12:59:53 AM,32,v2868528223,https://www.twitch.tv/videos/2868528223
2026-09-08 01:00:05 AM,01:00:42 AM,37,v2868528489,https://www.twitch.tv/videos/2868528489
2026-09-08 01:00:52 AM,01:01:28 AM,36,v2868528844,https://www.twitch.tv/videos/2868528844
2026-09-08 01:01:39 AM,01:02:15 AM,36,v2868529121,https://www.twitch.tv/videos/2868529121
2026-09-08 01:02:26 AM,01:02:57 AM,31,v2868529388,https://www.twitch.tv/videos/2868529388
2026-09-08 01:03:08 AM,01:03:41 AM,33,v2868529591,https://www.twitch.tv/videos/2868529591
2026-09-08 01:03:52 AM,01:04:25 AM,33,v2868529829,https://www.twitch.tv/videos/2868529829
2026-09-08 01:04:37 AM,01:05:12 AM,35,v2868530102,https://www.twitch.tv/videos/2868530102
2026-09-08 01:05:22 AM,01:06:00 AM,38,v2868530352,https://www.twitch.tv/videos/2868530352
2026-09-08 01:06:11 AM,01:06:49 AM,38,v2868530589,https://www.twitch.tv/videos/2868530589
2026-09-08 01:07:00 AM,01:07:40 AM,40,v2868530854,https://www.twitch.tv/videos/2868530854
2026-09-08 01:07:51 AM,01:08:29 AM,38,v2868531141,https://www.twitch.tv/videos/2868531141
2026-09-08 01:08:40 AM,01:09:17 AM,37,v2868531352,https://www.twitch.tv/videos/2868531352
2026-09-08 01:09:28 AM,01:10:03 AM,35,v2868531582,https://www.twitch.tv/videos/2868531582
2026-09-08 01:10:14 AM,01:10:50 AM,36,v2868531828,https://www.twitch.tv/videos/2868531828
2026-09-08 01:11:02 AM,01:11:38 AM,36,v2868532072,https://www.twitch.tv/videos/2868532072
2026-09-08 01:11:49 AM,01:12:27 AM,38,v2868532340,https://www.twitch.tv/videos/2868532340
2026-09-08 01:12:38 AM,01:13:13 AM,35,v2868532590,https://www.twitch.tv/videos/2868532590
2026-09-08 01:13:24 AM,01:13:55 AM,31,v2868532830,https://www.twitch.tv/videos/2868532830
2026-09-08 01:14:05 AM,01:14:33 AM,28,v2868533010,https://www.twitch.tv/videos/2868533010
2026-09-08 01:14:44 AM,01:15:12 AM,28,v2868533209,https://www.twitch.tv/videos/2868533209
2026-09-08 01:15:22 AM,01:15:50 AM,28,v2868533369,https://www.twitch.tv/videos/2868533369
2026-09-08 01:16:01 AM,01:16:34 AM,33,v2868533560,https://www.twitch.tv/videos/2868533560
2026-09-08 01:16:45 AM,01:17:18 AM,33,v2868533748,https://www.twitch.tv/videos/2868533748
2026-09-08 01:17:29 AM,01:18:03 AM,34,v2868533964,https://www.twitch.tv/videos/2868533964
2026-09-08 01:18:14 AM,01:18:51 AM,37,v2868534176,https://www.twitch.tv/videos/2868534176
2026-09-08 01:19:01 AM,01:19:37 AM,36,v2868534442,https://www.twitch.tv/videos/2868534442
2026-09-08 01:19:48 AM,01:20:18 AM,30,v2868534658,https://www.twitch.tv/videos/2868534658
2026-09-08 01:20:28 AM,01:21:00 AM,32,v2868534862,https://www.twitch.tv/videos/2868534862
2026-09-08 01:21:11 AM,01:21:47 AM,36,v2868535095,https://www.twitch.tv/videos/2868535095
2026-09-08 01:21:58 AM,01:22:33 AM,35,v2868535374,https://www.twitch.tv/videos/2868535374
2026-09-08 01:22:43 AM,01:23:18 AM,35,v2868535578,https://www.twitch.tv/videos/2868535578
2026-09-08 01:23:29 AM,01:24:07 AM,38,v2868535781,https://www.twitch.tv/videos/2868535781
2026-09-08 01:24:18 AM,01:24:51 AM,33,v2868536024,https://www.twitch.tv/videos/2868536024
2026-09-08 01:25:01 AM,01:25:34 AM,33,v2868536241,https://www.twitch.tv/videos/2868536241
2026-09-08 01:25:44 AM,01:26:22 AM,38,v2868536490,https://www.twitch.tv/videos/2868536490
2026-09-08 01:26:33 AM,01:27:09 AM,36,v2868536770,https://www.twitch.tv/videos/2868536770
2026-09-08 01:27:21 AM,01:27:59 AM,38,v2868537012,https://www.twitch.tv/videos/2868537012
2026-09-08 01:28:10 AM,01:28:49 AM,39,v2868537246,https://www.twitch.tv/videos/2868537246
2026-09-08 01:29:00 AM,01:29:41 AM,41,v2868537476,https://www.twitch.tv/videos/2868537476
2026-09-08 01:29:52 AM,01:30:33 AM,41,v2868537734,https://www.twitch.tv/videos/2868537734
2026-09-08 01:30:44 AM,01:31:25 AM,41,v2868538025,https://www.twitch.tv/videos/2868538025
2026-09-08 01:31:36 AM,01:32:16 AM,40,v2868538313,https://www.twitch.tv/videos/2868538313
2026-09-08 01:32:27 AM,01:33:06 AM,39,v2868538610,https://www.twitch.tv/videos/2868538610
2026-09-08 01:33:17 AM,01:33:50 AM,33,v2868538894,https://www.twitch.tv/videos/2868538894
2026-09-08 01:34:01 AM,01:34:30 AM,29,v2868539092,https://www.twitch.tv/videos/2868539092
2026-09-08 01:34:41 AM,01:35:10 AM,29,v2868539284,https://www.twitch.tv/videos/2868539284
2026-09-08 01:35:21 AM,01:35:51 AM,30,v2868539495,https://www.twitch.tv/videos/2868539495
2026-09-08 01:36:02 AM,01:36:34 AM,32,v2868539691,https://www.twitch.tv/videos/2868539691
2026-09-08 01:36:44 AM,01:37:12 AM,28,v2868539894,https://www.twitch.tv/videos/2868539894
2026-09-08 01:37:23 AM,01:37:51 AM,28,v2868540067,https://www.twitch.tv/videos/2868540067
2026-09-08 01:38:02 AM,01:38:27 AM,25,v2868540271,https://www.twitch.tv/videos/2868540271
2026-09-08 01:38:38 AM,01:39:03 AM,25,v2868540427,https://www.twitch.tv/videos/2868540427
2026-09-08 01:39:13 AM,01:39:39 AM,26,v2868540598,https://www.twitch.tv/videos/2868540598
2026-09-08 01:39:50 AM,01:40:16 AM,26,v2868540786,https://www.twitch.tv/videos/2868540786
2026-09-08 01:40:27 AM,01:40:53 AM,26,v2868540968,https://www.twitch.tv/videos/2868540968
2026-09-08 01:41:04 AM,01:41:30 AM,26,v2868541139,https://www.twitch.tv/videos/2868541139
2026-09-08 01:41:40 AM,01:42:07 AM,27,v2868541311,https://www.twitch.tv/videos/2868541311
2026-09-08 01:42:18 AM,01:42:44 AM,26,v2868541497,https://www.twitch.tv/videos/2868541497
2026-09-08 01:42:54 AM,01:43:20 AM,26,v2868541686,https://www.twitch.tv/videos/2868541686
2026-09-08 01:43:31 AM,01:43:57 AM,26,v2868541846,https://www.twitch.tv/videos/2868541846
2026-09-08 01:44:08 AM,01:44:36 AM,28,v2868542014,https://www.twitch.tv/videos/2868542014
2026-09-08 01:44:47 AM,01:45:12 AM,25,v2868542191,https://www.twitch.tv/videos/2868542191
2026-09-08 01:45:23 AM,01:45:48 AM,25,v2868542361,https://www.twitch.tv/videos/2868542361
2026-09-08 01:45:58 AM,01:46:21 AM,23,v2868542543,https://www.twitch.tv/videos/2868542543
2026-09-08 01:46:32 AM,01:46:53 AM,21,v2868542725,https://www.twitch.tv/videos/2868542725
2026-09-08 01:47:03 AM,01:47:24 AM,21,v2868542891,https://www.twitch.tv/videos/2868542891
2026-09-08 01:47:34 AM,01:47:55 AM,21,v2868543036,https://www.twitch.tv/videos/2868543036
2026-09-08 01:48:06 AM,01:48:27 AM,21,v2868543190,https://www.twitch.tv/videos/2868543190
2026-09-08 01:48:37 AM,01:48:58 AM,21,v2868543342,https://www.twitch.tv/videos/2868543342
2026-09-08 01:49:09 AM,01:49:30 AM,21,v2868543496,https://www.twitch.tv/videos/2868543496
2026-09-08 01:49:41 AM,01:50:05 AM,24,v2868543644,https://www.twitch.tv/videos/2868543644
2026-09-08 01:50:15 AM,01:50:39 AM,24,v2868543789,https://www.twitch.tv/videos/2868543789
2026-09-08 01:50:50 AM,01:51:14 AM,24,v2868543953,https://www.twitch.tv/videos/2868543953
2026-09-08 01:51:25 AM,01:51:49 AM,24,v2868544100,https://www.twitch.tv/videos/2868544100
2026-09-08 01:51:59 AM,01:52:21 AM,22,v2868544253,https://www.twitch.tv/videos/2868544253
2026-09-08 01:52:32 AM,01:52:58 AM,26,v2868544419,https://www.twitch.tv/videos/2868544419
2026-09-08 01:53:09 AM,01:53:36 AM,27,v2868544599,https://www.twitch.tv/videos/2868544599
2026-09-08 01:53:46 AM,01:54:13 AM,27,v2868544789,https://www.twitch.tv/videos/2868544789
2026-09-08 01:54:24 AM,01:54:52 AM,28,v2868544973,https://www.twitch.tv/videos/2868544973
2026-09-08 01:55:03 AM,01:55:31 AM,28,v2868545153,https://www.twitch.tv/videos/2868545153
2026-09-08 01:55:41 AM,01:56:11 AM,30,v2868545335,https://www.twitch.tv/videos/2868545335
2026-09-08 01:56:22 AM,01:56:50 AM,28,v2868545548,https://www.twitch.tv/videos/2868545548
2026-09-08 01:57:01 AM,01:57:30 AM,29,v2868545764,https://www.twitch.tv/videos/2868545764
2026-09-08 01:57:40 AM,01:58:09 AM,29,v2868545949,https://www.twitch.tv/videos/2868545949
2026-09-08 01:58:19 AM,01:58:49 AM,30,v2868546152,https://www.twitch.tv/videos/2868546152
2026-09-08 01:59:00 AM,01:59:28 AM,28,v2868546382,https://www.twitch.tv/videos/2868546382
2026-09-08 01:59:40 AM,02:00:09 AM,29,v2868546618,https://www.twitch.tv/videos/2868546618
2026-09-08 02:00:19 AM,02:00:47 AM,28,v2868546977,https://www.twitch.tv/videos/2868546977
2026-09-08 02:00:57 AM,02:01:25 AM,28,v2868547250,https://www.twitch.tv/videos/2868547250
2026-09-08 02:01:36 AM,02:02:04 AM,28,v2868547509,https://www.twitch.tv/videos/2868547509
2026-09-08 02:02:15 AM,02:02:45 AM,30,v2868547711,https://www.twitch.tv/videos/2868547711
2026-09-08 02:02:56 AM,02:03:23 AM,27,v2868547922,https://www.twitch.tv/videos/2868547922
2026-09-08 02:03:33 AM,02:04:02 AM,29,v2868548119,https://www.twitch.tv/videos/2868548119
2026-09-08 02:04:13 AM,02:04:39 AM,26,v2868548333,https://www.twitch.tv/videos/2868548333
2026-09-08 02:04:49 AM,02:05:15 AM,26,v2868548538,https://www.twitch.tv/videos/2868548538
2026-09-08 02:05:26 AM,02:05:53 AM,27,v2868548748,https://www.twitch.tv/videos/2868548748
2026-09-08 02:06:03 AM,02:06:30 AM,27,v2868548947,https://www.twitch.tv/videos/2868548947
2026-09-08 02:06:41 AM,02:07:10 AM,29,v2868549146,https://www.twitch.tv/videos/2868549146
2026-09-08 02:07:20 AM,02:07:49 AM,29,v2868549344,https://www.twitch.tv/videos/2868549344
2026-09-08 02:08:00 AM,02:08:31 AM,31,v2868549579,https://www.twitch.tv/videos/2868549579
2026-09-08 02:08:42 AM,02:09:12 AM,30,v2868549803,https://www.twitch.tv/videos/2868549803
2026-09-08 02:09:23 AM,02:09:53 AM,30,v2868550005,https://www.twitch.tv/videos/2868550005
2026-09-08 02:10:03 AM,02:10:40 AM,37,v2868550211,https://www.twitch.tv/videos/2868550211
2026-09-08 02:10:51 AM,02:11:27 AM,36,v2868550459,https://www.twitch.tv/videos/2868550459
2026-09-08 02:11:37 AM,02:12:14 AM,37,v2868550701,https://www.twitch.tv/videos/2868550701
2026-09-08 02:12:26 AM,02:13:03 AM,37,v2868550939,https://www.twitch.tv/videos/2868550939
2026-09-08 02:13:14 AM,02:13:53 AM,39,v2868551181,https://www.twitch.tv/videos/2868551181
2026-09-08 02:14:03 AM,02:14:39 AM,36,v2868551429,https://www.twitch.tv/videos/2868551429
2026-09-08 02:14:50 AM,02:15:25 AM,35,v2868551662,https://www.twitch.tv/videos/2868551662
2026-09-08 02:15:36 AM,02:16:11 AM,35,v2868551927,https://www.twitch.tv/videos/2868551927
2026-09-08 02:16:21 AM,02:16:57 AM,36,v2868552162,https://www.twitch.tv/videos/2868552162
2026-09-08 02:17:09 AM,02:17:46 AM,37,v2868552382,https://www.twitch.tv/videos/2868552382
2026-09-08 02:17:56 AM,02:18:25 AM,29,v2868552583,https://www.twitch.tv/videos/2868552583
2026-09-08 02:18:36 AM,02:19:05 AM,29,v2868552757,https://www.twitch.tv/videos/2868552757
2026-09-08 02:19:16 AM,02:19:46 AM,30,v2868552941,https://www.twitch.tv/videos/2868552941
2026-09-08 02:19:57 AM,02:20:28 AM,31,v2868553124,https://www.twitch.tv/videos/2868553124
2026-09-08 02:20:38 AM,02:21:10 AM,32,v2868553372,https://www.twitch.tv/videos/2868553372
2026-09-08 02:21:21 AM,02:21:54 AM,33,v2868553650,https://www.twitch.tv/videos/2868553650
2026-09-08 02:22:05 AM,02:22:38 AM,33,v2868553882,https://www.twitch.tv/videos/2868553882
2026-09-08 02:22:49 AM,02:23:23 AM,34,v2868554110,https://www.twitch.tv/videos/2868554110
2026-09-08 02:23:34 AM,02:24:08 AM,34,v2868554312,https://www.twitch.tv/videos/2868554312
2026-09-08 02:24:18 AM,02:24:50 AM,32,v2868554535,https://www.twitch.tv/videos/2868554535
2026-09-08 02:25:02 AM,02:25:35 AM,33,v2868554749,https://www.twitch.tv/videos/2868554749
2026-09-08 02:25:45 AM,02:26:18 AM,33,v2868554950,https://www.twitch.tv/videos/2868554950
2026-09-08 02:26:29 AM,02:27:03 AM,34,v2868555174,https://www.twitch.tv/videos/2868555174
2026-09-08 02:27:14 AM,02:27:46 AM,32,v2868555405,https://www.twitch.tv/videos/2868555405
2026-09-08 02:27:56 AM,02:28:27 AM,31,v2868555654,https://www.twitch.tv/videos/2868555654
2026-09-08 02:28:38 AM,02:29:10 AM,32,v2868555868,https://www.twitch.tv/videos/2868555868
2026-09-08 02:29:21 AM,02:29:51 AM,30,v2868556102,https://www.twitch.tv/videos/2868556102
2026-09-08 02:30:02 AM,02:30:32 AM,30,v2868556327,https://www.twitch.tv/videos/2868556327
2026-09-08 02:30:44 AM,02:31:15 AM,31,v2868556565,https://www.twitch.tv/videos/2868556565
2026-09-08 02:31:25 AM,02:31:55 AM,30,v2868556802,https://www.twitch.tv/videos/2868556802
2026-09-08 02:32:06 AM,02:32:33 AM,27,v2868556988,https://www.twitch.tv/videos/2868556988
2026-09-08 02:32:43 AM,02:33:10 AM,27,v2868557152,https://www.twitch.tv/videos/2868557152
2026-09-08 02:33:20 AM,02:33:47 AM,27,v2868557334,https://www.twitch.tv/videos/2868557334
2026-09-08 02:33:57 AM,02:34:24 AM,27,v2868557527,https://www.twitch.tv/videos/2868557527
2026-09-08 02:34:35 AM,02:35:02 AM,27,v2868557728,https://www.twitch.tv/videos/2868557728
2026-09-08 02:35:12 AM,02:35:40 AM,28,v2868557930,https://www.twitch.tv/videos/2868557930
2026-09-08 02:35:50 AM,02:36:15 AM,25,v2868558134,https://www.twitch.tv/videos/2868558134
2026-09-08 02:36:26 AM,02:36:51 AM,25,v2868558323,https://www.twitch.tv/videos/2868558323
2026-09-08 02:37:01 AM,02:37:30 AM,29,v2868558497,https://www.twitch.tv/videos/2868558497
2026-09-08 02:37:40 AM,02:38:06 AM,26,v2868558693,https://www.twitch.tv/videos/2868558693
2026-09-08 02:38:16 AM,02:38:42 AM,26,v2868558869,https://www.twitch.tv/videos/2868558869
2026-09-08 02:38:53 AM,02:39:19 AM,26,v2868559056,https://www.twitch.tv/videos/2868559056
2026-09-08 02:39:29 AM,02:39:57 AM,28,v2868559208,https://www.twitch.tv/videos/2868559208
2026-09-08 02:40:08 AM,02:40:36 AM,28,v2868559391,https://www.twitch.tv/videos/2868559391
2026-09-08 02:40:46 AM,02:41:16 AM,30,v2868559588,https://www.twitch.tv/videos/2868559588
2026-09-08 02:41:27 AM,02:41:57 AM,30,v2868559806,https://www.twitch.tv/videos/2868559806
2026-09-08 02:42:08 AM,02:42:39 AM,31,v2868560058,https://www.twitch.tv/videos/2868560058
2026-09-08 02:42:50 AM,02:43:20 AM,30,v2868560275,https://www.twitch.tv/videos/2868560275
2026-09-08 02:43:31 AM,02:44:01 AM,30,v2868560473,https://www.twitch.tv/videos/2868560473
2026-09-08 02:44:12 AM,02:44:43 AM,31,v2868560653,https://www.twitch.tv/videos/2868560653
2026-09-08 02:44:53 AM,02:45:24 AM,31,v2868560863,https://www.twitch.tv/videos/2868560863
2026-09-08 02:45:35 AM,02:46:03 AM,28,v2868561080,https://www.twitch.tv/videos/2868561080
2026-09-08 02:46:13 AM,02:46:41 AM,28,v2868561266,https://www.twitch.tv/videos/2868561266
2026-09-08 02:46:52 AM,02:47:20 AM,28,v2868561466,https://www.twitch.tv/videos/2868561466
2026-09-08 02:47:31 AM,02:47:59 AM,28,v2868561631,https://www.twitch.tv/videos/2868561631
2026-09-08 02:48:10 AM,02:48:38 AM,28,v2868561828,https://www.twitch.tv/videos/2868561828
2026-09-08 02:48:49 AM,02:49:15 AM,26,v2868562041,https://www.twitch.tv/videos/2868562041
2026-09-08 02:49:25 AM,02:49:52 AM,27,v2868562250,https://www.twitch.tv/videos/2868562250
2026-09-08 02:50:03 AM,02:50:30 AM,27,v2868562492,https://www.twitch.tv/videos/2868562492
2026-09-08 02:50:42 AM,02:51:16 AM,34,v2868562703,https://www.twitch.tv/videos/2868562703
2026-09-08 02:51:26 AM,02:52:03 AM,37,v2868562941,https://www.twitch.tv/videos/2868562941
2026-09-08 02:52:14 AM,02:52:49 AM,35,v2868563201,https://www.twitch.tv/videos/2868563201
2026-09-08 02:53:00 AM,02:53:35 AM,35,v2868563459,https://www.twitch.tv/videos/2868563459
2026-09-08 02:53:47 AM,02:54:24 AM,37,v2868563675,https://www.twitch.tv/videos/2868563675
2026-09-08 02:54:35 AM,02:55:14 AM,39,v2868563920,https://www.twitch.tv/videos/2868563920
2026-09-08 02:55:24 AM,02:56:04 AM,40,v2868564185,https://www.twitch.tv/videos/2868564185
2026-09-08 02:56:15 AM,02:56:55 AM,40,v2868564497,https://www.twitch.tv/videos/2868564497
2026-09-08 02:57:06 AM,02:57:25 AM,19,v2868564844,https://www.twitch.tv/videos/2868564844
2026-09-08 04:05:33 AM,04:05:46 AM,13,v2868589861,https://www.twitch.tv/videos/2868589861
2026-09-08 04:05:56 AM,04:06:09 AM,13,v2868590023,https://www.twitch.tv/videos/2868590023
2026-09-08 04:06:19 AM,04:06:35 AM,16,v2868590189,https://www.twitch.tv/videos/2868590189
2026-09-08 04:06:45 AM,04:07:01 AM,16,v2868590363,https://www.twitch.tv/videos/2868590363
2026-09-08 04:07:11 AM,04:07:27 AM,16,v2868590556,https://www.twitch.tv/videos/2868590556
2026-09-08 04:07:38 AM,04:08:00 AM,22,v2868590729,https://www.twitch.tv/videos/2868590729
2026-09-08 04:08:10 AM,04:08:36 AM,26,v2868590944,https://www.twitch.tv/videos/2868590944
2026-09-08 04:08:46 AM,04:09:12 AM,26,v2868591177,https://www.twitch.tv/videos/2868591177
2026-09-08 04:09:23 AM,04:09:52 AM,29,v2868591408,https://www.twitch.tv/videos/2868591408
2026-09-08 04:10:03 AM,04:10:33 AM,30,v2868591671,https://www.twitch.tv/videos/2868591671
2026-09-08 04:10:44 AM,04:11:14 AM,30,v2868591928,https://www.twitch.tv/videos/2868591928
2026-09-08 04:11:25 AM,04:11:59 AM,34,v2868592158,https://www.twitch.tv/videos/2868592158
2026-09-08 04:12:10 AM,04:12:45 AM,35,v2868592417,https://www.twitch.tv/videos/2868592417
2026-09-08 04:12:57 AM,04:13:34 AM,37,v2868592713,https://www.twitch.tv/videos/2868592713
2026-09-08 04:13:45 AM,04:14:26 AM,41,v2868593038,https://www.twitch.tv/videos/2868593038
2026-09-08 04:14:37 AM,04:15:19 AM,42,v2868593363,https://www.twitch.tv/videos/2868593363
2026-09-08 04:15:30 AM,04:16:09 AM,39,v2868593693,https://www.twitch.tv/videos/2868593693
2026-09-08 04:16:20 AM,04:16:58 AM,38,v2868594011,https://www.twitch.tv/videos/2868594011
2026-09-08 04:17:09 AM,04:17:45 AM,36,v2868594314,https://www.twitch.tv/videos/2868594314
2026-09-08 04:17:56 AM,04:18:32 AM,36,v2868594581,https://www.twitch.tv/videos/2868594581
2026-09-08 04:18:43 AM,04:19:21 AM,38,v2868594866,https://www.twitch.tv/videos/2868594866
2026-09-08 04:19:31 AM,04:20:09 AM,38,v2868595178,https://www.twitch.tv/videos/2868595178
2026-09-08 04:20:20 AM,04:21:00 AM,40,v2868595521,https://www.twitch.tv/videos/2868595521
2026-09-08 04:21:12 AM,04:21:54 AM,42,v2868595861,https://www.twitch.tv/videos/2868595861
2026-09-08 04:22:04 AM,04:22:42 AM,38,v2868596174,https://www.twitch.tv/videos/2868596174
2026-09-08 04:22:53 AM,04:23:31 AM,38,v2868596495,https://www.twitch.tv/videos/2868596495
2026-09-08 04:23:42 AM,04:24:19 AM,37,v2868596795,https://www.twitch.tv/videos/2868596795
2026-09-08 04:24:30 AM,04:25:07 AM,37,v2868597107,https://www.twitch.tv/videos/2868597107
2026-09-08 04:25:18 AM,04:25:52 AM,34,v2868597398,https://www.twitch.tv/videos/2868597398
2026-09-08 04:26:02 AM,04:26:34 AM,32,v2868597696,https://www.twitch.tv/videos/2868597696
2026-09-08 04:26:45 AM,04:27:15 AM,30,v2868597991,https://www.twitch.tv/videos/2868597991
2026-09-08 04:27:26 AM,04:27:52 AM,26,v2868598281,https://www.twitch.tv/videos/2868598281
2026-09-08 04:28:03 AM,04:28:28 AM,25,v2868598561,https://www.twitch.tv/videos/2868598561
2026-09-08 04:28:39 AM,04:29:04 AM,25,v2868598786,https://www.twitch.tv/videos/2868598786
2026-09-08 04:29:14 AM,04:29:39 AM,25,v2868599042,https://www.twitch.tv/videos/2868599042
2026-09-08 04:29:50 AM,04:30:14 AM,24,v2868599299,https://www.twitch.tv/videos/2868599299
2026-09-08 04:30:25 AM,04:30:53 AM,28,v2868599595,https://www.twitch.tv/videos/2868599595
2026-09-08 04:31:04 AM,04:31:32 AM,28,v2868599923,https://www.twitch.tv/videos/2868599923
2026-09-08 04:31:43 AM,04:32:13 AM,30,v2868600181,https://www.twitch.tv/videos/2868600181
2026-09-08 04:32:24 AM,04:32:54 AM,30,v2868600440,https://www.twitch.tv/videos/2868600440
2026-09-08 04:33:05 AM,04:33:33 AM,28,v2868600696,https://www.twitch.tv/videos/2868600696
2026-09-08 04:33:43 AM,04:34:11 AM,28,v2868600947,https://www.twitch.tv/videos/2868600947
2026-09-08 04:34:21 AM,04:34:50 AM,29,v2868601228,https://www.twitch.tv/videos/2868601228
2026-09-08 04:35:01 AM,04:35:30 AM,29,v2868601510,https://www.twitch.tv/videos/2868601510
2026-09-08 04:35:41 AM,04:36:10 AM,29,v2868601796,https://www.twitch.tv/videos/2868601796
2026-09-08 04:36:21 AM,04:36:50 AM,29,v2868602050,https://www.twitch.tv/videos/2868602050
2026-09-08 04:37:00 AM,04:37:24 AM,24,v2868602281,https://www.twitch.tv/videos/2868602281
2026-09-08 04:37:35 AM,04:38:00 AM,25,v2868602536,https://www.twitch.tv/videos/2868602536
2026-09-08 04:38:11 AM,04:38:36 AM,25,v2868602764,https://www.twitch.tv/videos/2868602764
2026-09-08 04:38:46 AM,04:39:15 AM,29,v2868602994,https://www.twitch.tv/videos/2868602994
2026-09-08 04:39:26 AM,04:39:54 AM,28,v2868603236,https://www.twitch.tv/videos/2868603236
2026-09-08 04:40:04 AM,04:40:31 AM,27,v2868603492,https://www.twitch.tv/videos/2868603492
2026-09-08 04:40:42 AM,04:41:09 AM,27,v2868603748,https://www.twitch.tv/videos/2868603748
2026-09-08 04:41:20 AM,04:41:48 AM,28,v2868604023,https://www.twitch.tv/videos/2868604023
2026-09-08 04:41:59 AM,04:42:29 AM,30,v2868604315,https://www.twitch.tv/videos/2868604315
2026-09-08 04:42:41 AM,04:43:12 AM,31,v2868604591,https://www.twitch.tv/videos/2868604591
2026-09-08 04:43:22 AM,04:43:53 AM,31,v2868604868,https://www.twitch.tv/videos/2868604868
2026-09-08 04:44:04 AM,04:44:35 AM,31,v2868605141,https://www.twitch.tv/videos/2868605141
2026-09-08 04:44:46 AM,04:45:24 AM,38,v2868605398,https://www.twitch.tv/videos/2868605398
2026-09-08 04:45:36 AM,04:46:13 AM,37,v2868605701,https://www.twitch.tv/videos/2868605701
2026-09-08 04:46:24 AM,04:46:57 AM,33,v2868606027,https://www.twitch.tv/videos/2868606027
2026-09-08 04:47:08 AM,04:47:41 AM,33,v2868606335,https://www.twitch.tv/videos/2868606335
2026-09-08 04:47:53 AM,04:48:28 AM,35,v2868606642,https://www.twitch.tv/videos/2868606642
2026-09-08 04:48:39 AM,04:49:12 AM,33,v2868606995,https://www.twitch.tv/videos/2868606995
2026-09-08 04:49:23 AM,04:49:55 AM,32,v2868607335,https://www.twitch.tv/videos/2868607335
2026-09-08 04:50:06 AM,04:50:37 AM,31,v2868607629,https://www.twitch.tv/videos/2868607629
2026-09-08 04:50:48 AM,04:51:20 AM,32,v2868607941,https://www.twitch.tv/videos/2868607941
2026-09-08 04:51:30 AM,04:52:02 AM,32,v2868608236,https://www.twitch.tv/videos/2868608236
2026-09-08 04:52:12 AM,04:52:39 AM,27,v2868608540,https://www.twitch.tv/videos/2868608540
2026-09-08 04:52:50 AM,04:53:18 AM,28,v2868608797,https://www.twitch.tv/videos/2868608797
2026-09-08 04:53:29 AM,04:53:58 AM,29,v2868609063,https://www.twitch.tv/videos/2868609063
2026-09-08 04:54:09 AM,04:54:38 AM,29,v2868609360,https://www.twitch.tv/videos/2868609360
2026-09-08 04:54:48 AM,04:55:17 AM,29,v2868609666,https://www.twitch.tv/videos/2868609666
2026-09-08 04:55:28 AM,04:55:55 AM,27,v2868610045,https://www.twitch.tv/videos/2868610045
2026-09-08 04:56:06 AM,04:56:34 AM,28,v2868610370,https://www.twitch.tv/videos/2868610370
2026-09-08 04:56:45 AM,04:57:14 AM,29,v2868610681,https://www.twitch.tv/videos/2868610681
2026-09-08 04:57:25 AM,04:57:57 AM,32,v2868611009,https://www.twitch.tv/videos/2868611009
2026-09-08 04:58:07 AM,04:58:39 AM,32,v2868611358,https://www.twitch.tv/videos/2868611358
2026-09-08 04:58:50 AM,04:59:22 AM,32,v2868611741,https://www.twitch.tv/videos/2868611741
2026-09-08 04:59:32 AM,05:00:02 AM,30,v2868612166,https://www.twitch.tv/videos/2868612166
2026-09-08 05:00:13 AM,05:00:41 AM,28,v2868612710,https://www.twitch.tv/videos/2868612710
2026-09-08 05:00:52 AM,05:01:21 AM,29,v2868613249,https://www.twitch.tv/videos/2868613249
2026-09-08 05:01:32 AM,05:02:01 AM,29,v2868613747,https://www.twitch.tv/videos/2868613747
2026-09-08 05:02:12 AM,05:02:42 AM,30,v2868614212,https://www.twitch.tv/videos/2868614212
2026-09-08 05:02:52 AM,05:03:22 AM,30,v2868614670,https://www.twitch.tv/videos/2868614670
2026-09-08 05:03:33 AM,05:04:02 AM,29,v2868615090,https://www.twitch.tv/videos/2868615090
2026-09-08 05:04:12 AM,05:04:43 AM,31,v2868615387,https://www.twitch.tv/videos/2868615387
2026-09-08 05:04:54 AM,05:05:23 AM,29,v2868615774,https://www.twitch.tv/videos/2868615774
2026-09-08 05:05:34 AM,05:06:02 AM,28,v2868616127,https://www.twitch.tv/videos/2868616127
2026-09-08 05:06:13 AM,05:06:41 AM,28,v2868616465,https://www.twitch.tv/videos/2868616465
2026-09-08 05:06:52 AM,05:07:26 AM,34,v2868616823,https://www.twitch.tv/videos/2868616823
2026-09-08 05:07:37 AM,05:08:11 AM,34,v2868617166,https://www.twitch.tv/videos/2868617166
2026-09-08 05:08:22 AM,05:08:51 AM,29,v2868617573,https://www.twitch.tv/videos/2868617573
2026-09-08 05:09:02 AM,05:09:30 AM,28,v2868617913,https://www.twitch.tv/videos/2868617913
2026-09-08 05:09:41 AM,05:10:10 AM,29,v2868618270,https://www.twitch.tv/videos/2868618270
2026-09-08 05:10:21 AM,05:10:49 AM,28,v2868618631,https://www.twitch.tv/videos/2868618631
2026-09-08 05:11:00 AM,05:11:28 AM,28,v2868618953,https://www.twitch.tv/videos/2868618953
2026-09-08 05:11:38 AM,05:12:06 AM,28,v2868619256,https://www.twitch.tv/videos/2868619256
2026-09-08 05:12:17 AM,05:12:46 AM,29,v2868619557,https://www.twitch.tv/videos/2868619557
2026-09-08 05:12:56 AM,05:13:25 AM,29,v2868619885,https://www.twitch.tv/videos/2868619885
2026-09-08 05:13:36 AM,05:14:01 AM,25,v2868620170,https://www.twitch.tv/videos/2868620170
2026-09-08 05:14:11 AM,05:14:36 AM,25,v2868620425,https://www.twitch.tv/videos/2868620425
2026-09-08 05:14:47 AM,05:15:12 AM,25,v2868620696,https://www.twitch.tv/videos/2868620696
2026-09-08 05:15:22 AM,05:15:49 AM,27,v2868620983,https://www.twitch.tv/videos/2868620983
2026-09-08 05:16:01 AM,05:16:30 AM,29,v2868621302,https://www.twitch.tv/videos/2868621302
2026-09-08 05:16:41 AM,05:17:09 AM,28,v2868621626,https://www.twitch.tv/videos/2868621626
2026-09-08 05:17:20 AM,05:17:50 AM,30,v2868621926,https://www.twitch.tv/videos/2868621926
2026-09-08 05:18:01 AM,05:18:29 AM,28,v2868622253,https://www.twitch.tv/videos/2868622253
2026-09-08 05:18:39 AM,05:19:04 AM,25,v2868622534,https://www.twitch.tv/videos/2868622534
2026-09-08 05:19:15 AM,05:19:40 AM,25,v2868622810,https://www.twitch.tv/videos/2868622810
2026-09-08 05:19:51 AM,05:20:18 AM,27,v2868623078,https://www.twitch.tv/videos/2868623078
2026-09-08 05:20:29 AM,05:20:55 AM,26,v2868623336,https://www.twitch.tv/videos/2868623336
2026-09-08 05:21:05 AM,05:21:31 AM,26,v2868623587,https://www.twitch.tv/videos/2868623587
2026-09-08 05:21:42 AM,05:22:11 AM,29,v2868623860,https://www.twitch.tv/videos/2868623860
2026-09-08 05:22:22 AM,05:22:53 AM,31,v2868624137,https://www.twitch.tv/videos/2868624137
2026-09-08 05:23:04 AM,05:23:34 AM,30,v2868624486,https://www.twitch.tv/videos/2868624486
2026-09-08 05:23:45 AM,05:24:15 AM,30,v2868624827,https://www.twitch.tv/videos/2868624827
2026-09-08 05:24:27 AM,05:24:58 AM,31,v2868625141,https://www.twitch.tv/videos/2868625141
2026-09-08 05:25:08 AM,05:25:39 AM,31,v2868625454,https://www.twitch.tv/videos/2868625454
2026-09-08 05:25:49 AM,05:26:22 AM,33,v2868625807,https://www.twitch.tv/videos/2868625807
2026-09-08 05:26:33 AM,05:27:06 AM,33,v2868626145,https://www.twitch.tv/videos/2868626145
2026-09-08 05:27:17 AM,05:27:51 AM,34,v2868626479,https://www.twitch.tv/videos/2868626479
2026-09-08 05:28:02 AM,05:28:37 AM,35,v2868626810,https://www.twitch.tv/videos/2868626810
2026-09-08 05:28:48 AM,05:29:23 AM,35,v2868627149,https://www.twitch.tv/videos/2868627149
2026-09-08 05:29:34 AM,05:30:08 AM,34,v2868627505,https://www.twitch.tv/videos/2868627505
2026-09-08 05:30:20 AM,05:30:53 AM,33,v2868627940,https://www.twitch.tv/videos/2868627940
2026-09-08 05:31:03 AM,05:31:37 AM,34,v2868628363,https://www.twitch.tv/videos/2868628363
2026-09-08 05:31:48 AM,05:32:26 AM,38,v2868628768,https://www.twitch.tv/videos/2868628768
2026-09-08 05:32:37 AM,05:33:15 AM,38,v2868629149,https://www.twitch.tv/videos/2868629149
2026-09-08 05:33:26 AM,05:34:04 AM,38,v2868629550,https://www.twitch.tv/videos/2868629550
2026-09-08 05:34:15 AM,05:34:54 AM,39,v2868629909,https://www.twitch.tv/videos/2868629909
2026-09-08 05:35:04 AM,05:35:43 AM,39,v2868630332,https://www.twitch.tv/videos/2868630332
2026-09-08 05:35:54 AM,05:36:32 AM,38,v2868630747,https://www.twitch.tv/videos/2868630747
2026-09-08 05:36:44 AM,05:37:22 AM,38,v2868631145,https://www.twitch.tv/videos/2868631145
2026-09-08 05:37:33 AM,05:38:10 AM,37,v2868631551,https://www.twitch.tv/videos/2868631551
2026-09-08 05:38:21 AM,05:38:57 AM,36,v2868631979,https://www.twitch.tv/videos/2868631979
2026-09-08 05:39:08 AM,05:39:40 AM,32,v2868632357,https://www.twitch.tv/videos/2868632357
2026-09-08 05:39:50 AM,05:40:21 AM,31,v2868632684,https://www.twitch.tv/videos/2868632684
2026-09-08 05:40:32 AM,05:41:00 AM,28,v2868633028,https://www.twitch.tv/videos/2868633028
2026-09-08 05:41:11 AM,05:41:41 AM,30,v2868633309,https://www.twitch.tv/videos/2868633309
2026-09-08 05:41:52 AM,05:42:20 AM,28,v2868633608,https://www.twitch.tv/videos/2868633608
2026-09-08 05:42:31 AM,05:42:59 AM,28,v2868633872,https://www.twitch.tv/videos/2868633872
2026-09-08 05:43:09 AM,05:43:34 AM,25,v2868634167,https://www.twitch.tv/videos/2868634167
2026-09-08 05:43:45 AM,05:44:12 AM,27,v2868634450,https://www.twitch.tv/videos/2868634450
2026-09-08 05:44:23 AM,05:44:50 AM,27,v2868634752,https://www.twitch.tv/videos/2868634752
2026-09-08 05:45:02 AM,05:45:33 AM,31,v2868635087,https://www.twitch.tv/videos/2868635087
2026-09-08 05:45:43 AM,05:46:16 AM,33,v2868635423,https://www.twitch.tv/videos/2868635423
2026-09-08 05:46:27 AM,05:46:59 AM,32,v2868635780,https://www.twitch.tv/videos/2868635780
2026-09-08 05:47:10 AM,05:47:44 AM,34,v2868636134,https://www.twitch.tv/videos/2868636134
2026-09-08 05:47:54 AM,05:48:28 AM,34,v2868636491,https://www.twitch.tv/videos/2868636491
2026-09-08 05:48:39 AM,05:49:14 AM,35,v2868636814,https://www.twitch.tv/videos/2868636814
2026-09-08 05:49:24 AM,05:50:03 AM,39,v2868637191,https://www.twitch.tv/videos/2868637191
2026-09-08 05:50:15 AM,05:50:56 AM,41,v2868637628,https://www.twitch.tv/videos/2868637628
2026-09-08 05:51:07 AM,05:51:43 AM,36,v2868638077,https://www.twitch.tv/videos/2868638077
2026-09-08 05:51:54 AM,05:52:30 AM,36,v2868638489,https://www.twitch.tv/videos/2868638489
2026-09-08 05:52:42 AM,05:53:21 AM,39,v2868638888,https://www.twitch.tv/videos/2868638888
2026-09-08 05:53:31 AM,05:54:10 AM,39,v2868639322,https://www.twitch.tv/videos/2868639322
2026-09-08 05:54:21 AM,05:55:02 AM,41,v2868639768,https://www.twitch.tv/videos/2868639768
2026-09-08 05:55:13 AM,05:55:51 AM,38,v2868640254,https://www.twitch.tv/videos/2868640254
2026-09-08 05:56:03 AM,05:56:44 AM,41,v2868640703,https://www.twitch.tv/videos/2868640703
2026-09-08 05:56:55 AM,05:57:36 AM,41,v2868641137,https://www.twitch.tv/videos/2868641137
2026-09-08 05:57:47 AM,05:58:29 AM,42,v2868641661,https://www.twitch.tv/videos/2868641661
2026-09-08 05:58:40 AM,05:59:19 AM,39,v2868642229,https://www.twitch.tv/videos/2868642229
2026-09-08 05:59:30 AM,06:00:09 AM,39,v2868642772,https://www.twitch.tv/videos/2868642772
2026-09-08 06:00:21 AM,06:00:58 AM,37,v2868643573,https://www.twitch.tv/videos/2868643573
2026-09-08 06:01:09 AM,06:01:45 AM,36,v2868644282,https://www.twitch.tv/videos/2868644282
2026-09-08 06:01:56 AM,06:02:31 AM,35,v2868644852,https://www.twitch.tv/videos/2868644852
2026-09-08 06:02:42 AM,06:03:14 AM,32,v2868645358,https://www.twitch.tv/videos/2868645358
2026-09-08 06:03:25 AM,06:03:58 AM,33,v2868645818,https://www.twitch.tv/videos/2868645818
2026-09-08 06:04:09 AM,06:04:43 AM,34,v2868646245,https://www.twitch.tv/videos/2868646245
2026-09-08 06:04:54 AM,06:05:29 AM,35,v2868646726,https://www.twitch.tv/videos/2868646726
2026-09-08 06:05:40 AM,06:06:14 AM,34,v2868647202,https://www.twitch.tv/videos/2868647202
2026-09-08 06:06:24 AM,06:06:58 AM,34,v2868647645,https://www.twitch.tv/videos/2868647645
2026-09-08 06:07:09 AM,06:07:42 AM,33,v2868648087,https://www.twitch.tv/videos/2868648087
2026-09-08 06:07:54 AM,06:08:33 AM,39,v2868648470,https://www.twitch.tv/videos/2868648470
2026-09-08 06:08:46 AM,06:09:24 AM,38,v2868648949,https://www.twitch.tv/videos/2868648949
2026-09-08 06:09:36 AM,06:10:19 AM,43,v2868649396,https://www.twitch.tv/videos/2868649396
2026-09-08 06:10:30 AM,06:11:14 AM,44,v2868649869,https://www.twitch.tv/videos/2868649869
2026-09-08 06:11:26 AM,06:12:08 AM,42,v2868650398,https://www.twitch.tv/videos/2868650398
2026-09-08 06:12:20 AM,06:13:01 AM,41,v2868650877,https://www.twitch.tv/videos/2868650877
2026-09-08 06:13:12 AM,06:13:55 AM,43,v2868651398,https://www.twitch.tv/videos/2868651398
2026-09-08 06:14:07 AM,06:14:50 AM,43,v2868651891,https://www.twitch.tv/videos/2868651891
2026-09-08 06:15:00 AM,06:15:42 AM,42,v2868652390,https://www.twitch.tv/videos/2868652390
2026-09-08 06:15:54 AM,06:16:31 AM,37,v2868652890,https://www.twitch.tv/videos/2868652890
2026-09-08 06:16:41 AM,06:17:17 AM,36,v2868653336,https://www.twitch.tv/videos/2868653336
2026-09-08 06:17:29 AM,06:18:06 AM,37,v2868653733,https://www.twitch.tv/videos/2868653733
2026-09-08 06:18:16 AM,06:18:53 AM,37,v2868654168,https://www.twitch.tv/videos/2868654168
2026-09-08 06:19:04 AM,06:19:45 AM,41,v2868654603,https://www.twitch.tv/videos/2868654603
2026-09-08 06:19:56 AM,06:20:34 AM,38,v2868655089,https://www.twitch.tv/videos/2868655089
2026-09-08 06:20:46 AM,06:21:24 AM,38,v2868655565,https://www.twitch.tv/videos/2868655565
2026-09-08 06:21:35 AM,06:22:11 AM,36,v2868655984,https://www.twitch.tv/videos/2868655984
2026-09-08 06:22:22 AM,06:23:01 AM,39,v2868656413,https://www.twitch.tv/videos/2868656413
2026-09-08 06:23:12 AM,06:23:53 AM,41,v2868656851,https://www.twitch.tv/videos/2868656851
2026-09-08 06:24:04 AM,06:24:45 AM,41,v2868657287,https://www.twitch.tv/videos/2868657287
2026-09-08 06:24:56 AM,06:25:36 AM,40,v2868657741,https://www.twitch.tv/videos/2868657741
2026-09-08 06:25:47 AM,06:26:27 AM,40,v2868658215,https://www.twitch.tv/videos/2868658215
2026-09-08 06:26:37 AM,06:27:17 AM,40,v2868658705,https://www.twitch.tv/videos/2868658705
2026-09-08 06:27:28 AM,06:28:09 AM,41,v2868659203,https://www.twitch.tv/videos/2868659203
2026-09-08 06:28:20 AM,06:29:01 AM,41,v2868659696,https://www.twitch.tv/videos/2868659696
2026-09-08 06:29:12 AM,06:29:48 AM,36,v2868660222,https://www.twitch.tv/videos/2868660222
2026-09-08 06:29:59 AM,06:30:32 AM,33,v2868660758,https://www.twitch.tv/videos/2868660758
2026-09-08 06:30:42 AM,06:31:13 AM,31,v2868661284,https://www.twitch.tv/videos/2868661284
2026-09-08 06:31:24 AM,06:31:55 AM,31,v2868661768,https://www.twitch.tv/videos/2868661768
2026-09-08 06:32:06 AM,06:32:36 AM,30,v2868662206,https://www.twitch.tv/videos/2868662206
2026-09-08 06:32:47 AM,06:33:13 AM,26,v2868662677,https://www.twitch.tv/videos/2868662677
2026-09-08 06:33:24 AM,06:33:49 AM,25,v2868663096,https://www.twitch.tv/videos/2868663096
2026-09-08 06:33:59 AM,06:34:21 AM,22,v2868663460,https://www.twitch.tv/videos/2868663460
2026-09-08 06:34:32 AM,06:34:53 AM,21,v2868663783,https://www.twitch.tv/videos/2868663783
2026-09-08 06:35:03 AM,06:35:24 AM,21,v2868664106,https://www.twitch.tv/videos/2868664106
2026-09-08 06:35:34 AM,06:35:55 AM,21,v2868664408,https://www.twitch.tv/videos/2868664408
2026-09-08 06:36:06 AM,06:36:28 AM,22,v2868664734,https://www.twitch.tv/videos/2868664734
2026-09-08 06:36:38 AM,06:37:00 AM,22,v2868665051,https://www.twitch.tv/videos/2868665051
2026-09-08 06:37:10 AM,06:37:35 AM,25,v2868665328,https://www.twitch.tv/videos/2868665328
2026-09-08 06:37:46 AM,06:38:11 AM,25,v2868665659,https://www.twitch.tv/videos/2868665659
2026-09-08 06:38:22 AM,06:38:49 AM,27,v2868666009,https://www.twitch.tv/videos/2868666009
2026-09-08 06:39:00 AM,06:39:26 AM,26,v2868666380,https://www.twitch.tv/videos/2868666380
2026-09-08 06:39:37 AM,06:40:03 AM,26,v2868666766,https://www.twitch.tv/videos/2868666766
2026-09-08 06:40:14 AM,06:40:42 AM,28,v2868667182,https://www.twitch.tv/videos/2868667182
2026-09-08 06:40:53 AM,06:41:23 AM,30,v2868667576,https://www.twitch.tv/videos/2868667576
2026-09-08 06:41:34 AM,06:42:04 AM,30,v2868668004,https://www.twitch.tv/videos/2868668004
2026-09-08 06:42:14 AM,06:42:44 AM,30,v2868668414,https://www.twitch.tv/videos/2868668414
2026-09-08 06:42:55 AM,06:43:24 AM,29,v2868668806,https://www.twitch.tv/videos/2868668806
2026-09-08 06:43:35 AM,06:44:00 AM,25,v2868669226,https://www.twitch.tv/videos/2868669226
2026-09-08 06:44:11 AM,06:44:35 AM,24,v2868669602,https://www.twitch.tv/videos/2868669602
2026-09-08 06:44:46 AM,06:45:07 AM,21,v2868669948,https://www.twitch.tv/videos/2868669948
2026-09-08 06:45:17 AM,06:45:38 AM,21,v2868670340,https://www.twitch.tv/videos/2868670340
2026-09-08 06:45:49 AM,06:46:14 AM,25,v2868670732,https://www.twitch.tv/videos/2868670732
2026-09-08 06:46:25 AM,06:46:47 AM,22,v2868671167,https://www.twitch.tv/videos/2868671167
2026-09-08 06:46:58 AM,06:47:19 AM,21,v2868671569,https://www.twitch.tv/videos/2868671569
2026-09-08 06:47:29 AM,06:47:50 AM,21,v2868671925,https://www.twitch.tv/videos/2868671925
2026-09-08 06:48:01 AM,06:48:22 AM,21,v2868672277,https://www.twitch.tv/videos/2868672277
2026-09-08 06:48:32 AM,06:48:53 AM,21,v2868672598,https://www.twitch.tv/videos/2868672598
2026-09-08 06:49:03 AM,06:49:25 AM,22,v2868672943,https://www.twitch.tv/videos/2868672943
2026-09-08 06:49:36 AM,06:49:58 AM,22,v2868673319,https://www.twitch.tv/videos/2868673319
2026-09-08 06:50:09 AM,06:50:31 AM,22,v2868673734,https://www.twitch.tv/videos/2868673734
2026-09-08 06:50:42 AM,06:51:07 AM,25,v2868674155,https://www.twitch.tv/videos/2868674155
2026-09-08 06:51:18 AM,06:51:44 AM,26,v2868674598,https://www.twitch.tv/videos/2868674598
2026-09-08 06:51:54 AM,06:52:21 AM,27,v2868675011,https://www.twitch.tv/videos/2868675011
2026-09-08 06:52:32 AM,06:52:59 AM,27,v2868675424,https://www.twitch.tv/videos/2868675424
2026-09-08 06:53:10 AM,06:53:35 AM,25,v2868675839,https://www.twitch.tv/videos/2868675839
2026-09-08 06:53:45 AM,06:54:10 AM,25,v2868676221,https://www.twitch.tv/videos/2868676221
2026-09-08 06:54:22 AM,06:54:47 AM,25,v2868676626,https://www.twitch.tv/videos/2868676626
2026-09-08 06:54:57 AM,06:55:23 AM,26,v2868677077,https://www.twitch.tv/videos/2868677077
2026-09-08 06:55:34 AM,06:55:59 AM,25,v2868677543,https://www.twitch.tv/videos/2868677543
2026-09-08 06:56:10 AM,06:56:36 AM,26,v2868677967,https://www.twitch.tv/videos/2868677967
2026-09-08 06:56:47 AM,06:57:11 AM,24,v2868678455,https://www.twitch.tv/videos/2868678455
2026-09-08 06:57:21 AM,06:57:45 AM,24,v2868678890,https://www.twitch.tv/videos/2868678890
2026-09-08 06:57:55 AM,06:58:19 AM,24,v2868679355,https://www.twitch.tv/videos/2868679355
2026-09-08 06:58:30 AM,06:58:51 AM,21,v2868679792,https://www.twitch.tv/videos/2868679792
2026-09-08 06:59:02 AM,06:59:24 AM,22,v2868680228,https://www.twitch.tv/videos/2868680228
2026-09-08 06:59:34 AM,06:59:56 AM,22,v2868680700,https://www.twitch.tv/videos/2868680700
2026-09-08 07:00:07 AM,07:00:29 AM,22,v2868681319,https://www.twitch.tv/videos/2868681319
2026-09-08 07:00:39 AM,07:01:02 AM,23,v2868681889,https://www.twitch.tv/videos/2868681889
2026-09-08 07:01:13 AM,07:01:36 AM,23,v2868682405,https://www.twitch.tv/videos/2868682405
2026-09-08 07:01:47 AM,07:02:06 AM,19,v2868682849,https://www.twitch.tv/videos/2868682849
2026-09-08 07:02:16 AM,07:02:35 AM,19,v2868683221,https://www.twitch.tv/videos/2868683221
2026-09-08 07:02:46 AM,07:03:05 AM,19,v2868683567,https://www.twitch.tv/videos/2868683567
2026-09-08 07:03:15 AM,07:03:34 AM,19,v2868683866,https://www.twitch.tv/videos/2868683866
2026-09-08 07:03:44 AM,07:04:03 AM,19,v2868684161,https://www.twitch.tv/videos/2868684161
2026-09-08 07:04:13 AM,07:04:32 AM,19,v2868684471,https://www.twitch.tv/videos/2868684471
2026-09-08 07:04:42 AM,07:05:00 AM,18,v2868684784,https://www.twitch.tv/videos/2868684784
2026-09-08 07:05:11 AM,07:05:31 AM,20,v2868685080,https://www.twitch.tv/videos/2868685080
2026-09-08 07:05:41 AM,07:06:01 AM,20,v2868685408,https://www.twitch.tv/videos/2868685408
2026-09-08 07:06:12 AM,07:06:31 AM,19,v2868685703,https://www.twitch.tv/videos/2868685703
2026-09-08 07:06:41 AM,07:06:59 AM,18,v2868685994,https://www.twitch.tv/videos/2868685994
2026-09-08 07:07:09 AM,07:07:26 AM,17,v2868686305,https://www.twitch.tv/videos/2868686305
2026-09-08 07:07:37 AM,07:07:54 AM,17,v2868686575,https://www.twitch.tv/videos/2868686575
2026-09-08 07:08:04 AM,07:08:21 AM,17,v2868686855,https://www.twitch.tv/videos/2868686855
2026-09-08 07:08:32 AM,07:08:49 AM,17,v2868687119,https://www.twitch.tv/videos/2868687119
2026-09-08 07:09:00 AM,07:09:19 AM,19,v2868687378,https://www.twitch.tv/videos/2868687378
2026-09-08 07:09:30 AM,07:09:50 AM,20,v2868687651,https://www.twitch.tv/videos/2868687651
2026-09-08 07:10:00 AM,07:10:20 AM,20,v2868687963,https://www.twitch.tv/videos/2868687963
2026-09-08 07:10:30 AM,07:10:50 AM,20,v2868688237,https://www.twitch.tv/videos/2868688237
2026-09-08 07:11:00 AM,07:11:21 AM,21,v2868688534,https://www.twitch.tv/videos/2868688534
2026-09-08 07:11:31 AM,07:11:52 AM,21,v2868688820,https://www.twitch.tv/videos/2868688820
2026-09-08 07:12:03 AM,07:12:23 AM,20,v2868689109,https://www.twitch.tv/videos/2868689109
2026-09-08 07:12:34 AM,07:12:53 AM,19,v2868689387,https://www.twitch.tv/videos/2868689387
2026-09-08 07:13:03 AM,07:13:22 AM,19,v2868689664,https://www.twitch.tv/videos/2868689664
2026-09-08 07:13:33 AM,07:13:55 AM,22,v2868689915,https://www.twitch.tv/videos/2868689915
2026-09-08 07:14:05 AM,07:14:27 AM,22,v2868690205,https://www.twitch.tv/videos/2868690205
2026-09-08 07:14:37 AM,07:14:59 AM,22,v2868690515,https://www.twitch.tv/videos/2868690515
2026-09-08 07:15:10 AM,07:15:33 AM,23,v2868690828,https://www.twitch.tv/videos/2868690828
2026-09-08 07:15:44 AM,07:16:06 AM,22,v2868691155,https://www.twitch.tv/videos/2868691155
2026-09-08 07:16:17 AM,07:16:39 AM,22,v2868691481,https://www.twitch.tv/videos/2868691481
2026-09-08 07:16:50 AM,07:17:12 AM,22,v2868691788,https://www.twitch.tv/videos/2868691788
2026-09-08 07:17:23 AM,07:17:45 AM,22,v2868692104,https://www.twitch.tv/videos/2868692104
2026-09-08 07:17:55 AM,07:18:16 AM,21,v2868692392,https://www.twitch.tv/videos/2868692392
2026-09-08 07:18:26 AM,07:18:47 AM,21,v2868692661,https://www.twitch.tv/videos/2868692661
2026-09-08 07:18:58 AM,07:19:23 AM,25,v2868692944,https://www.twitch.tv/videos/2868692944
2026-09-08 07:19:33 AM,07:19:58 AM,25,v2868693251,https://www.twitch.tv/videos/2868693251
2026-09-08 07:20:09 AM,07:20:35 AM,26,v2868693568,https://www.twitch.tv/videos/2868693568
2026-09-08 07:20:46 AM,07:21:11 AM,25,v2868693886,https://www.twitch.tv/videos/2868693886
2026-09-08 07:21:22 AM,07:21:47 AM,25,v2868694244,https://www.twitch.tv/videos/2868694244
2026-09-08 07:21:58 AM,07:22:26 AM,28,v2868694616,https://www.twitch.tv/videos/2868694616
2026-09-08 07:22:37 AM,07:23:03 AM,26,v2868694980,https://www.twitch.tv/videos/2868694980
2026-09-08 07:23:14 AM,07:23:42 AM,28,v2868695354,https://www.twitch.tv/videos/2868695354
2026-09-08 07:23:53 AM,07:24:22 AM,29,v2868695679,https://www.twitch.tv/videos/2868695679
2026-09-08 07:24:32 AM,07:25:01 AM,29,v2868696036,https://www.twitch.tv/videos/2868696036
2026-09-08 07:25:12 AM,07:25:40 AM,28,v2868696365,https://www.twitch.tv/videos/2868696365
2026-09-08 07:25:51 AM,07:26:18 AM,27,v2868696715,https://www.twitch.tv/videos/2868696715
2026-09-08 07:26:29 AM,07:26:56 AM,27,v2868697024,https://www.twitch.tv/videos/2868697024
2026-09-08 07:27:07 AM,07:27:35 AM,28,v2868697344,https://www.twitch.tv/videos/2868697344
2026-09-08 07:27:47 AM,07:28:14 AM,27,v2868697658,https://www.twitch.tv/videos/2868697658
2026-09-08 07:28:25 AM,07:28:52 AM,27,v2868697995,https://www.twitch.tv/videos/2868697995
2026-09-08 07:29:03 AM,07:29:26 AM,23,v2868698360,https://www.twitch.tv/videos/2868698360
2026-09-08 07:29:36 AM,07:29:59 AM,23,v2868698731,https://www.twitch.tv/videos/2868698731
2026-09-08 07:30:10 AM,07:30:33 AM,23,v2868699062,https://www.twitch.tv/videos/2868699062
2026-09-08 07:30:44 AM,07:31:08 AM,24,v2868699410,https://www.twitch.tv/videos/2868699410
2026-09-08 07:31:18 AM,07:31:41 AM,23,v2868699746,https://www.twitch.tv/videos/2868699746
2026-09-08 07:31:53 AM,07:32:16 AM,23,v2868700045,https://www.twitch.tv/videos/2868700045
2026-09-08 07:32:27 AM,07:32:50 AM,23,v2868700353,https://www.twitch.tv/videos/2868700353
2026-09-08 07:33:01 AM,07:33:26 AM,25,v2868700671,https://www.twitch.tv/videos/2868700671
2026-09-08 07:33:36 AM,07:34:01 AM,25,v2868700971,https://www.twitch.tv/videos/2868700971
2026-09-08 07:34:12 AM,07:34:33 AM,21,v2868701282,https://www.twitch.tv/videos/2868701282
2026-09-08 07:34:43 AM,07:35:04 AM,21,v2868701546,https://www.twitch.tv/videos/2868701546
2026-09-08 07:35:14 AM,07:35:37 AM,23,v2868701846,https://www.twitch.tv/videos/2868701846
2026-09-08 07:35:48 AM,07:36:10 AM,22,v2868702169,https://www.twitch.tv/videos/2868702169
2026-09-08 07:36:20 AM,07:36:42 AM,22,v2868702475,https://www.twitch.tv/videos/2868702475
2026-09-08 07:36:53 AM,07:37:15 AM,22,v2868702805,https://www.twitch.tv/videos/2868702805
2026-09-08 07:37:26 AM,07:37:50 AM,24,v2868703093,https://www.twitch.tv/videos/2868703093
2026-09-08 07:38:00 AM,07:38:24 AM,24,v2868703423,https://www.twitch.tv/videos/2868703423
2026-09-08 07:38:35 AM,07:38:58 AM,23,v2868703700,https://www.twitch.tv/videos/2868703700
2026-09-08 07:39:08 AM,07:39:31 AM,23,v2868704012,https://www.twitch.tv/videos/2868704012
2026-09-08 07:39:42 AM,07:40:07 AM,25,v2868704309,https://www.twitch.tv/videos/2868704309
2026-09-08 07:40:19 AM,07:40:46 AM,27,v2868704625,https://www.twitch.tv/videos/2868704625
2026-09-08 07:40:56 AM,07:41:23 AM,27,v2868704956,https://www.twitch.tv/videos/2868704956
2026-09-08 07:41:34 AM,07:42:01 AM,27,v2868705302,https://www.twitch.tv/videos/2868705302
2026-09-08 07:42:11 AM,07:42:36 AM,25,v2868705642,https://www.twitch.tv/videos/2868705642
2026-09-08 07:42:47 AM,07:43:11 AM,24,v2868705996,https://www.twitch.tv/videos/2868705996
2026-09-08 07:43:22 AM,07:43:48 AM,26,v2868706360,https://www.twitch.tv/videos/2868706360
2026-09-08 07:43:59 AM,07:44:25 AM,26,v2868706734,https://www.twitch.tv/videos/2868706734
2026-09-08 07:44:36 AM,07:45:05 AM,29,v2868707078,https://www.twitch.tv/videos/2868707078
2026-09-08 07:45:16 AM,07:45:45 AM,29,v2868707461,https://www.twitch.tv/videos/2868707461
2026-09-08 07:45:55 AM,07:46:23 AM,28,v2868707858,https://www.twitch.tv/videos/2868707858
2026-09-08 07:46:34 AM,07:46:57 AM,23,v2868708234,https://www.twitch.tv/videos/2868708234
2026-09-08 07:47:08 AM,07:47:31 AM,23,v2868708568,https://www.twitch.tv/videos/2868708568
2026-09-08 07:47:41 AM,07:48:04 AM,23,v2868708866,https://www.twitch.tv/videos/2868708866
2026-09-08 07:48:15 AM,07:48:39 AM,24,v2868709158,https://www.twitch.tv/videos/2868709158
2026-09-08 07:48:50 AM,07:49:16 AM,26,v2868709476,https://www.twitch.tv/videos/2868709476
2026-09-08 07:49:27 AM,07:49:53 AM,26,v2868709827,https://www.twitch.tv/videos/2868709827
2026-09-08 07:50:04 AM,07:50:31 AM,27,v2868710174,https://www.twitch.tv/videos/2868710174
2026-09-08 07:50:42 AM,07:51:08 AM,26,v2868710567,https://www.twitch.tv/videos/2868710567
2026-09-08 07:51:19 AM,07:51:42 AM,23,v2868710932,https://www.twitch.tv/videos/2868710932
2026-09-08 07:51:52 AM,07:52:15 AM,23,v2868711253,https://www.twitch.tv/videos/2868711253
2026-09-08 07:52:26 AM,07:52:49 AM,23,v2868711573,https://www.twitch.tv/videos/2868711573
2026-09-08 07:53:00 AM,07:53:23 AM,23,v2868711920,https://www.twitch.tv/videos/2868711920
2026-09-08 07:53:34 AM,07:53:57 AM,23,v2868712273,https://www.twitch.tv/videos/2868712273
2026-09-08 07:54:08 AM,07:54:33 AM,25,v2868712595,https://www.twitch.tv/videos/2868712595
2026-09-08 07:54:44 AM,07:55:10 AM,26,v2868712949,https://www.twitch.tv/videos/2868712949
2026-09-08 07:55:21 AM,07:55:44 AM,23,v2868713351,https://www.twitch.tv/videos/2868713351
2026-09-08 07:55:55 AM,07:56:18 AM,23,v2868713746,https://www.twitch.tv/videos/2868713746
2026-09-08 07:56:29 AM,07:56:51 AM,22,v2868714128,https://www.twitch.tv/videos/2868714128
2026-09-08 07:57:01 AM,07:57:21 AM,20,v2868714484,https://www.twitch.tv/videos/2868714484
2026-09-08 07:57:32 AM,07:57:52 AM,20,v2868714820,https://www.twitch.tv/videos/2868714820
2026-09-08 07:58:02 AM,07:58:21 AM,19,v2868715192,https://www.twitch.tv/videos/2868715192
2026-09-08 07:58:32 AM,07:58:51 AM,19,v2868715529,https://www.twitch.tv/videos/2868715529
2026-09-08 07:59:02 AM,07:59:20 AM,18,v2868715922,https://www.twitch.tv/videos/2868715922
2026-09-08 07:59:30 AM,07:59:48 AM,18,v2868716283,https://www.twitch.tv/videos/2868716283
2026-09-08 07:59:59 AM,08:00:15 AM,16,v2868716758,https://www.twitch.tv/videos/2868716758
2026-09-08 08:00:26 AM,08:00:44 AM,18,v2868717318,https://www.twitch.tv/videos/2868717318
2026-09-08 08:00:54 AM,08:01:12 AM,18,v2868717776,https://www.twitch.tv/videos/2868717776
2026-09-08 08:01:22 AM,08:01:40 AM,18,v2868718170,https://www.twitch.tv/videos/2868718170
2026-09-08 08:01:51 AM,08:02:09 AM,18,v2868718519,https://www.twitch.tv/videos/2868718519
2026-09-08 08:02:19 AM,08:02:40 AM,21,v2868718883,https://www.twitch.tv/videos/2868718883
2026-09-08 08:02:50 AM,08:03:11 AM,21,v2868719287,https://www.twitch.tv/videos/2868719287
2026-09-08 08:03:21 AM,08:03:42 AM,21,v2868719648,https://www.twitch.tv/videos/2868719648
2026-09-08 08:03:53 AM,08:04:16 AM,23,v2868720022,https://www.twitch.tv/videos/2868720022
2026-09-08 08:04:26 AM,08:04:49 AM,23,v2868720476,https://www.twitch.tv/videos/2868720476
2026-09-08 08:04:59 AM,08:05:23 AM,24,v2868720894,https://www.twitch.tv/videos/2868720894
2026-09-08 08:05:34 AM,08:05:58 AM,24,v2868721245,https://www.twitch.tv/videos/2868721245
2026-09-08 08:06:08 AM,08:06:32 AM,24,v2868721629,https://www.twitch.tv/videos/2868721629
2026-09-08 08:06:43 AM,08:07:07 AM,24,v2868722015,https://www.twitch.tv/videos/2868722015
2026-09-08 08:07:18 AM,08:07:42 AM,24,v2868722391,https://www.twitch.tv/videos/2868722391
2026-09-08 08:07:53 AM,08:08:19 AM,26,v2868722763,https://www.twitch.tv/videos/2868722763
2026-09-08 08:08:29 AM,08:08:53 AM,24,v2868723120,https://www.twitch.tv/videos/2868723120
2026-09-08 08:09:04 AM,08:09:28 AM,24,v2868723480,https://www.twitch.tv/videos/2868723480
2026-09-08 08:09:38 AM,08:10:00 AM,22,v2868723799,https://www.twitch.tv/videos/2868723799
2026-09-08 08:10:11 AM,08:10:29 AM,18,v2868724145,https://www.twitch.tv/videos/2868724145
2026-09-08 08:10:40 AM,08:10:58 AM,18,v2868724437,https://www.twitch.tv/videos/2868724437
2026-09-08 08:11:09 AM,08:11:28 AM,19,v2868724769,https://www.twitch.tv/videos/2868724769
2026-09-08 08:11:38 AM,08:11:57 AM,19,v2868725106,https://www.twitch.tv/videos/2868725106
2026-09-08 08:12:09 AM,08:12:28 AM,19,v2868725425,https://www.twitch.tv/videos/2868725425
2026-09-08 08:12:38 AM,08:12:57 AM,19,v2868725743,https://www.twitch.tv/videos/2868725743
2026-09-08 08:13:07 AM,08:13:29 AM,22,v2868726022,https://www.twitch.tv/videos/2868726022
2026-09-08 08:13:40 AM,08:14:02 AM,22,v2868726354,https://www.twitch.tv/videos/2868726354
2026-09-08 08:14:12 AM,08:14:35 AM,23,v2868726717,https://www.twitch.tv/videos/2868726717
2026-09-08 08:14:46 AM,08:15:08 AM,22,v2868727073,https://www.twitch.tv/videos/2868727073
2026-09-08 08:15:18 AM,08:15:40 AM,22,v2868727420,https://www.twitch.tv/videos/2868727420
2026-09-08 08:15:50 AM,08:16:14 AM,24,v2868727742,https://www.twitch.tv/videos/2868727742
2026-09-08 08:16:25 AM,08:16:48 AM,23,v2868728100,https://www.twitch.tv/videos/2868728100
2026-09-08 08:16:58 AM,08:17:19 AM,21,v2868728443,https://www.twitch.tv/videos/2868728443
2026-09-08 08:17:30 AM,08:17:51 AM,21,v2868728790,https://www.twitch.tv/videos/2868728790
2026-09-08 08:18:02 AM,08:18:23 AM,21,v2868729111,https://www.twitch.tv/videos/2868729111
2026-09-08 08:18:34 AM,08:18:55 AM,21,v2868729454,https://www.twitch.tv/videos/2868729454
2026-09-08 08:19:06 AM,08:19:26 AM,20,v2868729803,https://www.twitch.tv/videos/2868729803
2026-09-08 08:19:37 AM,08:19:57 AM,20,v2868730086,https://www.twitch.tv/videos/2868730086
2026-09-08 08:20:07 AM,08:20:22 AM,15,v2868730391,https://www.twitch.tv/videos/2868730391
2026-09-08 08:20:33 AM,08:20:48 AM,15,v2868730616,https://www.twitch.tv/videos/2868730616
2026-09-08 08:20:58 AM,08:21:13 AM,15,v2868730866,https://www.twitch.tv/videos/2868730866
2026-09-08 08:21:24 AM,08:21:39 AM,15,v2868731124,https://www.twitch.tv/videos/2868731124
2026-09-08 08:21:49 AM,08:22:04 AM,15,v2868731360,https://www.twitch.tv/videos/2868731360
2026-09-08 08:22:14 AM,08:22:29 AM,15,v2868731600,https://www.twitch.tv/videos/2868731600
2026-09-08 08:22:39 AM,08:22:53 AM,14,v2868731839,https://www.twitch.tv/videos/2868731839
2026-09-08 08:23:03 AM,08:23:17 AM,14,v2868732069,https://www.twitch.tv/videos/2868732069
2026-09-08 08:23:28 AM,08:23:43 AM,15,v2868732339,https://www.twitch.tv/videos/2868732339
2026-09-08 08:23:53 AM,08:24:08 AM,15,v2868732616,https://www.twitch.tv/videos/2868732616
2026-09-08 08:24:19 AM,08:24:36 AM,17,v2868732908,https://www.twitch.tv/videos/2868732908
2026-09-08 08:24:46 AM,08:25:03 AM,17,v2868733186,https://www.twitch.tv/videos/2868733186
2026-09-08 08:25:14 AM,08:25:31 AM,17,v2868733466,https://www.twitch.tv/videos/2868733466
2026-09-08 08:25:42 AM,08:25:59 AM,17,v2868733789,https://www.twitch.tv/videos/2868733789
2026-09-08 08:26:09 AM,08:26:26 AM,17,v2868734090,https://www.twitch.tv/videos/2868734090
2026-09-08 08:26:37 AM,08:26:54 AM,17,v2868734355,https://www.twitch.tv/videos/2868734355
2026-09-08 08:27:04 AM,08:27:21 AM,17,v2868734633,https://www.twitch.tv/videos/2868734633
2026-09-08 08:27:31 AM,08:27:49 AM,18,v2868734917,https://www.twitch.tv/videos/2868734917
2026-09-08 08:28:00 AM,08:28:18 AM,18,v2868735214,https://www.twitch.tv/videos/2868735214
2026-09-08 08:28:27 AM,08:28:45 AM,18,v2868735520,https://www.twitch.tv/videos/2868735520
2026-09-08 08:28:55 AM,08:29:15 AM,20,v2868735847,https://www.twitch.tv/videos/2868735847
2026-09-08 08:29:25 AM,08:29:45 AM,20,v2868736110,https://www.twitch.tv/videos/2868736110
2026-09-08 08:29:55 AM,08:30:13 AM,18,v2868736442,https://www.twitch.tv/videos/2868736442
2026-09-08 08:30:24 AM,08:30:42 AM,18,v2868736804,https://www.twitch.tv/videos/2868736804
2026-09-08 08:30:52 AM,08:31:11 AM,19,v2868737134,https://www.twitch.tv/videos/2868737134
2026-09-08 08:31:22 AM,08:31:40 AM,18,v2868737469,https://www.twitch.tv/videos/2868737469
2026-09-08 08:31:50 AM,08:32:08 AM,18,v2868737801,https://www.twitch.tv/videos/2868737801
2026-09-08 08:32:19 AM,08:32:37 AM,18,v2868738120,https://www.twitch.tv/videos/2868738120
2026-09-08 08:32:48 AM,08:33:08 AM,20,v2868738401,https://www.twitch.tv/videos/2868738401
2026-09-08 08:33:18 AM,08:33:38 AM,20,v2868738718,https://www.twitch.tv/videos/2868738718
2026-09-08 08:33:48 AM,08:34:09 AM,21,v2868739033,https://www.twitch.tv/videos/2868739033
2026-09-08 08:34:19 AM,08:34:39 AM,20,v2868739344,https://www.twitch.tv/videos/2868739344
2026-09-08 08:34:50 AM,08:35:10 AM,20,v2868739646,https://www.twitch.tv/videos/2868739646
2026-09-08 08:35:21 AM,08:35:41 AM,20,v2868739969,https://www.twitch.tv/videos/2868739969
2026-09-08 08:35:51 AM,08:36:11 AM,20,v2868740298,https://www.twitch.tv/videos/2868740298
2026-09-08 08:36:22 AM,08:36:44 AM,22,v2868740605,https://www.twitch.tv/videos/2868740605
2026-09-08 08:36:55 AM,08:37:17 AM,22,v2868740910,https://www.twitch.tv/videos/2868740910
2026-09-08 08:37:27 AM,08:37:49 AM,22,v2868741228,https://www.twitch.tv/videos/2868741228
2026-09-08 08:38:00 AM,08:38:20 AM,20,v2868741575,https://www.twitch.tv/videos/2868741575
2026-09-08 08:38:31 AM,08:38:51 AM,20,v2868741888,https://www.twitch.tv/videos/2868741888
2026-09-08 08:39:02 AM,08:39:23 AM,21,v2868742199,https://www.twitch.tv/videos/2868742199
2026-09-08 08:39:34 AM,08:39:55 AM,21,v2868742526,https://www.twitch.tv/videos/2868742526
2026-09-08 08:40:06 AM,08:40:27 AM,21,v2868742886,https://www.twitch.tv/videos/2868742886
2026-09-08 08:40:37 AM,08:40:58 AM,21,v2868743210,https://www.twitch.tv/videos/2868743210
2026-09-08 08:41:08 AM,08:41:29 AM,21,v2868743542,https://www.twitch.tv/videos/2868743542
2026-09-08 08:41:40 AM,08:42:02 AM,22,v2868743872,https://www.twitch.tv/videos/2868743872
2026-09-08 08:42:13 AM,08:42:35 AM,22,v2868744247,https://www.twitch.tv/videos/2868744247
2026-09-08 08:42:45 AM,08:43:07 AM,22,v2868744590,https://www.twitch.tv/videos/2868744590
2026-09-08 08:43:18 AM,08:43:40 AM,22,v2868744902,https://www.twitch.tv/videos/2868744902
2026-09-08 08:43:50 AM,08:44:11 AM,21,v2868745213,https://www.twitch.tv/videos/2868745213
2026-09-08 08:44:22 AM,08:44:42 AM,20,v2868745521,https://www.twitch.tv/videos/2868745521
2026-09-08 08:44:53 AM,08:45:13 AM,20,v2868745870,https://www.twitch.tv/videos/2868745870
2026-09-08 08:45:24 AM,08:45:47 AM,23,v2868746245,https://www.twitch.tv/videos/2868746245
2026-09-08 08:45:58 AM,08:46:22 AM,24,v2868746634,https://www.twitch.tv/videos/2868746634
2026-09-08 08:46:33 AM,08:46:57 AM,24,v2868747004,https://www.twitch.tv/videos/2868747004
2026-09-08 08:47:08 AM,08:47:30 AM,22,v2868747379,https://www.twitch.tv/videos/2868747379
2026-09-08 08:47:41 AM,08:48:04 AM,23,v2868747693,https://www.twitch.tv/videos/2868747693
2026-09-08 08:48:14 AM,08:48:37 AM,23,v2868748046,https://www.twitch.tv/videos/2868748046
2026-09-08 08:48:48 AM,08:49:10 AM,22,v2868748379,https://www.twitch.tv/videos/2868748379
2026-09-08 08:49:20 AM,08:49:42 AM,22,v2868748708,https://www.twitch.tv/videos/2868748708
2026-09-08 08:49:54 AM,08:50:19 AM,25,v2868749066,https://www.twitch.tv/videos/2868749066
2026-09-08 08:50:29 AM,08:50:56 AM,27,v2868749450,https://www.twitch.tv/videos/2868749450
2026-09-08 08:51:07 AM,08:51:34 AM,27,v2868749822,https://www.twitch.tv/videos/2868749822
2026-09-08 08:51:44 AM,08:52:11 AM,27,v2868750242,https://www.twitch.tv/videos/2868750242
2026-09-08 08:52:22 AM,08:52:49 AM,27,v2868750662,https://www.twitch.tv/videos/2868750662
2026-09-08 08:53:00 AM,08:53:29 AM,29,v2868751092,https://www.twitch.tv/videos/2868751092
2026-09-08 08:53:40 AM,08:54:07 AM,27,v2868751564,https://www.twitch.tv/videos/2868751564
2026-09-08 08:54:18 AM,08:54:44 AM,26,v2868751968,https://www.twitch.tv/videos/2868751968
2026-09-08 08:54:55 AM,08:55:21 AM,26,v2868752376,https://www.twitch.tv/videos/2868752376
2026-09-08 08:55:32 AM,08:55:58 AM,26,v2868752867,https://www.twitch.tv/videos/2868752867
2026-09-08 08:56:09 AM,08:56:39 AM,30,v2868753306,https://www.twitch.tv/videos/2868753306
2026-09-08 08:56:49 AM,08:57:18 AM,29,v2868753816,https://www.twitch.tv/videos/2868753816
2026-09-08 08:57:29 AM,08:57:58 AM,29,v2868754294,https://www.twitch.tv/videos/2868754294
2026-09-08 08:58:09 AM,08:58:38 AM,29,v2868754806,https://www.twitch.tv/videos/2868754806
2026-09-08 08:58:49 AM,08:59:18 AM,29,v2868755371,https://www.twitch.tv/videos/2868755371
2026-09-08 08:59:29 AM,08:59:58 AM,29,v2868755962,https://www.twitch.tv/videos/2868755962
2026-09-08 09:00:09 AM,09:00:40 AM,31,v2868756765,https://www.twitch.tv/videos/2868756765
2026-09-08 09:00:51 AM,09:01:20 AM,29,v2868757624,https://www.twitch.tv/videos/2868757624
2026-09-08 09:01:31 AM,09:01:59 AM,28,v2868758305,https://www.twitch.tv/videos/2868758305
2026-09-08 09:02:10 AM,09:02:38 AM,28,v2868758910,https://www.twitch.tv/videos/2868758910
2026-09-08 09:02:49 AM,09:03:17 AM,28,v2868759482,https://www.twitch.tv/videos/2868759482
2026-09-08 09:03:27 AM,09:03:55 AM,28,v2868760006,https://www.twitch.tv/videos/2868760006
2026-09-08 09:04:06 AM,09:04:30 AM,24,v2868760485,https://www.twitch.tv/videos/2868760485
2026-09-08 09:04:41 AM,09:05:06 AM,25,v2868760936,https://www.twitch.tv/videos/2868760936
2026-09-08 09:05:17 AM,09:05:42 AM,25,v2868761381,https://www.twitch.tv/videos/2868761381
2026-09-08 09:05:53 AM,09:06:18 AM,25,v2868761827,https://www.twitch.tv/videos/2868761827
2026-09-08 09:06:29 AM,09:06:51 AM,22,v2868762303,https://www.twitch.tv/videos/2868762303
2026-09-08 09:07:02 AM,09:07:22 AM,20,v2868762712,https://www.twitch.tv/videos/2868762712
2026-09-08 09:07:33 AM,09:07:53 AM,20,v2868763116,https://www.twitch.tv/videos/2868763116
2026-09-08 09:08:03 AM,09:08:23 AM,20,v2868763520,https://www.twitch.tv/videos/2868763520
2026-09-08 09:08:34 AM,09:08:54 AM,20,v2868763888,https://www.twitch.tv/videos/2868763888
2026-09-08 09:09:04 AM,09:09:25 AM,21,v2868764254,https://www.twitch.tv/videos/2868764254
2026-09-08 09:09:36 AM,09:09:57 AM,21,v2868764653,https://www.twitch.tv/videos/2868764653
2026-09-08 09:10:07 AM,09:10:30 AM,23,v2868765007,https://www.twitch.tv/videos/2868765007
2026-09-08 09:10:41 AM,09:11:04 AM,23,v2868765399,https://www.twitch.tv/videos/2868765399
2026-09-08 09:11:14 AM,09:11:37 AM,23,v2868765780,https://www.twitch.tv/videos/2868765780
2026-09-08 09:11:48 AM,09:12:13 AM,25,v2868766153,https://www.twitch.tv/videos/2868766153
2026-09-08 09:12:24 AM,09:12:49 AM,25,v2868766542,https://www.twitch.tv/videos/2868766542
2026-09-08 09:13:00 AM,09:13:27 AM,27,v2868766959,https://www.twitch.tv/videos/2868766959
2026-09-08 09:13:38 AM,09:14:04 AM,26,v2868767377,https://www.twitch.tv/videos/2868767377
2026-09-08 09:14:15 AM,09:14:41 AM,26,v2868767798,https://www.twitch.tv/videos/2868767798
2026-09-08 09:14:51 AM,09:15:15 AM,24,v2868768261,https://www.twitch.tv/videos/2868768261
2026-09-08 09:15:26 AM,09:15:51 AM,25,v2868768672,https://www.twitch.tv/videos/2868768672
2026-09-08 09:16:02 AM,09:16:27 AM,25,v2868769096,https://www.twitch.tv/videos/2868769096
2026-09-08 09:16:38 AM,09:17:03 AM,25,v2868769483,https://www.twitch.tv/videos/2868769483
2026-09-08 09:17:13 AM,09:17:37 AM,24,v2868769852,https://www.twitch.tv/videos/2868769852
2026-09-08 09:17:48 AM,09:18:16 AM,28,v2868770209,https://www.twitch.tv/videos/2868770209
2026-09-08 09:18:26 AM,09:18:52 AM,26,v2868770613,https://www.twitch.tv/videos/2868770613
2026-09-08 09:19:03 AM,09:19:27 AM,24,v2868771037,https://www.twitch.tv/videos/2868771037
2026-09-08 09:19:38 AM,09:20:02 AM,24,v2868771424,https://www.twitch.tv/videos/2868771424
2026-09-08 09:20:13 AM,09:20:38 AM,25,v2868771837,https://www.twitch.tv/videos/2868771837
2026-09-08 09:20:49 AM,09:21:14 AM,25,v2868772259,https://www.twitch.tv/videos/2868772259
2026-09-08 09:21:25 AM,09:21:55 AM,30,v2868772663,https://www.twitch.tv/videos/2868772663
2026-09-08 09:22:06 AM,09:22:37 AM,31,v2868773154,https://www.twitch.tv/videos/2868773154
2026-09-08 09:22:47 AM,09:23:18 AM,31,v2868773637,https://www.twitch.tv/videos/2868773637
2026-09-08 09:23:29 AM,09:24:00 AM,31,v2868774092,https://www.twitch.tv/videos/2868774092
2026-09-08 09:24:11 AM,09:24:37 AM,26,v2868774538,https://www.twitch.tv/videos/2868774538
2026-09-08 09:28:58 AM,09:29:08 AM,10,v2868777727,https://www.twitch.tv/videos/2868777727
2026-09-08 09:29:18 AM,09:29:28 AM,10,v2868777960,https://www.twitch.tv/videos/2868777960
2026-09-08 09:29:37 AM,09:29:47 AM,10,v2868778229,https://www.twitch.tv/videos/2868778229
2026-09-08 09:29:57 AM,09:30:11 AM,14,v2868778448,https://www.twitch.tv/videos/2868778448
2026-09-08 09:30:22 AM,09:30:36 AM,14,v2868778786,https://www.twitch.tv/videos/2868778786
2026-09-08 09:30:46 AM,09:31:04 AM,18,v2868779096,https://www.twitch.tv/videos/2868779096
2026-09-08 09:31:15 AM,09:31:33 AM,18,v2868779485,https://www.twitch.tv/videos/2868779485
2026-09-08 09:31:43 AM,09:32:01 AM,18,v2868779832,https://www.twitch.tv/videos/2868779832
2026-09-08 09:32:12 AM,09:32:39 AM,27,v2868780177,https://www.twitch.tv/videos/2868780177
2026-09-08 09:32:49 AM,09:33:18 AM,29,v2868780605,https://www.twitch.tv/videos/2868780605
2026-09-08 09:33:28 AM,09:33:57 AM,29,v2868781041,https://www.twitch.tv/videos/2868781041
2026-09-08 09:34:08 AM,09:34:37 AM,29,v2868781488,https://www.twitch.tv/videos/2868781488
2026-09-08 09:34:48 AM,09:35:26 AM,38,v2868781954,https://www.twitch.tv/videos/2868781954
2026-09-08 09:35:36 AM,09:36:14 AM,38,v2868782522,https://www.twitch.tv/videos/2868782522
2026-09-08 09:36:25 AM,09:37:08 AM,43,v2868783106,https://www.twitch.tv/videos/2868783106
2026-09-08 09:37:18 AM,09:38:01 AM,43,v2868783750,https://www.twitch.tv/videos/2868783750
2026-09-08 09:38:12 AM,09:38:54 AM,42,v2868784354,https://www.twitch.tv/videos/2868784354
2026-09-08 09:39:05 AM,09:39:49 AM,44,v2868784985,https://www.twitch.tv/videos/2868784985
2026-09-08 09:40:00 AM,09:40:44 AM,44,v2868785610,https://www.twitch.tv/videos/2868785610
2026-09-08 09:40:55 AM,09:41:35 AM,40,v2868786198,https://www.twitch.tv/videos/2868786198
2026-09-08 09:41:46 AM,09:42:23 AM,37,v2868786791,https://www.twitch.tv/videos/2868786791
2026-09-08 09:42:34 AM,09:43:12 AM,38,v2868787341,https://www.twitch.tv/videos/2868787341
2026-09-08 09:43:23 AM,09:44:01 AM,38,v2868787909,https://www.twitch.tv/videos/2868787909
2026-09-08 09:44:12 AM,09:44:51 AM,39,v2868788451,https://www.twitch.tv/videos/2868788451
2026-09-08 09:45:02 AM,09:45:36 AM,34,v2868789062,https://www.twitch.tv/videos/2868789062
2026-09-08 09:45:47 AM,09:46:19 AM,32,v2868789566,https://www.twitch.tv/videos/2868789566
2026-09-08 09:46:29 AM,09:47:01 AM,32,v2868790053,https://www.twitch.tv/videos/2868790053
2026-09-08 09:47:12 AM,09:47:51 AM,39,v2868790520,https://www.twitch.tv/videos/2868790520
2026-09-08 09:48:02 AM,09:48:47 AM,45,v2868791107,https://www.twitch.tv/videos/2868791107
2026-09-08 09:48:58 AM,09:49:44 AM,46,v2868791785,https://www.twitch.tv/videos/2868791785
2026-09-08 09:49:54 AM,09:50:38 AM,44,v2868792455,https://www.twitch.tv/videos/2868792455
2026-09-08 09:50:49 AM,09:51:26 AM,37,v2868793166,https://www.twitch.tv/videos/2868793166
2026-09-08 09:51:37 AM,09:52:18 AM,41,v2868793770,https://www.twitch.tv/videos/2868793770
2026-09-08 09:52:30 AM,09:53:12 AM,42,v2868794383,https://www.twitch.tv/videos/2868794383
2026-09-08 09:53:22 AM,09:54:03 AM,41,v2868794988,https://www.twitch.tv/videos/2868794988
2026-09-08 09:54:14 AM,09:54:50 AM,36,v2868795649,https://www.twitch.tv/videos/2868795649
2026-09-08 09:55:01 AM,09:55:33 AM,32,v2868796257,https://www.twitch.tv/videos/2868796257
2026-09-08 09:55:43 AM,09:56:15 AM,32,v2868796901,https://www.twitch.tv/videos/2868796901
2026-09-08 09:56:26 AM,09:56:57 AM,31,v2868797500,https://www.twitch.tv/videos/2868797500
2026-09-08 09:57:08 AM,09:57:39 AM,31,v2868798130,https://www.twitch.tv/videos/2868798130
2026-09-08 09:57:50 AM,09:58:21 AM,31,v2868798753,https://www.twitch.tv/videos/2868798753
2026-09-08 09:58:31 AM,09:59:02 AM,31,v2868799358,https://www.twitch.tv/videos/2868799358
2026-09-08 09:59:13 AM,09:59:54 AM,41,v2868799988,https://www.twitch.tv/videos/2868799988
2026-09-08 10:00:05 AM,10:00:46 AM,41,v2868801015,https://www.twitch.tv/videos/2868801015
2026-09-08 10:00:57 AM,10:01:38 AM,41,v2868802135,https://www.twitch.tv/videos/2868802135
2026-09-08 10:01:49 AM,10:02:34 AM,45,v2868803060,https://www.twitch.tv/videos/2868803060
2026-09-08 10:02:45 AM,10:03:31 AM,46,v2868804012,https://www.twitch.tv/videos/2868804012
2026-09-08 10:03:42 AM,10:04:26 AM,44,v2868804866,https://www.twitch.tv/videos/2868804866
2026-09-08 10:04:37 AM,10:05:25 AM,48,v2868805694,https://www.twitch.tv/videos/2868805694
2026-09-08 10:05:36 AM,10:06:24 AM,48,v2868806455,https://www.twitch.tv/videos/2868806455
2026-09-08 10:06:36 AM,10:07:29 AM,53,v2868807246,https://www.twitch.tv/videos/2868807246
2026-09-08 10:07:40 AM,10:08:34 AM,54,v2868808091,https://www.twitch.tv/videos/2868808091
2026-09-08 10:08:45 AM,10:09:29 AM,44,v2868808936,https://www.twitch.tv/videos/2868808936
2026-09-08 10:09:39 AM,10:10:17 AM,38,v2868809630,https://www.twitch.tv/videos/2868809630
2026-09-08 10:10:28 AM,10:11:07 AM,39,v2868810259,https://www.twitch.tv/videos/2868810259
2026-09-08 10:11:18 AM,10:12:00 AM,42,v2868810921,https://www.twitch.tv/videos/2868810921
2026-09-08 10:12:11 AM,10:12:54 AM,43,v2868811561,https://www.twitch.tv/videos/2868811561
2026-09-08 10:13:05 AM,10:13:38 AM,33,v2868812261,https://www.twitch.tv/videos/2868812261
2026-09-08 10:13:48 AM,10:14:21 AM,33,v2868812780,https://www.twitch.tv/videos/2868812780
2026-09-08 10:14:31 AM,10:15:03 AM,32,v2868813292,https://www.twitch.tv/videos/2868813292
2026-09-08 10:15:14 AM,10:15:46 AM,32,v2868813804,https://www.twitch.tv/videos/2868813804
2026-09-08 10:15:57 AM,10:16:30 AM,33,v2868814323,https://www.twitch.tv/videos/2868814323
2026-09-08 10:16:41 AM,10:17:12 AM,31,v2868814875,https://www.twitch.tv/videos/2868814875
2026-09-08 10:17:22 AM,10:17:49 AM,27,v2868815409,https://www.twitch.tv/videos/2868815409
2026-09-08 10:18:00 AM,10:18:28 AM,28,v2868815867,https://www.twitch.tv/videos/2868815867
2026-09-08 10:18:38 AM,10:19:06 AM,28,v2868816330,https://www.twitch.tv/videos/2868816330
2026-09-08 10:19:17 AM,10:19:46 AM,29,v2868816772,https://www.twitch.tv/videos/2868816772
2026-09-08 10:19:57 AM,10:20:26 AM,29,v2868817225,https://www.twitch.tv/videos/2868817225
2026-09-08 10:20:37 AM,10:21:06 AM,29,v2868817706,https://www.twitch.tv/videos/2868817706
2026-09-08 10:21:18 AM,10:22:03 AM,45,v2868818156,https://www.twitch.tv/videos/2868818156
2026-09-08 10:22:14 AM,10:22:59 AM,45,v2868818788,https://www.twitch.tv/videos/2868818788
2026-09-08 10:23:09 AM,10:23:57 AM,48,v2868819439,https://www.twitch.tv/videos/2868819439
2026-09-08 10:24:08 AM,10:24:56 AM,48,v2868820133,https://www.twitch.tv/videos/2868820133
2026-09-08 10:25:07 AM,10:26:01 AM,54,v2868820922,https://www.twitch.tv/videos/2868820922
2026-09-08 10:26:12 AM,10:27:06 AM,54,v2868821707,https://www.twitch.tv/videos/2868821707
2026-09-08 10:27:18 AM,10:28:17 AM,59,v2868822577,https://www.twitch.tv/videos/2868822577
2026-09-08 10:28:29 AM,10:29:31 AM,62,v2868823453,https://www.twitch.tv/videos/2868823453
2026-09-08 10:29:43 AM,10:30:49 AM,66,v2868824341,https://www.twitch.tv/videos/2868824341
2026-09-08 10:31:00 AM,10:32:06 AM,66,v2868825408,https://www.twitch.tv/videos/2868825408
2026-09-08 10:32:18 AM,10:33:21 AM,63,v2868826439,https://www.twitch.tv/videos/2868826439
2026-09-08 10:33:32 AM,10:34:35 AM,63,v2868827383,https://www.twitch.tv/videos/2868827383
2026-09-08 10:34:46 AM,10:35:43 AM,57,v2868828316,https://www.twitch.tv/videos/2868828316
2026-09-08 10:35:55 AM,10:36:52 AM,57,v2868829111,https://www.twitch.tv/videos/2868829111
2026-09-08 10:37:03 AM,10:38:01 AM,58,v2868829948,https://www.twitch.tv/videos/2868829948
2026-09-08 10:38:12 AM,10:39:05 AM,53,v2868830760,https://www.twitch.tv/videos/2868830760
2026-09-08 10:39:16 AM,10:40:09 AM,53,v2868831530,https://www.twitch.tv/videos/2868831530
2026-09-08 10:40:19 AM,10:41:09 AM,50,v2868832340,https://www.twitch.tv/videos/2868832340
2026-09-08 10:41:21 AM,10:42:11 AM,50,v2868833103,https://www.twitch.tv/videos/2868833103
2026-09-08 10:42:22 AM,10:43:12 AM,50,v2868833845,https://www.twitch.tv/videos/2868833845
2026-09-08 10:43:23 AM,10:44:17 AM,54,v2868834542,https://www.twitch.tv/videos/2868834542
2026-09-08 10:44:29 AM,10:45:25 AM,56,v2868835290,https://www.twitch.tv/videos/2868835290
2026-09-08 10:45:36 AM,10:46:36 AM,60,v2868836145,https://www.twitch.tv/videos/2868836145
2026-09-08 10:46:48 AM,10:47:48 AM,60,v2868837047,https://www.twitch.tv/videos/2868837047
2026-09-08 10:48:00 AM,10:49:07 AM,67,v2868837950,https://www.twitch.tv/videos/2868837950
2026-09-08 10:49:19 AM,10:50:26 AM,67,v2868838858,https://www.twitch.tv/videos/2868838858
2026-09-08 10:50:38 AM,10:51:35 AM,57,v2868839812,https://www.twitch.tv/videos/2868839812
2026-09-08 10:51:46 AM,10:52:43 AM,57,v2868840674,https://www.twitch.tv/videos/2868840674
2026-09-08 10:52:55 AM,10:53:56 AM,61,v2868841616,https://www.twitch.tv/videos/2868841616
2026-09-08 10:54:07 AM,10:55:08 AM,61,v2868842534,https://www.twitch.tv/videos/2868842534
2026-09-08 10:55:20 AM,10:56:24 AM,64,v2868843537,https://www.twitch.tv/videos/2868843537
2026-09-08 10:56:36 AM,10:57:40 AM,64,v2868844633,https://www.twitch.tv/videos/2868844633
2026-09-08 10:57:52 AM,10:58:56 AM,64,v2868845714,https://www.twitch.tv/videos/2868845714
2026-09-08 10:59:08 AM,11:00:11 AM,63,v2868846885,https://www.twitch.tv/videos/2868846885
2026-09-08 11:00:22 AM,11:01:22 AM,60,v2868848422,https://www.twitch.tv/videos/2868848422
2026-09-08 11:01:34 AM,11:02:34 AM,60,v2868849872,https://www.twitch.tv/videos/2868849872
2026-09-08 11:02:45 AM,11:03:42 AM,57,v2868851072,https://www.twitch.tv/videos/2868851072
2026-09-08 11:03:53 AM,11:04:53 AM,60,v2868852111,https://www.twitch.tv/videos/2868852111
2026-09-08 11:05:05 AM,11:06:05 AM,60,v2868853215,https://www.twitch.tv/videos/2868853215
2026-09-08 11:06:16 AM,11:07:16 AM,60,v2868854297,https://www.twitch.tv/videos/2868854297
2026-09-08 11:07:28 AM,11:08:19 AM,51,v2868855314,https://www.twitch.tv/videos/2868855314
2026-09-08 11:08:31 AM,11:09:24 AM,53,v2868856107,https://www.twitch.tv/videos/2868856107
2026-09-08 11:09:34 AM,11:10:20 AM,46,v2868856951,https://www.twitch.tv/videos/2868856951
2026-09-08 11:10:31 AM,11:11:17 AM,46,v2868857715,https://www.twitch.tv/videos/2868857715
2026-09-08 11:11:29 AM,11:12:15 AM,46,v2868858505,https://www.twitch.tv/videos/2868858505
2026-09-08 11:12:26 AM,11:13:12 AM,46,v2868859260,https://www.twitch.tv/videos/2868859260
2026-09-08 11:13:23 AM,11:14:09 AM,46,v2868859982,https://www.twitch.tv/videos/2868859982
2026-09-08 11:14:20 AM,11:15:04 AM,44,v2868860782,https://www.twitch.tv/videos/2868860782
2026-09-08 11:15:15 AM,11:15:56 AM,41,v2868861515,https://www.twitch.tv/videos/2868861515
2026-09-08 11:16:07 AM,11:16:48 AM,41,v2868862157,https://www.twitch.tv/videos/2868862157
2026-09-08 11:16:58 AM,11:17:39 AM,41,v2868862841,https://www.twitch.tv/videos/2868862841
2026-09-08 11:17:50 AM,11:18:30 AM,40,v2868863498,https://www.twitch.tv/videos/2868863498
2026-09-08 11:18:40 AM,11:19:20 AM,40,v2868864153,https://www.twitch.tv/videos/2868864153
2026-09-08 11:19:31 AM,11:20:11 AM,40,v2868864770,https://www.twitch.tv/videos/2868864770
2026-09-08 11:20:22 AM,11:21:08 AM,46,v2868865428,https://www.twitch.tv/videos/2868865428
2026-09-08 11:21:20 AM,11:22:03 AM,43,v2868866199,https://www.twitch.tv/videos/2868866199
2026-09-08 11:22:14 AM,11:22:59 AM,45,v2868866867,https://www.twitch.tv/videos/2868866867
2026-09-08 11:23:10 AM,11:23:55 AM,45,v2868867522,https://www.twitch.tv/videos/2868867522
2026-09-08 11:24:06 AM,11:24:55 AM,49,v2868868182,https://www.twitch.tv/videos/2868868182
2026-09-08 11:25:06 AM,11:25:55 AM,49,v2868868913,https://www.twitch.tv/videos/2868868913
2026-09-08 11:26:07 AM,11:27:04 AM,57,v2868869674,https://www.twitch.tv/videos/2868869674
2026-09-08 11:27:15 AM,11:28:07 AM,52,v2868870556,https://www.twitch.tv/videos/2868870556
2026-09-08 11:28:18 AM,11:29:11 AM,53,v2868871411,https://www.twitch.tv/videos/2868871411
2026-09-08 11:29:22 AM,11:30:15 AM,53,v2868872253,https://www.twitch.tv/videos/2868872253
2026-09-08 11:30:26 AM,11:31:20 AM,54,v2868873251,https://www.twitch.tv/videos/2868873251
2026-09-08 11:31:31 AM,11:32:25 AM,54,v2868874241,https://www.twitch.tv/videos/2868874241
2026-09-08 11:32:36 AM,11:33:28 AM,52,v2868875100,https://www.twitch.tv/videos/2868875100
2026-09-08 11:33:39 AM,11:34:32 AM,53,v2868875902,https://www.twitch.tv/videos/2868875902
2026-09-08 11:34:43 AM,11:35:33 AM,50,v2868876745,https://www.twitch.tv/videos/2868876745
2026-09-08 11:35:45 AM,11:36:32 AM,47,v2868877477,https://www.twitch.tv/videos/2868877477
2026-09-08 11:36:43 AM,11:37:30 AM,47,v2868878226,https://www.twitch.tv/videos/2868878226
2026-09-08 11:37:41 AM,11:38:28 AM,47,v2868878992,https://www.twitch.tv/videos/2868878992
2026-09-08 11:38:40 AM,11:39:26 AM,46,v2868879708,https://www.twitch.tv/videos/2868879708
2026-09-08 11:39:37 AM,11:40:23 AM,46,v2868880375,https://www.twitch.tv/videos/2868880375
2026-09-08 11:40:34 AM,11:41:20 AM,46,v2868881140,https://www.twitch.tv/videos/2868881140
2026-09-08 11:41:31 AM,11:42:25 AM,54,v2868881881,https://www.twitch.tv/videos/2868881881
2026-09-08 11:42:36 AM,11:43:30 AM,54,v2868882690,https://www.twitch.tv/videos/2868882690
2026-09-08 11:43:42 AM,11:44:46 AM,64,v2868883488,https://www.twitch.tv/videos/2868883488
2026-09-08 11:44:58 AM,11:46:03 AM,65,v2868884450,https://www.twitch.tv/videos/2868884450
2026-09-08 11:46:15 AM,11:47:21 AM,66,v2868885375,https://www.twitch.tv/videos/2868885375
2026-09-08 11:47:33 AM,11:48:39 AM,66,v2868886329,https://www.twitch.tv/videos/2868886329
2026-09-08 11:48:51 AM,11:49:59 AM,68,v2868887346,https://www.twitch.tv/videos/2868887346
2026-09-08 11:50:11 AM,11:51:16 AM,65,v2868888401,https://www.twitch.tv/videos/2868888401
2026-09-08 11:51:28 AM,11:52:36 AM,68,v2868889376,https://www.twitch.tv/videos/2868889376
2026-09-08 11:52:47 AM,11:53:38 AM,51,v2868890397,https://www.twitch.tv/videos/2868890397
2026-09-08 11:53:49 AM,11:54:27 AM,38,v2868891164,https://www.twitch.tv/videos/2868891164
2026-09-08 11:54:37 AM,11:55:14 AM,37,v2868891821,https://www.twitch.tv/videos/2868891821
2026-09-08 11:55:25 AM,11:55:58 AM,33,v2868892537,https://www.twitch.tv/videos/2868892537
2026-09-08 11:56:09 AM,11:56:39 AM,30,v2868893179,https://www.twitch.tv/videos/2868893179
2026-09-08 11:56:49 AM,11:57:19 AM,30,v2868893751,https://www.twitch.tv/videos/2868893751
2026-09-08 11:57:29 AM,11:58:00 AM,31,v2868894307,https://www.twitch.tv/videos/2868894307
2026-09-08 11:58:11 AM,11:58:39 AM,28,v2868894938,https://www.twitch.tv/videos/2868894938
2026-09-08 11:58:49 AM,11:59:16 AM,27,v2868895539,https://www.twitch.tv/videos/2868895539
2026-09-08 11:59:27 AM,11:59:55 AM,28,v2868896179,https://www.twitch.tv/videos/2868896179
2026-09-08 12:00:06 PM,12:00:34 PM,28,v2868896963,https://www.twitch.tv/videos/2868896963
2026-09-08 12:00:45 PM,12:01:18 PM,33,v2868897836,https://www.twitch.tv/videos/2868897836
2026-09-08 12:01:29 PM,12:02:05 PM,36,v2868898626,https://www.twitch.tv/videos/2868898626
2026-09-08 12:02:16 PM,12:02:53 PM,37,v2868899431,https://www.twitch.tv/videos/2868899431
2026-09-08 12:03:04 PM,12:03:38 PM,34,v2868900230,https://www.twitch.tv/videos/2868900230
2026-09-08 12:03:49 PM,12:04:23 PM,34,v2868900893,https://www.twitch.tv/videos/2868900893
2026-09-08 12:04:34 PM,12:05:10 PM,36,v2868901538,https://www.twitch.tv/videos/2868901538
2026-09-08 12:05:21 PM,12:05:56 PM,35,v2868902177,https://www.twitch.tv/videos/2868902177
2026-09-08 12:06:07 PM,12:06:43 PM,36,v2868902831,https://www.twitch.tv/videos/2868902831
2026-09-08 12:06:54 PM,12:07:25 PM,31,v2868903453,https://www.twitch.tv/videos/2868903453
2026-09-08 12:07:35 PM,12:08:06 PM,31,v2868903992,https://www.twitch.tv/videos/2868903992
2026-09-08 12:08:17 PM,12:08:47 PM,30,v2868904546,https://www.twitch.tv/videos/2868904546
2026-09-08 12:08:58 PM,12:09:28 PM,30,v2868905070,https://www.twitch.tv/videos/2868905070
2026-09-08 12:09:39 PM,12:10:09 PM,30,v2868905634,https://www.twitch.tv/videos/2868905634
2026-09-08 12:10:19 PM,12:10:49 PM,30,v2868906202,https://www.twitch.tv/videos/2868906202
2026-09-08 12:11:00 PM,12:11:35 PM,35,v2868906740,https://www.twitch.tv/videos/2868906740
2026-09-08 12:11:46 PM,12:12:22 PM,36,v2868907329,https://www.twitch.tv/videos/2868907329
2026-09-08 12:12:33 PM,12:13:09 PM,36,v2868907926,https://www.twitch.tv/videos/2868907926
2026-09-08 12:13:19 PM,12:13:58 PM,39,v2868908500,https://www.twitch.tv/videos/2868908500
2026-09-08 12:14:09 PM,12:14:48 PM,39,v2868909117,https://www.twitch.tv/videos/2868909117
2026-09-08 12:14:59 PM,12:15:41 PM,42,v2868909698,https://www.twitch.tv/videos/2868909698
2026-09-08 12:15:52 PM,12:16:34 PM,42,v2868910390,https://www.twitch.tv/videos/2868910390
2026-09-08 12:16:45 PM,12:17:27 PM,42,v2868911097,https://www.twitch.tv/videos/2868911097
2026-09-08 12:17:38 PM,12:18:27 PM,49,v2868911775,https://www.twitch.tv/videos/2868911775
2026-09-08 12:18:38 PM,12:19:31 PM,53,v2868912502,https://www.twitch.tv/videos/2868912502
2026-09-08 12:19:43 PM,12:20:36 PM,53,v2868913256,https://www.twitch.tv/videos/2868913256
2026-09-08 12:20:47 PM,12:21:48 PM,61,v2868914008,https://www.twitch.tv/videos/2868914008
2026-09-08 12:22:00 PM,12:23:01 PM,61,v2868914874,https://www.twitch.tv/videos/2868914874
2026-09-08 12:23:12 PM,12:24:22 PM,70,v2868915786,https://www.twitch.tv/videos/2868915786
2026-09-08 12:24:34 PM,12:25:40 PM,66,v2868916788,https://www.twitch.tv/videos/2868916788
2026-09-08 12:25:53 PM,12:27:09 PM,76,v2868917657,https://www.twitch.tv/videos/2868917657
2026-09-08 12:27:21 PM,12:28:34 PM,73,v2868918725,https://www.twitch.tv/videos/2868918725
2026-09-08 12:28:47 PM,12:30:01 PM,74,v2868919721,https://www.twitch.tv/videos/2868919721
2026-09-08 12:30:13 PM,12:31:23 PM,70,v2868920819,https://www.twitch.tv/videos/2868920819
2026-09-08 12:31:35 PM,12:32:45 PM,70,v2868921989,https://www.twitch.tv/videos/2868921989
2026-09-08 12:32:57 PM,12:34:14 PM,77,v2868923021,https://www.twitch.tv/videos/2868923021
2026-09-08 12:34:25 PM,12:35:33 PM,68,v2868924104,https://www.twitch.tv/videos/2868924104
2026-09-08 12:35:45 PM,12:36:55 PM,70,v2868925027,https://www.twitch.tv/videos/2868925027
2026-09-08 12:37:07 PM,12:38:17 PM,70,v2868926015,https://www.twitch.tv/videos/2868926015
2026-09-08 12:38:29 PM,12:39:45 PM,76,v2868927071,https://www.twitch.tv/videos/2868927071
2026-09-08 12:39:57 PM,12:41:15 PM,78,v2868928027,https://www.twitch.tv/videos/2868928027
2026-09-08 12:41:27 PM,12:42:41 PM,74,v2868929081,https://www.twitch.tv/videos/2868929081
2026-09-08 12:42:54 PM,12:44:08 PM,74,v2868930070,https://www.twitch.tv/videos/2868930070
2026-09-08 12:44:21 PM,12:45:49 PM,88,v2868931053,https://www.twitch.tv/videos/2868931053
2026-09-08 12:46:02 PM,12:47:39 PM,97,v2868932282,https://www.twitch.tv/videos/2868932282
2026-09-08 12:47:52 PM,12:49:24 PM,92,v2868933560,https://www.twitch.tv/videos/2868933560
2026-09-08 12:49:37 PM,12:51:06 PM,89,v2868934643,https://www.twitch.tv/videos/2868934643
2026-09-08 12:51:18 PM,12:52:29 PM,71,v2868935765,https://www.twitch.tv/videos/2868935765
2026-09-08 12:52:41 PM,12:53:55 PM,74,v2868936732,https://www.twitch.tv/videos/2868936732
2026-09-08 12:54:06 PM,12:55:04 PM,58,v2868937685,https://www.twitch.tv/videos/2868937685
2026-09-08 12:55:15 PM,12:56:00 PM,45,v2868938518,https://www.twitch.tv/videos/2868938518
2026-09-08 12:56:11 PM,12:56:57 PM,46,v2868939198,https://www.twitch.tv/videos/2868939198
2026-09-08 12:57:08 PM,12:57:48 PM,40,v2868939840,https://www.twitch.tv/videos/2868939840
2026-09-08 12:57:59 PM,12:58:39 PM,40,v2868940467,https://www.twitch.tv/videos/2868940467
2026-09-08 12:58:50 PM,12:59:32 PM,42,v2868941112,https://www.twitch.tv/videos/2868941112
2026-09-08 12:59:43 PM,01:00:24 PM,41,v2868941826,https://www.twitch.tv/videos/2868941826
2026-09-08 01:00:34 PM,01:01:15 PM,41,v2868942740,https://www.twitch.tv/videos/2868942740
2026-09-08 01:01:26 PM,01:02:02 PM,36,v2868943524,https://www.twitch.tv/videos/2868943524
2026-09-08 01:02:12 PM,01:02:44 PM,32,v2868944109,https://www.twitch.tv/videos/2868944109
2026-09-08 01:02:54 PM,01:03:26 PM,32,v2868944624,https://www.twitch.tv/videos/2868944624
2026-09-08 01:03:36 PM,01:04:10 PM,34,v2868945126,https://www.twitch.tv/videos/2868945126
2026-09-08 01:04:21 PM,01:04:55 PM,34,v2868945694,https://www.twitch.tv/videos/2868945694
2026-09-08 01:05:07 PM,01:05:40 PM,33,v2868946239,https://www.twitch.tv/videos/2868946239
2026-09-08 01:05:50 PM,01:06:20 PM,30,v2868946788,https://www.twitch.tv/videos/2868946788
2026-09-08 01:06:31 PM,01:07:02 PM,31,v2868947276,https://www.twitch.tv/videos/2868947276
2026-09-08 01:07:12 PM,01:07:41 PM,29,v2868947768,https://www.twitch.tv/videos/2868947768
2026-09-08 01:07:52 PM,01:08:22 PM,30,v2868948212,https://www.twitch.tv/videos/2868948212
2026-09-08 01:08:32 PM,01:09:01 PM,29,v2868948703,https://www.twitch.tv/videos/2868948703
2026-09-08 01:09:12 PM,01:09:41 PM,29,v2868949156,https://www.twitch.tv/videos/2868949156
2026-09-08 01:09:51 PM,01:10:20 PM,29,v2868949581,https://www.twitch.tv/videos/2868949581
2026-09-08 01:10:31 PM,01:11:01 PM,30,v2868949995,https://www.twitch.tv/videos/2868949995
2026-09-08 01:11:11 PM,01:11:42 PM,31,v2868950458,https://www.twitch.tv/videos/2868950458
2026-09-08 01:11:53 PM,01:12:24 PM,31,v2868950951,https://www.twitch.tv/videos/2868950951
2026-09-08 01:12:35 PM,01:13:11 PM,36,v2868951499,https://www.twitch.tv/videos/2868951499
2026-09-08 01:13:21 PM,01:13:57 PM,36,v2868952061,https://www.twitch.tv/videos/2868952061
2026-09-08 01:14:08 PM,01:14:47 PM,39,v2868952553,https://www.twitch.tv/videos/2868952553
2026-09-08 01:14:58 PM,01:15:40 PM,42,v2868953109,https://www.twitch.tv/videos/2868953109
2026-09-08 01:15:51 PM,01:16:35 PM,44,v2868953740,https://www.twitch.tv/videos/2868953740
2026-09-08 01:16:46 PM,01:17:28 PM,42,v2868954329,https://www.twitch.tv/videos/2868954329
2026-09-08 01:17:39 PM,01:18:19 PM,40,v2868954898,https://www.twitch.tv/videos/2868954898
2026-09-08 01:18:31 PM,01:19:09 PM,38,v2868955435,https://www.twitch.tv/videos/2868955435
2026-09-08 01:19:20 PM,01:19:58 PM,38,v2868955963,https://www.twitch.tv/videos/2868955963
2026-09-08 01:20:09 PM,01:20:50 PM,41,v2868956530,https://www.twitch.tv/videos/2868956530
2026-09-08 01:21:01 PM,01:21:40 PM,39,v2868957104,https://www.twitch.tv/videos/2868957104
2026-09-08 01:21:50 PM,01:22:29 PM,39,v2868957670,https://www.twitch.tv/videos/2868957670
2026-09-08 01:22:40 PM,01:23:18 PM,38,v2868958202,https://www.twitch.tv/videos/2868958202
2026-09-08 01:23:30 PM,01:24:06 PM,36,v2868958687,https://www.twitch.tv/videos/2868958687
2026-09-08 01:24:16 PM,01:24:53 PM,37,v2868959186,https://www.twitch.tv/videos/2868959186
2026-09-08 01:25:04 PM,01:25:40 PM,36,v2868959700,https://www.twitch.tv/videos/2868959700
2026-09-08 01:25:51 PM,01:26:27 PM,36,v2868960216,https://www.twitch.tv/videos/2868960216
2026-09-08 01:26:38 PM,01:27:23 PM,45,v2868960737,https://www.twitch.tv/videos/2868960737
2026-09-08 01:27:34 PM,01:28:10 PM,36,v2868961400,https://www.twitch.tv/videos/2868961400
2026-09-08 01:28:21 PM,01:28:55 PM,34,v2868961935,https://www.twitch.tv/videos/2868961935
2026-09-08 01:29:05 PM,01:29:37 PM,32,v2868962399,https://www.twitch.tv/videos/2868962399
2026-09-08 01:29:48 PM,01:30:20 PM,32,v2868962880,https://www.twitch.tv/videos/2868962880
2026-09-08 01:30:31 PM,01:31:05 PM,34,v2868963358,https://www.twitch.tv/videos/2868963358
2026-09-08 01:31:16 PM,01:31:50 PM,34,v2868963903,https://www.twitch.tv/videos/2868963903
2026-09-08 01:32:00 PM,01:32:33 PM,33,v2868964439,https://www.twitch.tv/videos/2868964439
2026-09-08 01:32:43 PM,01:33:08 PM,25,v2868964925,https://www.twitch.tv/videos/2868964925
2026-09-08 01:33:18 PM,01:33:42 PM,24,v2868965306,https://www.twitch.tv/videos/2868965306
2026-09-08 01:33:52 PM,01:34:15 PM,23,v2868965688,https://www.twitch.tv/videos/2868965688
2026-09-08 01:34:26 PM,01:34:49 PM,23,v2868966083,https://www.twitch.tv/videos/2868966083
2026-09-08 01:34:59 PM,01:35:24 PM,25,v2868966454,https://www.twitch.tv/videos/2868966454
2026-09-08 01:35:34 PM,01:35:57 PM,23,v2868966847,https://www.twitch.tv/videos/2868966847
2026-09-08 01:36:07 PM,01:36:28 PM,21,v2868967178,https://www.twitch.tv/videos/2868967178
2026-09-08 01:36:38 PM,01:36:59 PM,21,v2868967523,https://www.twitch.tv/videos/2868967523
2026-09-08 01:37:10 PM,01:37:32 PM,22,v2868967856,https://www.twitch.tv/videos/2868967856
2026-09-08 01:37:42 PM,01:38:05 PM,23,v2868968194,https://www.twitch.tv/videos/2868968194
2026-09-08 01:38:16 PM,01:38:41 PM,25,v2868968541,https://www.twitch.tv/videos/2868968541
2026-09-08 01:38:51 PM,01:39:15 PM,24,v2868968932,https://www.twitch.tv/videos/2868968932
2026-09-08 01:39:26 PM,01:39:50 PM,24,v2868969359,https://www.twitch.tv/videos/2868969359
2026-09-08 01:40:00 PM,01:40:26 PM,26,v2868969744,https://www.twitch.tv/videos/2868969744
2026-09-08 01:40:37 PM,01:41:03 PM,26,v2868970123,https://www.twitch.tv/videos/2868970123
2026-09-08 01:41:13 PM,01:41:40 PM,27,v2868970559,https://www.twitch.tv/videos/2868970559
2026-09-08 01:41:51 PM,01:42:20 PM,29,v2868970934,https://www.twitch.tv/videos/2868970934
2026-09-08 01:42:31 PM,01:43:03 PM,32,v2868971347,https://www.twitch.tv/videos/2868971347
2026-09-08 01:43:14 PM,01:43:48 PM,34,v2868971797,https://www.twitch.tv/videos/2868971797
2026-09-08 01:43:59 PM,01:44:32 PM,33,v2868972205,https://www.twitch.tv/videos/2868972205
2026-09-08 01:44:43 PM,01:45:15 PM,32,v2868972676,https://www.twitch.tv/videos/2868972676
2026-09-08 01:45:26 PM,01:45:59 PM,33,v2868973124,https://www.twitch.tv/videos/2868973124
2026-09-08 01:46:10 PM,01:46:44 PM,34,v2868973587,https://www.twitch.tv/videos/2868973587
2026-09-08 01:46:54 PM,01:47:26 PM,32,v2868974088,https://www.twitch.tv/videos/2868974088
2026-09-08 01:47:37 PM,01:48:11 PM,34,v2868974594,https://www.twitch.tv/videos/2868974594
2026-09-08 01:48:22 PM,01:48:56 PM,34,v2868975095,https://www.twitch.tv/videos/2868975095
2026-09-08 01:49:06 PM,01:49:37 PM,31,v2868975544,https://www.twitch.tv/videos/2868975544
2026-09-08 01:49:48 PM,01:50:19 PM,31,v2868975982,https://www.twitch.tv/videos/2868975982
2026-09-08 01:50:30 PM,01:50:59 PM,29,v2868976451,https://www.twitch.tv/videos/2868976451
2026-09-08 01:51:10 PM,01:51:39 PM,29,v2868976857,https://www.twitch.tv/videos/2868976857
2026-09-08 01:51:49 PM,01:52:18 PM,29,v2868977294,https://www.twitch.tv/videos/2868977294
2026-09-08 01:52:29 PM,01:53:01 PM,32,v2868977717,https://www.twitch.tv/videos/2868977717
2026-09-08 01:53:11 PM,01:53:43 PM,32,v2868978198,https://www.twitch.tv/videos/2868978198
2026-09-08 01:53:54 PM,01:54:29 PM,35,v2868978668,https://www.twitch.tv/videos/2868978668
2026-09-08 01:54:40 PM,01:55:14 PM,34,v2868979185,https://www.twitch.tv/videos/2868979185
2026-09-08 01:55:25 PM,01:55:59 PM,34,v2868979719,https://www.twitch.tv/videos/2868979719
2026-09-08 01:56:10 PM,01:56:46 PM,36,v2868980269,https://www.twitch.tv/videos/2868980269
2026-09-08 01:56:56 PM,01:57:30 PM,34,v2868980773,https://www.twitch.tv/videos/2868980773
2026-09-08 01:57:41 PM,01:58:06 PM,25,v2868981434,https://www.twitch.tv/videos/2868981434
2026-09-08 01:58:25 PM,01:58:42 PM,17,v2868981841,https://www.twitch.tv/videos/2868981841
2026-09-08 02:03:11 PM,02:03:26 PM,15,v2868986026,https://www.twitch.tv/videos/2868986026
2026-09-08 02:03:36 PM,02:03:51 PM,15,v2868986333,https://www.twitch.tv/videos/2868986333
2026-09-08 02:04:01 PM,02:04:16 PM,15,v2868986660,https://www.twitch.tv/videos/2868986660
2026-09-08 02:04:25 PM,02:04:40 PM,15,v2868986984,https://www.twitch.tv/videos/2868986984
2026-09-08 02:04:50 PM,02:05:12 PM,22,v2868987261,https://www.twitch.tv/videos/2868987261
2026-09-08 02:05:22 PM,02:05:44 PM,22,v2868987615,https://www.twitch.tv/videos/2868987615
2026-09-08 02:05:54 PM,02:06:16 PM,22,v2868987998,https://www.twitch.tv/videos/2868987998
2026-09-08 02:06:26 PM,02:06:58 PM,32,v2868988397,https://www.twitch.tv/videos/2868988397
2026-09-08 02:07:08 PM,02:07:40 PM,32,v2868988924,https://www.twitch.tv/videos/2868988924
2026-09-08 02:07:51 PM,02:08:30 PM,39,v2868989452,https://www.twitch.tv/videos/2868989452
2026-09-08 02:08:41 PM,02:09:20 PM,39,v2868990083,https://www.twitch.tv/videos/2868990083
2026-09-08 02:09:30 PM,02:10:19 PM,49,v2868990724,https://www.twitch.tv/videos/2868990724
2026-09-08 02:10:30 PM,02:11:19 PM,49,v2868991400,https://www.twitch.tv/videos/2868991400
2026-09-08 02:11:30 PM,02:12:31 PM,61,v2868992108,https://www.twitch.tv/videos/2868992108
2026-09-08 02:12:43 PM,02:13:50 PM,67,v2868992895,https://www.twitch.tv/videos/2868992895
2026-09-08 02:14:02 PM,02:15:06 PM,64,v2868993781,https://www.twitch.tv/videos/2868993781
2026-09-08 02:15:18 PM,02:16:21 PM,63,v2868994726,https://www.twitch.tv/videos/2868994726
2026-09-08 02:16:32 PM,02:17:35 PM,63,v2868995627,https://www.twitch.tv/videos/2868995627
2026-09-08 02:17:47 PM,02:18:49 PM,62,v2868996499,https://www.twitch.tv/videos/2868996499
2026-09-08 02:19:00 PM,02:19:51 PM,51,v2868997276,https://www.twitch.tv/videos/2868997276
2026-09-08 02:20:02 PM,02:20:46 PM,44,v2868997991,https://www.twitch.tv/videos/2868997991
2026-09-08 02:20:57 PM,02:21:31 PM,34,v2868998595,https://www.twitch.tv/videos/2868998595
2026-09-08 02:21:42 PM,02:22:17 PM,35,v2868999095,https://www.twitch.tv/videos/2868999095
2026-09-08 02:22:27 PM,02:23:02 PM,35,v2868999624,https://www.twitch.tv/videos/2868999624
2026-09-08 02:23:12 PM,02:23:51 PM,39,v2869000132,https://www.twitch.tv/videos/2869000132
2026-09-08 02:24:02 PM,02:24:36 PM,34,v2869000661,https://www.twitch.tv/videos/2869000661
2026-09-08 02:24:47 PM,02:25:19 PM,32,v2869001150,https://www.twitch.tv/videos/2869001150
2026-09-08 02:25:29 PM,02:26:01 PM,32,v2869001624,https://www.twitch.tv/videos/2869001624
2026-09-08 02:26:12 PM,02:26:44 PM,32,v2869002072,https://www.twitch.tv/videos/2869002072
2026-09-08 02:26:56 PM,02:27:40 PM,44,v2869002518,https://www.twitch.tv/videos/2869002518
2026-09-08 02:27:51 PM,02:28:39 PM,48,v2869003134,https://www.twitch.tv/videos/2869003134
2026-09-08 02:28:49 PM,02:29:37 PM,48,v2869003822,https://www.twitch.tv/videos/2869003822
2026-09-08 02:29:49 PM,02:30:36 PM,47,v2869004512,https://www.twitch.tv/videos/2869004512
2026-09-08 02:30:48 PM,02:31:37 PM,49,v2869005278,https://www.twitch.tv/videos/2869005278
2026-09-08 02:31:48 PM,02:32:37 PM,49,v2869006054,https://www.twitch.tv/videos/2869006054
2026-09-08 02:32:49 PM,02:33:49 PM,60,v2869006821,https://www.twitch.tv/videos/2869006821
2026-09-08 02:34:01 PM,02:35:01 PM,60,v2869007636,https://www.twitch.tv/videos/2869007636
2026-09-08 02:35:12 PM,02:36:15 PM,63,v2869008429,https://www.twitch.tv/videos/2869008429
2026-09-08 02:36:27 PM,02:37:33 PM,66,v2869009307,https://www.twitch.tv/videos/2869009307
2026-09-08 02:37:45 PM,02:38:43 PM,58,v2869010206,https://www.twitch.tv/videos/2869010206
2026-09-08 02:38:55 PM,02:39:50 PM,55,v2869010991,https://www.twitch.tv/videos/2869010991
2026-09-08 02:40:01 PM,02:40:56 PM,55,v2869011746,https://www.twitch.tv/videos/2869011746
2026-09-08 02:41:08 PM,02:42:11 PM,63,v2869012495,https://www.twitch.tv/videos/2869012495
2026-09-08 02:42:22 PM,02:43:23 PM,61,v2869013266,https://www.twitch.tv/videos/2869013266
2026-09-08 02:43:35 PM,02:44:36 PM,61,v2869014057,https://www.twitch.tv/videos/2869014057
2026-09-08 02:44:47 PM,02:45:46 PM,59,v2869014817,https://www.twitch.tv/videos/2869014817
2026-09-08 02:45:57 PM,02:46:58 PM,61,v2869015585,https://www.twitch.tv/videos/2869015585
2026-09-08 02:47:10 PM,02:48:12 PM,62,v2869016385,https://www.twitch.tv/videos/2869016385
2026-09-08 02:48:23 PM,02:49:24 PM,61,v2869017147,https://www.twitch.tv/videos/2869017147
2026-09-08 02:49:37 PM,02:50:46 PM,69,v2869017955,https://www.twitch.tv/videos/2869017955
2026-09-08 02:50:58 PM,02:52:07 PM,69,v2869018879,https://www.twitch.tv/videos/2869018879
2026-09-08 02:52:19 PM,02:53:37 PM,78,v2869019757,https://www.twitch.tv/videos/2869019757
2026-09-08 02:53:50 PM,02:55:14 PM,84,v2869020786,https://www.twitch.tv/videos/2869020786
2026-09-08 02:55:26 PM,02:56:44 PM,78,v2869021976,https://www.twitch.tv/videos/2869021976
2026-09-08 02:56:59 PM,02:58:07 PM,68,v2869023132,https://www.twitch.tv/videos/2869023132
2026-09-08 02:58:19 PM,02:59:28 PM,69,v2869024171,https://www.twitch.tv/videos/2869024171
2026-09-08 02:59:41 PM,03:00:50 PM,69,v2869025245,https://www.twitch.tv/videos/2869025245
2026-09-08 03:01:02 PM,03:02:14 PM,72,v2869026764,https://www.twitch.tv/videos/2869026764
2026-09-08 03:02:25 PM,03:03:37 PM,72,v2869027954,https://www.twitch.tv/videos/2869027954
2026-09-08 03:03:49 PM,03:05:08 PM,79,v2869029079,https://www.twitch.tv/videos/2869029079
2026-09-08 03:05:20 PM,03:06:31 PM,71,v2869030276,https://www.twitch.tv/videos/2869030276
2026-09-08 03:06:44 PM,03:07:53 PM,69,v2869031259,https://www.twitch.tv/videos/2869031259
2026-09-08 03:08:04 PM,03:09:13 PM,69,v2869032288,https://www.twitch.tv/videos/2869032288
2026-09-08 03:09:25 PM,03:10:32 PM,67,v2869033178,https://www.twitch.tv/videos/2869033178
2026-09-08 03:10:44 PM,03:11:47 PM,63,v2869034071,https://www.twitch.tv/videos/2869034071
2026-09-08 03:11:58 PM,03:13:00 PM,62,v2869035024,https://www.twitch.tv/videos/2869035024
2026-09-08 03:13:12 PM,03:14:14 PM,62,v2869035902,https://www.twitch.tv/videos/2869035902
2026-09-08 03:14:26 PM,03:15:33 PM,67,v2869036761,https://www.twitch.tv/videos/2869036761
2026-09-08 03:15:45 PM,03:16:49 PM,64,v2869037681,https://www.twitch.tv/videos/2869037681
2026-09-08 03:17:00 PM,03:17:59 PM,59,v2869038568,https://www.twitch.tv/videos/2869038568
2026-09-08 03:18:11 PM,03:19:11 PM,60,v2869039413,https://www.twitch.tv/videos/2869039413
2026-09-08 03:19:22 PM,03:20:22 PM,60,v2869040277,https://www.twitch.tv/videos/2869040277
2026-09-08 03:20:34 PM,03:21:34 PM,60,v2869041088,https://www.twitch.tv/videos/2869041088
2026-09-08 03:21:46 PM,03:22:54 PM,68,v2869041944,https://www.twitch.tv/videos/2869041944
2026-09-08 03:23:06 PM,03:24:14 PM,68,v2869042819,https://www.twitch.tv/videos/2869042819
2026-09-08 03:24:25 PM,03:25:36 PM,71,v2869043714,https://www.twitch.tv/videos/2869043714
2026-09-08 03:25:48 PM,03:26:55 PM,67,v2869044732,https://www.twitch.tv/videos/2869044732
2026-09-08 03:27:07 PM,03:28:14 PM,67,v2869045683,https://www.twitch.tv/videos/2869045683
2026-09-08 03:28:25 PM,03:29:19 PM,54,v2869046618,https://www.twitch.tv/videos/2869046618
2026-09-08 03:29:31 PM,03:30:23 PM,52,v2869047360,https://www.twitch.tv/videos/2869047360
2026-09-08 03:30:34 PM,03:31:17 PM,43,v2869048210,https://www.twitch.tv/videos/2869048210
2026-09-08 03:31:28 PM,03:32:03 PM,35,v2869048956,https://www.twitch.tv/videos/2869048956
2026-09-08 03:32:14 PM,03:32:45 PM,31,v2869049544,https://www.twitch.tv/videos/2869049544
2026-09-08 03:32:55 PM,03:33:25 PM,30,v2869050061,https://www.twitch.tv/videos/2869050061
2026-09-08 03:33:36 PM,03:34:02 PM,26,v2869050544,https://www.twitch.tv/videos/2869050544
2026-09-08 03:34:12 PM,03:34:33 PM,21,v2869050962,https://www.twitch.tv/videos/2869050962
2026-09-08 03:34:43 PM,03:35:04 PM,21,v2869051338,https://www.twitch.tv/videos/2869051338
2026-09-08 03:35:15 PM,03:35:34 PM,19,v2869051726,https://www.twitch.tv/videos/2869051726
2026-09-08 03:35:45 PM,03:36:05 PM,20,v2869052096,https://www.twitch.tv/videos/2869052096
2026-09-08 03:36:15 PM,03:36:34 PM,19,v2869052451,https://www.twitch.tv/videos/2869052451
2026-09-08 03:36:44 PM,03:37:03 PM,19,v2869052746,https://www.twitch.tv/videos/2869052746
2026-09-08 03:37:13 PM,03:37:32 PM,19,v2869053116,https://www.twitch.tv/videos/2869053116
2026-09-08 03:37:42 PM,03:38:04 PM,22,v2869053464,https://www.twitch.tv/videos/2869053464
2026-09-08 03:38:14 PM,03:38:36 PM,22,v2869053808,https://www.twitch.tv/videos/2869053808
2026-09-08 03:38:47 PM,03:39:15 PM,28,v2869054196,https://www.twitch.tv/videos/2869054196
2026-09-08 03:39:25 PM,03:39:53 PM,28,v2869054671,https://www.twitch.tv/videos/2869054671
2026-09-08 03:40:04 PM,03:40:36 PM,32,v2869055132,https://www.twitch.tv/videos/2869055132
2026-09-08 03:40:47 PM,03:41:19 PM,32,v2869055641,https://www.twitch.tv/videos/2869055641
2026-09-08 03:41:29 PM,03:42:04 PM,35,v2869056134,https://www.twitch.tv/videos/2869056134
2026-09-08 03:42:15 PM,03:42:51 PM,36,v2869056668,https://www.twitch.tv/videos/2869056668
2026-09-08 03:43:02 PM,03:43:38 PM,36,v2869057189,https://www.twitch.tv/videos/2869057189
2026-09-08 03:43:49 PM,03:44:25 PM,36,v2869057694,https://www.twitch.tv/videos/2869057694
2026-09-08 03:44:35 PM,03:45:13 PM,38,v2869058230,https://www.twitch.tv/videos/2869058230
2026-09-08 03:45:24 PM,03:46:02 PM,38,v2869058794,https://www.twitch.tv/videos/2869058794
2026-09-08 03:46:13 PM,03:46:51 PM,38,v2869059399,https://www.twitch.tv/videos/2869059399
2026-09-08 03:47:02 PM,03:47:38 PM,36,v2869060025,https://www.twitch.tv/videos/2869060025
2026-09-08 03:47:49 PM,03:48:20 PM,31,v2869060562,https://www.twitch.tv/videos/2869060562
2026-09-08 03:48:30 PM,03:48:57 PM,27,v2869061060,https://www.twitch.tv/videos/2869061060
2026-09-08 03:49:08 PM,03:49:34 PM,26,v2869061506,https://www.twitch.tv/videos/2869061506
2026-09-08 03:49:45 PM,03:50:10 PM,25,v2869061952,https://www.twitch.tv/videos/2869061952
2026-09-08 03:50:20 PM,03:50:45 PM,25,v2869062372,https://www.twitch.tv/videos/2869062372
2026-09-08 03:50:55 PM,03:51:18 PM,23,v2869062781,https://www.twitch.tv/videos/2869062781
2026-09-08 03:51:28 PM,03:51:49 PM,21,v2869063192,https://www.twitch.tv/videos/2869063192
2026-09-08 03:52:00 PM,03:52:21 PM,21,v2869063568,https://www.twitch.tv/videos/2869063568
2026-09-08 03:52:32 PM,03:52:55 PM,23,v2869063938,https://www.twitch.tv/videos/2869063938
2026-09-08 03:53:05 PM,03:53:28 PM,23,v2869064377,https://www.twitch.tv/videos/2869064377
2026-09-08 03:53:39 PM,03:54:03 PM,24,v2869064789,https://www.twitch.tv/videos/2869064789
2026-09-08 03:54:13 PM,03:54:36 PM,23,v2869065268,https://www.twitch.tv/videos/2869065268
2026-09-08 03:54:47 PM,03:55:10 PM,23,v2869065694,https://www.twitch.tv/videos/2869065694
2026-09-08 03:55:21 PM,03:55:45 PM,24,v2869066175,https://www.twitch.tv/videos/2869066175
2026-09-08 03:55:55 PM,03:56:19 PM,24,v2869066637,https://www.twitch.tv/videos/2869066637
2026-09-08 03:56:30 PM,03:56:56 PM,26,v2869067129,https://www.twitch.tv/videos/2869067129
2026-09-08 03:57:06 PM,03:57:30 PM,24,v2869067640,https://www.twitch.tv/videos/2869067640
2026-09-08 03:57:40 PM,03:58:04 PM,24,v2869068087,https://www.twitch.tv/videos/2869068087
2026-09-08 03:58:14 PM,03:58:39 PM,25,v2869068561,https://www.twitch.tv/videos/2869068561
2026-09-08 03:58:50 PM,03:59:16 PM,26,v2869069063,https://www.twitch.tv/videos/2869069063
2026-09-08 03:59:26 PM,03:59:52 PM,26,v2869069607,https://www.twitch.tv/videos/2869069607
2026-09-08 04:00:02 PM,04:00:30 PM,28,v2869070319,https://www.twitch.tv/videos/2869070319
2026-09-08 04:00:41 PM,04:01:07 PM,26,v2869071220,https://www.twitch.tv/videos/2869071220
2026-09-08 04:01:17 PM,04:01:43 PM,26,v2869071956,https://www.twitch.tv/videos/2869071956
2026-09-08 04:01:54 PM,04:02:21 PM,27,v2869072568,https://www.twitch.tv/videos/2869072568
2026-09-08 04:02:32 PM,04:02:59 PM,27,v2869073184,https://www.twitch.tv/videos/2869073184
2026-09-08 04:03:09 PM,04:03:40 PM,31,v2869073736,https://www.twitch.tv/videos/2869073736
2026-09-08 04:03:52 PM,04:04:22 PM,30,v2869074354,https://www.twitch.tv/videos/2869074354
2026-09-08 04:04:32 PM,04:05:02 PM,30,v2869074911,https://www.twitch.tv/videos/2869074911
2026-09-08 04:05:13 PM,04:05:43 PM,30,v2869075455,https://www.twitch.tv/videos/2869075455
2026-09-08 04:05:53 PM,04:06:23 PM,30,v2869076016,https://www.twitch.tv/videos/2869076016
2026-09-08 04:06:33 PM,04:07:03 PM,30,v2869076608,https://www.twitch.tv/videos/2869076608
2026-09-08 04:07:13 PM,04:07:45 PM,32,v2869077177,https://www.twitch.tv/videos/2869077177
2026-09-08 04:07:56 PM,04:08:27 PM,31,v2869077751,https://www.twitch.tv/videos/2869077751
2026-09-08 04:08:38 PM,04:09:07 PM,29,v2869078309,https://www.twitch.tv/videos/2869078309
2026-09-08 04:09:18 PM,04:09:48 PM,30,v2869078843,https://www.twitch.tv/videos/2869078843
2026-09-08 04:09:58 PM,04:10:26 PM,28,v2869079392,https://www.twitch.tv/videos/2869079392
2026-09-08 04:10:37 PM,04:11:05 PM,28,v2869079866,https://www.twitch.tv/videos/2869079866
2026-09-08 04:11:15 PM,04:11:40 PM,25,v2869080373,https://www.twitch.tv/videos/2869080373
2026-09-08 04:11:50 PM,04:12:15 PM,25,v2869080823,https://www.twitch.tv/videos/2869080823
2026-09-08 04:12:25 PM,04:12:52 PM,27,v2869081272,https://www.twitch.tv/videos/2869081272
2026-09-08 04:13:03 PM,04:13:28 PM,25,v2869081733,https://www.twitch.tv/videos/2869081733
2026-09-08 04:13:38 PM,04:14:04 PM,26,v2869082220,https://www.twitch.tv/videos/2869082220
2026-09-08 04:14:15 PM,04:14:41 PM,26,v2869082695,https://www.twitch.tv/videos/2869082695
2026-09-08 04:14:51 PM,04:15:15 PM,24,v2869083174,https://www.twitch.tv/videos/2869083174
2026-09-08 04:15:25 PM,04:15:49 PM,24,v2869083611,https://www.twitch.tv/videos/2869083611
2026-09-08 04:15:59 PM,04:16:24 PM,25,v2869084051,https://www.twitch.tv/videos/2869084051
2026-09-08 04:16:35 PM,04:16:59 PM,24,v2869084497,https://www.twitch.tv/videos/2869084497
2026-09-08 04:17:09 PM,04:17:33 PM,24,v2869085000,https://www.twitch.tv/videos/2869085000
2026-09-08 04:17:43 PM,04:18:07 PM,24,v2869085430,https://www.twitch.tv/videos/2869085430
2026-09-08 04:18:17 PM,04:18:41 PM,24,v2869085849,https://www.twitch.tv/videos/2869085849
2026-09-08 04:18:51 PM,04:19:15 PM,24,v2869086266,https://www.twitch.tv/videos/2869086266
2026-09-08 04:19:25 PM,04:19:49 PM,24,v2869086676,https://www.twitch.tv/videos/2869086676
2026-09-08 04:19:59 PM,04:20:21 PM,22,v2869087108,https://www.twitch.tv/videos/2869087108
2026-09-08 04:20:31 PM,04:20:53 PM,22,v2869087542,https://www.twitch.tv/videos/2869087542
2026-09-08 04:21:04 PM,04:21:26 PM,22,v2869087942,https://www.twitch.tv/videos/2869087942
2026-09-08 04:21:36 PM,04:22:01 PM,25,v2869088345,https://www.twitch.tv/videos/2869088345
2026-09-08 04:22:11 PM,04:22:36 PM,25,v2869088774,https://www.twitch.tv/videos/2869088774
2026-09-08 04:22:46 PM,04:23:11 PM,25,v2869089259,https://www.twitch.tv/videos/2869089259
2026-09-08 04:23:21 PM,04:23:46 PM,25,v2869089658,https://www.twitch.tv/videos/2869089658
2026-09-08 04:23:56 PM,04:24:21 PM,25,v2869090087,https://www.twitch.tv/videos/2869090087
2026-09-08 04:24:31 PM,04:24:51 PM,20,v2869090533,https://www.twitch.tv/videos/2869090533
2026-09-08 04:25:01 PM,04:25:21 PM,20,v2869090905,https://www.twitch.tv/videos/2869090905
2026-09-08 04:25:32 PM,04:25:52 PM,20,v2869091310,https://www.twitch.tv/videos/2869091310
2026-09-08 04:26:02 PM,04:26:24 PM,22,v2869091714,https://www.twitch.tv/videos/2869091714
2026-09-08 04:26:34 PM,04:26:56 PM,22,v2869092111,https://www.twitch.tv/videos/2869092111
2026-09-08 04:27:06 PM,04:27:29 PM,23,v2869092557,https://www.twitch.tv/videos/2869092557
2026-09-08 04:27:39 PM,04:28:01 PM,22,v2869092965,https://www.twitch.tv/videos/2869092965
2026-09-08 04:28:12 PM,04:28:34 PM,22,v2869093401,https://www.twitch.tv/videos/2869093401
2026-09-08 04:28:44 PM,04:29:06 PM,22,v2869093852,https://www.twitch.tv/videos/2869093852
2026-09-08 04:29:16 PM,04:29:36 PM,20,v2869094311,https://www.twitch.tv/videos/2869094311
2026-09-08 04:29:47 PM,04:30:07 PM,20,v2869094749,https://www.twitch.tv/videos/2869094749
2026-09-08 04:30:17 PM,04:30:37 PM,20,v2869095190,https://www.twitch.tv/videos/2869095190
2026-09-08 04:30:48 PM,04:31:12 PM,24,v2869095630,https://www.twitch.tv/videos/2869095630
2026-09-08 04:31:22 PM,04:31:46 PM,24,v2869096107,https://www.twitch.tv/videos/2869096107
2026-09-08 04:31:56 PM,04:32:20 PM,24,v2869096564,https://www.twitch.tv/videos/2869096564
2026-09-08 04:32:31 PM,04:32:55 PM,24,v2869097045,https://www.twitch.tv/videos/2869097045
2026-09-08 04:33:05 PM,04:33:32 PM,27,v2869097475,https://www.twitch.tv/videos/2869097475
2026-09-08 04:33:42 PM,04:34:08 PM,26,v2869097989,https://www.twitch.tv/videos/2869097989
2026-09-08 04:34:19 PM,04:34:44 PM,25,v2869098470,https://www.twitch.tv/videos/2869098470
2026-09-08 04:34:54 PM,04:35:19 PM,25,v2869098934,https://www.twitch.tv/videos/2869098934
2026-09-08 04:35:30 PM,04:35:55 PM,25,v2869099394,https://www.twitch.tv/videos/2869099394
2026-09-08 04:36:05 PM,04:36:31 PM,26,v2869099866,https://www.twitch.tv/videos/2869099866
2026-09-08 04:36:42 PM,04:37:08 PM,26,v2869100363,https://www.twitch.tv/videos/2869100363
2026-09-08 04:37:18 PM,04:37:45 PM,27,v2869100844,https://www.twitch.tv/videos/2869100844
2026-09-08 04:37:56 PM,04:38:24 PM,28,v2869101350,https://www.twitch.tv/videos/2869101350
2026-09-08 04:38:35 PM,04:39:02 PM,27,v2869101818,https://www.twitch.tv/videos/2869101818
2026-09-08 04:39:12 PM,04:39:36 PM,24,v2869102255,https://www.twitch.tv/videos/2869102255
2026-09-08 04:39:46 PM,04:40:08 PM,22,v2869102656,https://www.twitch.tv/videos/2869102656
2026-09-08 04:40:18 PM,04:40:40 PM,22,v2869103070,https://www.twitch.tv/videos/2869103070
2026-09-08 04:40:50 PM,04:41:10 PM,20,v2869103466,https://www.twitch.tv/videos/2869103466
2026-09-08 04:41:21 PM,04:41:42 PM,21,v2869103829,https://www.twitch.tv/videos/2869103829
2026-09-08 04:41:53 PM,04:42:14 PM,21,v2869104215,https://www.twitch.tv/videos/2869104215
2026-09-08 04:42:25 PM,04:42:48 PM,23,v2869104593,https://www.twitch.tv/videos/2869104593
2026-09-08 04:42:58 PM,04:43:21 PM,23,v2869105007,https://www.twitch.tv/videos/2869105007
2026-09-08 04:43:30 PM,04:43:51 PM,21,v2869105394,https://www.twitch.tv/videos/2869105394
2026-09-08 04:44:02 PM,04:44:23 PM,21,v2869105773,https://www.twitch.tv/videos/2869105773
2026-09-08 04:44:34 PM,04:44:54 PM,20,v2869106170,https://www.twitch.tv/videos/2869106170
2026-09-08 04:45:05 PM,04:45:25 PM,20,v2869106570,https://www.twitch.tv/videos/2869106570
2026-09-08 04:45:35 PM,04:45:55 PM,20,v2869106953,https://www.twitch.tv/videos/2869106953
2026-09-08 04:46:06 PM,04:46:26 PM,20,v2869107314,https://www.twitch.tv/videos/2869107314
2026-09-08 04:46:36 PM,04:46:58 PM,22,v2869107691,https://www.twitch.tv/videos/2869107691
2026-09-08 04:47:08 PM,04:47:30 PM,22,v2869108068,https://www.twitch.tv/videos/2869108068
2026-09-08 04:47:40 PM,04:48:03 PM,23,v2869108477,https://www.twitch.tv/videos/2869108477
2026-09-08 04:48:14 PM,04:48:37 PM,23,v2869108917,https://www.twitch.tv/videos/2869108917
2026-09-08 04:48:47 PM,04:49:10 PM,23,v2869109301,https://www.twitch.tv/videos/2869109301
2026-09-08 04:49:21 PM,04:49:45 PM,24,v2869109727,https://www.twitch.tv/videos/2869109727
2026-09-08 04:49:55 PM,04:50:19 PM,24,v2869110168,https://www.twitch.tv/videos/2869110168
2026-09-08 04:50:30 PM,04:50:55 PM,25,v2869110622,https://www.twitch.tv/videos/2869110622
2026-09-08 04:51:06 PM,04:51:32 PM,26,v2869111100,https://www.twitch.tv/videos/2869111100
2026-09-08 04:51:42 PM,04:52:07 PM,25,v2869111568,https://www.twitch.tv/videos/2869111568
2026-09-08 04:52:17 PM,04:52:42 PM,25,v2869112052,https://www.twitch.tv/videos/2869112052
2026-09-08 04:52:53 PM,04:53:18 PM,25,v2869112518,https://www.twitch.tv/videos/2869112518
2026-09-08 04:53:29 PM,04:53:56 PM,27,v2869113001,https://www.twitch.tv/videos/2869113001
2026-09-08 04:54:07 PM,04:54:32 PM,25,v2869113458,https://www.twitch.tv/videos/2869113458
2026-09-08 04:54:43 PM,04:55:08 PM,25,v2869113939,https://www.twitch.tv/videos/2869113939
2026-09-08 04:55:18 PM,04:55:43 PM,25,v2869114455,https://www.twitch.tv/videos/2869114455
2026-09-08 04:55:54 PM,04:56:18 PM,24,v2869114988,https://www.twitch.tv/videos/2869114988
2026-09-08 04:56:28 PM,04:56:49 PM,21,v2869115533,https://www.twitch.tv/videos/2869115533
2026-09-08 04:57:00 PM,04:57:19 PM,19,v2869116019,https://www.twitch.tv/videos/2869116019
2026-09-08 04:57:28 PM,04:57:47 PM,19,v2869116434,https://www.twitch.tv/videos/2869116434
2026-09-08 04:57:57 PM,04:58:14 PM,17,v2869116843,https://www.twitch.tv/videos/2869116843
2026-09-08 04:58:25 PM,04:58:42 PM,17,v2869117262,https://www.twitch.tv/videos/2869117262
2026-09-08 04:58:52 PM,04:59:09 PM,17,v2869117647,https://www.twitch.tv/videos/2869117647
2026-09-08 04:59:19 PM,04:59:36 PM,17,v2869118099,https://www.twitch.tv/videos/2869118099
2026-09-08 04:59:47 PM,05:00:04 PM,17,v2869118544,https://www.twitch.tv/videos/2869118544
